adapter,op,sample,latencyMs
cvin,C1_create_identity,0,9.756405
cvin,C1_create_identity,1,11.233907
cvin,C1_create_identity,2,15.029128
cvin,C1_create_identity,3,13.449337
cvin,C1_create_identity,4,13.277114
cvin,C1_create_identity,5,13.728097
cvin,C1_create_identity,6,23.860856
cvin,C1_create_identity,7,13.229393
cvin,C1_create_identity,8,13.145464
cvin,C1_create_identity,9,9.492654
cvin,C1_create_identity,10,16.180742
cvin,C1_create_identity,11,13.259468
cvin,C1_create_identity,12,10.963012
cvin,C1_create_identity,13,10.659098
cvin,C1_create_identity,14,9.59074
cvin,C1_create_identity,15,10.40946
cvin,C1_create_identity,16,12.22155
cvin,C1_create_identity,17,10.426304
cvin,C1_create_identity,18,8.590053
cvin,C1_create_identity,19,9.282839
cvin,C1_create_identity,20,9.297824
cvin,C1_create_identity,21,9.777205
cvin,C1_create_identity,22,10.04225
cvin,C1_create_identity,23,10.267684
cvin,C1_create_identity,24,10.099714
cvin,C1_create_identity,25,9.507093
cvin,C1_create_identity,26,10.384884
cvin,C1_create_identity,27,10.245589
cvin,C1_create_identity,28,11.286565
cvin,C1_create_identity,29,8.806938
cvin,C2_create_with_attributes,0,29.89894
cvin,C2_create_with_attributes,1,34.67659
cvin,C2_create_with_attributes,2,22.552594
cvin,C2_create_with_attributes,3,30.125677
cvin,C2_create_with_attributes,4,22.380269
cvin,C2_create_with_attributes,5,22.415889
cvin,C2_create_with_attributes,6,22.38463
cvin,C2_create_with_attributes,7,22.827648
cvin,C2_create_with_attributes,8,23.578936
cvin,C2_create_with_attributes,9,23.109537
cvin,C2_create_with_attributes,10,22.052064
cvin,C2_create_with_attributes,11,23.618884
cvin,C2_create_with_attributes,12,24.061361
cvin,C2_create_with_attributes,13,20.391203
cvin,C2_create_with_attributes,14,24.491782
cvin,C2_create_with_attributes,15,33.361116
cvin,C2_create_with_attributes,16,23.391354
cvin,C2_create_with_attributes,17,24.527455
cvin,C2_create_with_attributes,18,22.77317
cvin,C2_create_with_attributes,19,31.344096
cvin,C2_create_with_attributes,20,22.85577
cvin,C2_create_with_attributes,21,20.547069
cvin,C2_create_with_attributes,22,22.401654
cvin,C2_create_with_attributes,23,23.493261
cvin,C2_create_with_attributes,24,22.319699
cvin,C2_create_with_attributes,25,20.669655
cvin,C2_create_with_attributes,26,20.422344
cvin,C2_create_with_attributes,27,20.980598
cvin,C2_create_with_attributes,28,30.283031
cvin,C2_create_with_attributes,29,28.193247
cvin,R1_resolve_owner,0,0.967163
cvin,R1_resolve_owner,1,1.02911
cvin,R1_resolve_owner,2,0.804939
cvin,R1_resolve_owner,3,0.690342
cvin,R1_resolve_owner,4,0.993704
cvin,R1_resolve_owner,5,0.737128
cvin,R1_resolve_owner,6,0.767656
cvin,R1_resolve_owner,7,0.711206
cvin,R1_resolve_owner,8,0.738738
cvin,R1_resolve_owner,9,0.817449
cvin,R1_resolve_owner,10,0.722954
cvin,R1_resolve_owner,11,0.924581
cvin,R1_resolve_owner,12,0.769028
cvin,R1_resolve_owner,13,0.621341
cvin,R1_resolve_owner,14,0.573085
cvin,R1_resolve_owner,15,0.891055
cvin,R1_resolve_owner,16,0.668642
cvin,R1_resolve_owner,17,0.993829
cvin,R1_resolve_owner,18,0.793365
cvin,R1_resolve_owner,19,0.79516
cvin,R1_resolve_owner,20,0.687618
cvin,R1_resolve_owner,21,1.002554
cvin,R1_resolve_owner,22,0.954665
cvin,R1_resolve_owner,23,0.923069
cvin,R1_resolve_owner,24,1.059483
cvin,R1_resolve_owner,25,0.923049
cvin,R1_resolve_owner,26,1.033874
cvin,R1_resolve_owner,27,0.93081
cvin,R1_resolve_owner,28,0.936156
cvin,R1_resolve_owner,29,0.829542
cvin,R3_resolve_document,0,4.94135
cvin,R3_resolve_document,1,4.544094
cvin,R3_resolve_document,2,4.288171
cvin,R3_resolve_document,3,7.021603
cvin,R3_resolve_document,4,4.871128
cvin,R3_resolve_document,5,4.376271
cvin,R3_resolve_document,6,5.566791
cvin,R3_resolve_document,7,4.73375
cvin,R3_resolve_document,8,4.400133
cvin,R3_resolve_document,9,4.670423
cvin,R3_resolve_document,10,4.541929
cvin,R3_resolve_document,11,4.960521
cvin,R3_resolve_document,12,4.927853
cvin,R3_resolve_document,13,4.674626
cvin,R3_resolve_document,14,4.958797
cvin,R3_resolve_document,15,6.292722
cvin,R3_resolve_document,16,4.594219
cvin,R3_resolve_document,17,4.102625
cvin,R3_resolve_document,18,4.094842
cvin,R3_resolve_document,19,4.356467
cvin,R3_resolve_document,20,4.105249
cvin,R3_resolve_document,21,4.565805
cvin,R3_resolve_document,22,4.107137
cvin,R3_resolve_document,23,4.12504
cvin,R3_resolve_document,24,4.498282
cvin,R3_resolve_document,25,6.088397
cvin,R3_resolve_document,26,4.757147
cvin,R3_resolve_document,27,4.023905
cvin,R3_resolve_document,28,3.891496
cvin,R3_resolve_document,29,4.09953
cvin,R4_verify_delegate,0,0.731328
cvin,R4_verify_delegate,1,0.773624
cvin,R4_verify_delegate,2,0.792501
cvin,R4_verify_delegate,3,0.831045
cvin,R4_verify_delegate,4,0.894404
cvin,R4_verify_delegate,5,1.38792
cvin,R4_verify_delegate,6,1.026754
cvin,R4_verify_delegate,7,1.017201
cvin,R4_verify_delegate,8,1.422138
cvin,R4_verify_delegate,9,0.827708
cvin,R4_verify_delegate,10,0.738991
cvin,R4_verify_delegate,11,0.934853
cvin,R4_verify_delegate,12,0.902855
cvin,R4_verify_delegate,13,0.887585
cvin,R4_verify_delegate,14,0.77038
cvin,R4_verify_delegate,15,0.93362
cvin,R4_verify_delegate,16,0.870569
cvin,R4_verify_delegate,17,1.23232
cvin,R4_verify_delegate,18,0.893801
cvin,R4_verify_delegate,19,1.285771
cvin,R4_verify_delegate,20,0.843298
cvin,R4_verify_delegate,21,0.833073
cvin,R4_verify_delegate,22,1.022062
cvin,R4_verify_delegate,23,1.024743
cvin,R4_verify_delegate,24,0.947227
cvin,R4_verify_delegate,25,0.880583
cvin,R4_verify_delegate,26,1.146898
cvin,R4_verify_delegate,27,1.050153
cvin,R4_verify_delegate,28,0.90537
cvin,R4_verify_delegate,29,0.745557
cvin,U1_rotate_controller,0,7.296479
cvin,U1_rotate_controller,1,6.574387
cvin,U1_rotate_controller,2,6.866808
cvin,U1_rotate_controller,3,5.161218
cvin,U1_rotate_controller,4,6.858076
cvin,U1_rotate_controller,5,6.552214
cvin,U1_rotate_controller,6,7.209884
cvin,U1_rotate_controller,7,6.921525
cvin,U1_rotate_controller,8,7.968015
cvin,U1_rotate_controller,9,9.294424
cvin,U1_rotate_controller,10,7.21316
cvin,U1_rotate_controller,11,8.730581
cvin,U1_rotate_controller,12,6.818756
cvin,U1_rotate_controller,13,7.878126
cvin,U1_rotate_controller,14,6.337451
cvin,U1_rotate_controller,15,6.718838
cvin,U1_rotate_controller,16,6.672753
cvin,U1_rotate_controller,17,9.014368
cvin,U1_rotate_controller,18,6.50869
cvin,U1_rotate_controller,19,6.69047
cvin,U1_rotate_controller,20,6.676471
cvin,U1_rotate_controller,21,6.065037
cvin,U1_rotate_controller,22,6.994215
cvin,U1_rotate_controller,23,7.019478
cvin,U1_rotate_controller,24,7.627918
cvin,U1_rotate_controller,25,6.609611
cvin,U1_rotate_controller,26,6.928648
cvin,U1_rotate_controller,27,8.404605
cvin,U1_rotate_controller,28,6.634939
cvin,U1_rotate_controller,29,9.147593
cvin,U2_add_delegate,0,6.983778
cvin,U2_add_delegate,1,5.832933
cvin,U2_add_delegate,2,7.022471
cvin,U2_add_delegate,3,7.535805
cvin,U2_add_delegate,4,7.863266
cvin,U2_add_delegate,5,6.978413
cvin,U2_add_delegate,6,6.33451
cvin,U2_add_delegate,7,9.399431
cvin,U2_add_delegate,8,14.125608
cvin,U2_add_delegate,9,7.928306
cvin,U2_add_delegate,10,7.21176
cvin,U2_add_delegate,11,7.888384
cvin,U2_add_delegate,12,7.486743
cvin,U2_add_delegate,13,6.869046
cvin,U2_add_delegate,14,6.82836
cvin,U2_add_delegate,15,6.52145
cvin,U2_add_delegate,16,6.883567
cvin,U2_add_delegate,17,6.864872
cvin,U2_add_delegate,18,6.465391
cvin,U2_add_delegate,19,6.719175
cvin,U2_add_delegate,20,7.338027
cvin,U2_add_delegate,21,6.418964
cvin,U2_add_delegate,22,8.137126
cvin,U2_add_delegate,23,6.802245
cvin,U2_add_delegate,24,8.728545
cvin,U2_add_delegate,25,9.268193
cvin,U2_add_delegate,26,6.756481
cvin,U2_add_delegate,27,6.990796
cvin,U2_add_delegate,28,7.26194
cvin,U2_add_delegate,29,6.904606
cvin,U3_set_attribute,0,5.810954
cvin,U3_set_attribute,1,7.981288
cvin,U3_set_attribute,2,8.366451
cvin,U3_set_attribute,3,7.391256
cvin,U3_set_attribute,4,7.522839
cvin,U3_set_attribute,5,7.526347
cvin,U3_set_attribute,6,10.761786
cvin,U3_set_attribute,7,7.89287
cvin,U3_set_attribute,8,7.502853
cvin,U3_set_attribute,9,9.588841
cvin,U3_set_attribute,10,7.312394
cvin,U3_set_attribute,11,7.223742
cvin,U3_set_attribute,12,8.925336
cvin,U3_set_attribute,13,7.450689
cvin,U3_set_attribute,14,7.165504
cvin,U3_set_attribute,15,7.722551
cvin,U3_set_attribute,16,7.039136
cvin,U3_set_attribute,17,8.130204
cvin,U3_set_attribute,18,7.352992
cvin,U3_set_attribute,19,10.417717
cvin,U3_set_attribute,20,9.436385
cvin,U3_set_attribute,21,7.2587
cvin,U3_set_attribute,22,7.215572
cvin,U3_set_attribute,23,7.273248
cvin,U3_set_attribute,24,7.936478
cvin,U3_set_attribute,25,7.33512
cvin,U3_set_attribute,26,7.236165
cvin,U3_set_attribute,27,6.843897
cvin,U3_set_attribute,28,7.332971
cvin,U3_set_attribute,29,6.9849
cvin,U4_transfer_vehicle,0,7.630085
cvin,U4_transfer_vehicle,1,7.948154
cvin,U4_transfer_vehicle,2,9.313617
cvin,U4_transfer_vehicle,3,5.838023
cvin,U4_transfer_vehicle,4,6.53235
cvin,U4_transfer_vehicle,5,9.336765
cvin,U4_transfer_vehicle,6,7.639325
cvin,U4_transfer_vehicle,7,6.429145
cvin,U4_transfer_vehicle,8,9.404902
cvin,U4_transfer_vehicle,9,5.876058
cvin,U4_transfer_vehicle,10,7.236646
cvin,U4_transfer_vehicle,11,8.968345
cvin,U4_transfer_vehicle,12,6.788828
cvin,U4_transfer_vehicle,13,9.545969
cvin,U4_transfer_vehicle,14,7.474037
cvin,U4_transfer_vehicle,15,8.370723
cvin,U4_transfer_vehicle,16,7.652251
cvin,U4_transfer_vehicle,17,8.746639
cvin,U4_transfer_vehicle,18,7.20254
cvin,U4_transfer_vehicle,19,6.975108
cvin,U4_transfer_vehicle,20,6.9722
cvin,U4_transfer_vehicle,21,6.860272
cvin,U4_transfer_vehicle,22,6.587892
cvin,U4_transfer_vehicle,23,7.607396
cvin,U4_transfer_vehicle,24,7.098187
cvin,U4_transfer_vehicle,25,7.190792
cvin,U4_transfer_vehicle,26,6.711751
cvin,U4_transfer_vehicle,27,7.489752
cvin,U4_transfer_vehicle,28,8.505536
cvin,U4_transfer_vehicle,29,8.416235
cvin,D1_revoke_delegate,0,8.216317
cvin,D1_revoke_delegate,1,6.958762
cvin,D1_revoke_delegate,2,6.69879
cvin,D1_revoke_delegate,3,7.612801
cvin,D1_revoke_delegate,4,7.246189
cvin,D1_revoke_delegate,5,7.370462
cvin,D1_revoke_delegate,6,8.529619
cvin,D1_revoke_delegate,7,7.60327
cvin,D1_revoke_delegate,8,6.72077
cvin,D1_revoke_delegate,9,6.47284
cvin,D1_revoke_delegate,10,8.706198
cvin,D1_revoke_delegate,11,9.266648
cvin,D1_revoke_delegate,12,8.527047
cvin,D1_revoke_delegate,13,9.049916
cvin,D1_revoke_delegate,14,6.444237
cvin,D1_revoke_delegate,15,6.379659
cvin,D1_revoke_delegate,16,6.407718
cvin,D1_revoke_delegate,17,8.261205
cvin,D1_revoke_delegate,18,8.77889
cvin,D1_revoke_delegate,19,7.736477
cvin,D1_revoke_delegate,20,7.386845
cvin,D1_revoke_delegate,21,8.175554
cvin,D1_revoke_delegate,22,7.267597
cvin,D1_revoke_delegate,23,7.480595
cvin,D1_revoke_delegate,24,8.584793
cvin,D1_revoke_delegate,25,8.099044
cvin,D1_revoke_delegate,26,7.276098
cvin,D1_revoke_delegate,27,6.758367
cvin,D1_revoke_delegate,28,6.740746
cvin,D1_revoke_delegate,29,7.648359
cvin,D2_revoke_attribute,0,8.688947
cvin,D2_revoke_attribute,1,7.681855
cvin,D2_revoke_attribute,2,7.985587
cvin,D2_revoke_attribute,3,7.977455
cvin,D2_revoke_attribute,4,9.181916
cvin,D2_revoke_attribute,5,7.812026
cvin,D2_revoke_attribute,6,7.48795
cvin,D2_revoke_attribute,7,8.313741
cvin,D2_revoke_attribute,8,7.751568
cvin,D2_revoke_attribute,9,7.928954
cvin,D2_revoke_attribute,10,8.133199
cvin,D2_revoke_attribute,11,8.375269
cvin,D2_revoke_attribute,12,7.168349
cvin,D2_revoke_attribute,13,6.920759
cvin,D2_revoke_attribute,14,7.213176
cvin,D2_revoke_attribute,15,6.957553
cvin,D2_revoke_attribute,16,7.285988
cvin,D2_revoke_attribute,17,7.884985
cvin,D2_revoke_attribute,18,13.676485
cvin,D2_revoke_attribute,19,7.637024
cvin,D2_revoke_attribute,20,8.227431
cvin,D2_revoke_attribute,21,7.412683
cvin,D2_revoke_attribute,22,7.708101
cvin,D2_revoke_attribute,23,12.140906
cvin,D2_revoke_attribute,24,7.150179
cvin,D2_revoke_attribute,25,10.933182
cvin,D2_revoke_attribute,26,7.439279
cvin,D2_revoke_attribute,27,10.432102
cvin,D2_revoke_attribute,28,9.613631
cvin,D2_revoke_attribute,29,7.120426
cvin,D3_deactivate_identity,0,7.854099
cvin,D3_deactivate_identity,1,7.4341
cvin,D3_deactivate_identity,2,8.91831
cvin,D3_deactivate_identity,3,9.995331
cvin,D3_deactivate_identity,4,7.68882
cvin,D3_deactivate_identity,5,7.933634
cvin,D3_deactivate_identity,6,10.554634
cvin,D3_deactivate_identity,7,8.172184
cvin,D3_deactivate_identity,8,6.932275
cvin,D3_deactivate_identity,9,7.179477
cvin,D3_deactivate_identity,10,7.163325
cvin,D3_deactivate_identity,11,7.314353
cvin,D3_deactivate_identity,12,7.752689
cvin,D3_deactivate_identity,13,8.090542
cvin,D3_deactivate_identity,14,8.394953
cvin,D3_deactivate_identity,15,9.223513
cvin,D3_deactivate_identity,16,9.040222
cvin,D3_deactivate_identity,17,7.303389
cvin,D3_deactivate_identity,18,8.45817
cvin,D3_deactivate_identity,19,7.881173
cvin,D3_deactivate_identity,20,8.343271
cvin,D3_deactivate_identity,21,9.446473
cvin,D3_deactivate_identity,22,7.120965
cvin,D3_deactivate_identity,23,7.910883
cvin,D3_deactivate_identity,24,7.757949
cvin,D3_deactivate_identity,25,9.569701
cvin,D3_deactivate_identity,26,9.230319
cvin,D3_deactivate_identity,27,7.754041
cvin,D3_deactivate_identity,28,11.334958
cvin,D3_deactivate_identity,29,7.426372
cvin,V1_issuer_key_anchor,0,8.535938
cvin,V1_issuer_key_anchor,1,9.97882
cvin,V1_issuer_key_anchor,2,14.506958
cvin,V1_issuer_key_anchor,3,8.868488
cvin,V1_issuer_key_anchor,4,20.085417
cvin,V1_issuer_key_anchor,5,15.21528
cvin,V1_issuer_key_anchor,6,14.535368
cvin,V1_issuer_key_anchor,7,7.743942
cvin,V1_issuer_key_anchor,8,12.335348
cvin,V1_issuer_key_anchor,9,7.580985
cvin,V1_issuer_key_anchor,10,10.167695
cvin,V1_issuer_key_anchor,11,9.502707
cvin,V1_issuer_key_anchor,12,7.719789
cvin,V1_issuer_key_anchor,13,7.99266
cvin,V1_issuer_key_anchor,14,7.20511
cvin,V1_issuer_key_anchor,15,8.870915
cvin,V1_issuer_key_anchor,16,8.582581
cvin,V1_issuer_key_anchor,17,7.81198
cvin,V1_issuer_key_anchor,18,7.998286
cvin,V1_issuer_key_anchor,19,8.558765
cvin,V1_issuer_key_anchor,20,7.3454
cvin,V1_issuer_key_anchor,21,9.222936
cvin,V1_issuer_key_anchor,22,7.668484
cvin,V1_issuer_key_anchor,23,7.72453
cvin,V1_issuer_key_anchor,24,7.772109
cvin,V1_issuer_key_anchor,25,6.124647
cvin,V1_issuer_key_anchor,26,8.97936
cvin,V1_issuer_key_anchor,27,10.273869
cvin,V1_issuer_key_anchor,28,8.391388
cvin,V1_issuer_key_anchor,29,8.800346
cvin,V3_anchor_status,0,14.097898
cvin,V3_anchor_status,1,12.498628
cvin,V3_anchor_status,2,12.011456
cvin,V3_anchor_status,3,10.97575
cvin,V3_anchor_status,4,14.615975
cvin,V3_anchor_status,5,11.844564
cvin,V3_anchor_status,6,11.640829
cvin,V3_anchor_status,7,11.073852
cvin,V3_anchor_status,8,11.74054
cvin,V3_anchor_status,9,11.711995
cvin,V3_anchor_status,10,11.235976
cvin,V3_anchor_status,11,11.633785
cvin,V3_anchor_status,12,9.773653
cvin,V3_anchor_status,13,11.066171
cvin,V3_anchor_status,14,14.250068
cvin,V3_anchor_status,15,9.04455
cvin,V3_anchor_status,16,11.784535
cvin,V3_anchor_status,17,15.632803
cvin,V3_anchor_status,18,12.246591
cvin,V3_anchor_status,19,14.630205
cvin,V3_anchor_status,20,12.99454
cvin,V3_anchor_status,21,14.993988
cvin,V3_anchor_status,22,15.16317
cvin,V3_anchor_status,23,12.401755
cvin,V3_anchor_status,24,11.268443
cvin,V3_anchor_status,25,11.44692
cvin,V3_anchor_status,26,10.802905
cvin,V3_anchor_status,27,10.884868
cvin,V3_anchor_status,28,13.559087
cvin,V3_anchor_status,29,12.600884
cvin,V5_revoke_credential,0,14.072064
cvin,V5_revoke_credential,1,13.014175
cvin,V5_revoke_credential,2,14.3935
cvin,V5_revoke_credential,3,10.954887
cvin,V5_revoke_credential,4,14.017349
cvin,V5_revoke_credential,5,12.424916
cvin,V5_revoke_credential,6,12.274933
cvin,V5_revoke_credential,7,11.836947
cvin,V5_revoke_credential,8,13.56709
cvin,V5_revoke_credential,9,16.30105
cvin,V5_revoke_credential,10,13.006548
cvin,V5_revoke_credential,11,16.604325
cvin,V5_revoke_credential,12,20.227073
cvin,V5_revoke_credential,13,14.043885
cvin,V5_revoke_credential,14,12.650978
cvin,V5_revoke_credential,15,13.71738
cvin,V5_revoke_credential,16,13.515319
cvin,V5_revoke_credential,17,13.429681
cvin,V5_revoke_credential,18,12.314044
cvin,V5_revoke_credential,19,13.346683
cvin,V5_revoke_credential,20,9.81694
cvin,V5_revoke_credential,21,14.322576
cvin,V5_revoke_credential,22,14.574216
cvin,V5_revoke_credential,23,13.089415
cvin,V5_revoke_credential,24,11.01793
cvin,V5_revoke_credential,25,10.795449
cvin,V5_revoke_credential,26,12.127249
cvin,V5_revoke_credential,27,13.083846
cvin,V5_revoke_credential,28,20.697956
cvin,V5_revoke_credential,29,11.791818
cvin,V6_status_check,0,1.295041
cvin,V6_status_check,1,1.003462
cvin,V6_status_check,2,1.073879
cvin,V6_status_check,3,0.886953
cvin,V6_status_check,4,0.806292
cvin,V6_status_check,5,0.792639
cvin,V6_status_check,6,0.849065
cvin,V6_status_check,7,1.227166
cvin,V6_status_check,8,1.103937
cvin,V6_status_check,9,0.872993
cvin,V6_status_check,10,0.833302
cvin,V6_status_check,11,0.869205
cvin,V6_status_check,12,0.988153
cvin,V6_status_check,13,1.072546
cvin,V6_status_check,14,0.916904
cvin,V6_status_check,15,1.019701
cvin,V6_status_check,16,0.827343
cvin,V6_status_check,17,0.673669
cvin,V6_status_check,18,1.245031
cvin,V6_status_check,19,1.260848
cvin,V6_status_check,20,0.881706
cvin,V6_status_check,21,0.837137
cvin,V6_status_check,22,0.888049
cvin,V6_status_check,23,0.828248
cvin,V6_status_check,24,0.904244
cvin,V6_status_check,25,0.818401
cvin,V6_status_check,26,0.822242
cvin,V6_status_check,27,0.81846
cvin,V6_status_check,28,0.912408
cvin,V6_status_check,29,0.83527
erc1056,C1_create_identity,0,11.773853
erc1056,C1_create_identity,1,11.515238
erc1056,C1_create_identity,2,11.500441
erc1056,C1_create_identity,3,8.37487
erc1056,C1_create_identity,4,9.832214
erc1056,C1_create_identity,5,10.914352
erc1056,C1_create_identity,6,8.185437
erc1056,C1_create_identity,7,10.256837
erc1056,C1_create_identity,8,9.528664
erc1056,C1_create_identity,9,9.213522
erc1056,C1_create_identity,10,8.348096
erc1056,C1_create_identity,11,7.792945
erc1056,C1_create_identity,12,8.865474
erc1056,C1_create_identity,13,8.455717
erc1056,C1_create_identity,14,8.368423
erc1056,C1_create_identity,15,8.162095
erc1056,C1_create_identity,16,15.435873
erc1056,C1_create_identity,17,9.828223
erc1056,C1_create_identity,18,11.096298
erc1056,C1_create_identity,19,7.825781
erc1056,C1_create_identity,20,12.706581
erc1056,C1_create_identity,21,13.051585
erc1056,C1_create_identity,22,10.015768
erc1056,C1_create_identity,23,11.81897
erc1056,C1_create_identity,24,19.754605
erc1056,C1_create_identity,25,10.626357
erc1056,C1_create_identity,26,14.002511
erc1056,C1_create_identity,27,10.514531
erc1056,C1_create_identity,28,7.956896
erc1056,C1_create_identity,29,8.573366
erc1056,C2_create_with_attributes,0,68.338484
erc1056,C2_create_with_attributes,1,67.18101
erc1056,C2_create_with_attributes,2,70.296344
erc1056,C2_create_with_attributes,3,72.090892
erc1056,C2_create_with_attributes,4,68.606025
erc1056,C2_create_with_attributes,5,62.887111
erc1056,C2_create_with_attributes,6,93.984567
erc1056,C2_create_with_attributes,7,75.869777
erc1056,C2_create_with_attributes,8,74.019478
erc1056,C2_create_with_attributes,9,72.683795
erc1056,C2_create_with_attributes,10,79.501174
erc1056,C2_create_with_attributes,11,84.333347
erc1056,C2_create_with_attributes,12,73.745529
erc1056,C2_create_with_attributes,13,98.562867
erc1056,C2_create_with_attributes,14,66.132492
erc1056,C2_create_with_attributes,15,69.961093
erc1056,C2_create_with_attributes,16,75.714399
erc1056,C2_create_with_attributes,17,78.945663
erc1056,C2_create_with_attributes,18,66.652392
erc1056,C2_create_with_attributes,19,67.267792
erc1056,C2_create_with_attributes,20,63.568264
erc1056,C2_create_with_attributes,21,76.861913
erc1056,C2_create_with_attributes,22,81.26194
erc1056,C2_create_with_attributes,23,70.645095
erc1056,C2_create_with_attributes,24,66.256311
erc1056,C2_create_with_attributes,25,85.126608
erc1056,C2_create_with_attributes,26,88.048744
erc1056,C2_create_with_attributes,27,78.85263
erc1056,C2_create_with_attributes,28,91.173205
erc1056,C2_create_with_attributes,29,70.915394
erc1056,R1_resolve_owner,0,0.538551
erc1056,R1_resolve_owner,1,0.656368
erc1056,R1_resolve_owner,2,0.884334
erc1056,R1_resolve_owner,3,0.963162
erc1056,R1_resolve_owner,4,0.870767
erc1056,R1_resolve_owner,5,0.968076
erc1056,R1_resolve_owner,6,1.123381
erc1056,R1_resolve_owner,7,0.864183
erc1056,R1_resolve_owner,8,0.892112
erc1056,R1_resolve_owner,9,0.701826
erc1056,R1_resolve_owner,10,0.973284
erc1056,R1_resolve_owner,11,0.658786
erc1056,R1_resolve_owner,12,0.931286
erc1056,R1_resolve_owner,13,0.902928
erc1056,R1_resolve_owner,14,0.905925
erc1056,R1_resolve_owner,15,1.633031
erc1056,R1_resolve_owner,16,0.875579
erc1056,R1_resolve_owner,17,1.302898
erc1056,R1_resolve_owner,18,0.92325
erc1056,R1_resolve_owner,19,0.870991
erc1056,R1_resolve_owner,20,0.87718
erc1056,R1_resolve_owner,21,0.858246
erc1056,R1_resolve_owner,22,0.852735
erc1056,R1_resolve_owner,23,0.950224
erc1056,R1_resolve_owner,24,0.953666
erc1056,R1_resolve_owner,25,1.100689
erc1056,R1_resolve_owner,26,0.951439
erc1056,R1_resolve_owner,27,0.904964
erc1056,R1_resolve_owner,28,0.993943
erc1056,R1_resolve_owner,29,0.862057
erc1056,R2_resolve_by_vin,0,0.574187
erc1056,R2_resolve_by_vin,1,0.735828
erc1056,R2_resolve_by_vin,2,0.547346
erc1056,R2_resolve_by_vin,3,0.491702
erc1056,R2_resolve_by_vin,4,0.550216
erc1056,R2_resolve_by_vin,5,0.924631
erc1056,R2_resolve_by_vin,6,0.555249
erc1056,R2_resolve_by_vin,7,0.737626
erc1056,R2_resolve_by_vin,8,0.574992
erc1056,R2_resolve_by_vin,9,0.737158
erc1056,R2_resolve_by_vin,10,0.811453
erc1056,R2_resolve_by_vin,11,0.713752
erc1056,R2_resolve_by_vin,12,0.557152
erc1056,R2_resolve_by_vin,13,0.765412
erc1056,R2_resolve_by_vin,14,0.560112
erc1056,R2_resolve_by_vin,15,0.511748
erc1056,R2_resolve_by_vin,16,0.754058
erc1056,R2_resolve_by_vin,17,0.984621
erc1056,R2_resolve_by_vin,18,0.744492
erc1056,R2_resolve_by_vin,19,0.634079
erc1056,R2_resolve_by_vin,20,1.058185
erc1056,R2_resolve_by_vin,21,0.627636
erc1056,R2_resolve_by_vin,22,0.726648
erc1056,R2_resolve_by_vin,23,0.730344
erc1056,R2_resolve_by_vin,24,0.860334
erc1056,R2_resolve_by_vin,25,0.941974
erc1056,R2_resolve_by_vin,26,0.841911
erc1056,R2_resolve_by_vin,27,1.177645
erc1056,R2_resolve_by_vin,28,0.991305
erc1056,R2_resolve_by_vin,29,1.686594
erc1056,R3_resolve_document,0,8.19467
erc1056,R3_resolve_document,1,7.701262
erc1056,R3_resolve_document,2,7.900941
erc1056,R3_resolve_document,3,6.938148
erc1056,R3_resolve_document,4,7.88183
erc1056,R3_resolve_document,5,10.164723
erc1056,R3_resolve_document,6,13.537169
erc1056,R3_resolve_document,7,13.083687
erc1056,R3_resolve_document,8,12.569642
erc1056,R3_resolve_document,9,9.199403
erc1056,R3_resolve_document,10,9.451279
erc1056,R3_resolve_document,11,16.080974
erc1056,R3_resolve_document,12,15.666479
erc1056,R3_resolve_document,13,9.708046
erc1056,R3_resolve_document,14,8.638379
erc1056,R3_resolve_document,15,8.842758
erc1056,R3_resolve_document,16,7.867152
erc1056,R3_resolve_document,17,8.21287
erc1056,R3_resolve_document,18,12.321865
erc1056,R3_resolve_document,19,10.845656
erc1056,R3_resolve_document,20,10.562372
erc1056,R3_resolve_document,21,12.194717
erc1056,R3_resolve_document,22,8.019664
erc1056,R3_resolve_document,23,7.247789
erc1056,R3_resolve_document,24,8.658837
erc1056,R3_resolve_document,25,7.514045
erc1056,R3_resolve_document,26,7.614535
erc1056,R3_resolve_document,27,7.435623
erc1056,R3_resolve_document,28,7.362642
erc1056,R3_resolve_document,29,9.171057
erc1056,R4_verify_delegate,0,0.733959
erc1056,R4_verify_delegate,1,0.812326
erc1056,R4_verify_delegate,2,0.677181
erc1056,R4_verify_delegate,3,1.026314
erc1056,R4_verify_delegate,4,0.954896
erc1056,R4_verify_delegate,5,1.018161
erc1056,R4_verify_delegate,6,0.866051
erc1056,R4_verify_delegate,7,0.801721
erc1056,R4_verify_delegate,8,0.592843
erc1056,R4_verify_delegate,9,0.585
erc1056,R4_verify_delegate,10,0.721667
erc1056,R4_verify_delegate,11,1.461029
erc1056,R4_verify_delegate,12,0.997713
erc1056,R4_verify_delegate,13,0.814177
erc1056,R4_verify_delegate,14,0.70581
erc1056,R4_verify_delegate,15,0.604468
erc1056,R4_verify_delegate,16,0.546768
erc1056,R4_verify_delegate,17,0.873963
erc1056,R4_verify_delegate,18,0.648716
erc1056,R4_verify_delegate,19,0.658947
erc1056,R4_verify_delegate,20,0.657783
erc1056,R4_verify_delegate,21,0.614528
erc1056,R4_verify_delegate,22,0.596035
erc1056,R4_verify_delegate,23,0.59424
erc1056,R4_verify_delegate,24,0.919261
erc1056,R4_verify_delegate,25,1.068221
erc1056,R4_verify_delegate,26,2.56778
erc1056,R4_verify_delegate,27,2.23239
erc1056,R4_verify_delegate,28,2.561887
erc1056,R4_verify_delegate,29,1.593865
erc1056,U1_rotate_controller,0,6.280801
erc1056,U1_rotate_controller,1,7.255283
erc1056,U1_rotate_controller,2,9.097035
erc1056,U1_rotate_controller,3,11.77066
erc1056,U1_rotate_controller,4,7.391081
erc1056,U1_rotate_controller,5,10.499564
erc1056,U1_rotate_controller,6,8.205333
erc1056,U1_rotate_controller,7,12.459046
erc1056,U1_rotate_controller,8,12.013104
erc1056,U1_rotate_controller,9,9.769816
erc1056,U1_rotate_controller,10,7.552308
erc1056,U1_rotate_controller,11,8.431501
erc1056,U1_rotate_controller,12,15.475273
erc1056,U1_rotate_controller,13,8.794276
erc1056,U1_rotate_controller,14,8.320217
erc1056,U1_rotate_controller,15,9.699731
erc1056,U1_rotate_controller,16,8.956204
erc1056,U1_rotate_controller,17,12.55604
erc1056,U1_rotate_controller,18,14.434288
erc1056,U1_rotate_controller,19,8.782389
erc1056,U1_rotate_controller,20,15.839096
erc1056,U1_rotate_controller,21,11.878643
erc1056,U1_rotate_controller,22,8.659703
erc1056,U1_rotate_controller,23,15.807224
erc1056,U1_rotate_controller,24,7.896213
erc1056,U1_rotate_controller,25,10.761388
erc1056,U1_rotate_controller,26,7.46413
erc1056,U1_rotate_controller,27,8.489434
erc1056,U1_rotate_controller,28,5.954705
erc1056,U1_rotate_controller,29,10.7269
erc1056,U2_add_delegate,0,6.176544
erc1056,U2_add_delegate,1,18.632218
erc1056,U2_add_delegate,2,8.348872
erc1056,U2_add_delegate,3,9.373956
erc1056,U2_add_delegate,4,8.802266
erc1056,U2_add_delegate,5,8.026901
erc1056,U2_add_delegate,6,7.661925
erc1056,U2_add_delegate,7,9.274925
erc1056,U2_add_delegate,8,7.682874
erc1056,U2_add_delegate,9,7.588629
erc1056,U2_add_delegate,10,8.401507
erc1056,U2_add_delegate,11,6.700429
erc1056,U2_add_delegate,12,8.00694
erc1056,U2_add_delegate,13,8.874829
erc1056,U2_add_delegate,14,8.95755
erc1056,U2_add_delegate,15,7.338956
erc1056,U2_add_delegate,16,7.352063
erc1056,U2_add_delegate,17,6.906054
erc1056,U2_add_delegate,18,7.409629
erc1056,U2_add_delegate,19,6.914204
erc1056,U2_add_delegate,20,6.453877
erc1056,U2_add_delegate,21,8.204932
erc1056,U2_add_delegate,22,8.595463
erc1056,U2_add_delegate,23,6.755945
erc1056,U2_add_delegate,24,6.845163
erc1056,U2_add_delegate,25,6.393982
erc1056,U2_add_delegate,26,7.028034
erc1056,U2_add_delegate,27,6.547598
erc1056,U2_add_delegate,28,6.734798
erc1056,U2_add_delegate,29,6.66995
erc1056,U3_set_attribute,0,9.180213
erc1056,U3_set_attribute,1,8.450183
erc1056,U3_set_attribute,2,7.331698
erc1056,U3_set_attribute,3,8.317221
erc1056,U3_set_attribute,4,7.366702
erc1056,U3_set_attribute,5,7.687841
erc1056,U3_set_attribute,6,6.709643
erc1056,U3_set_attribute,7,8.09023
erc1056,U3_set_attribute,8,9.620578
erc1056,U3_set_attribute,9,7.805592
erc1056,U3_set_attribute,10,9.327308
erc1056,U3_set_attribute,11,7.517122
erc1056,U3_set_attribute,12,7.630328
erc1056,U3_set_attribute,13,8.106799
erc1056,U3_set_attribute,14,7.99751
erc1056,U3_set_attribute,15,10.100418
erc1056,U3_set_attribute,16,9.330355
erc1056,U3_set_attribute,17,8.03908
erc1056,U3_set_attribute,18,8.803305
erc1056,U3_set_attribute,19,7.318134
erc1056,U3_set_attribute,20,7.677119
erc1056,U3_set_attribute,21,10.372702
erc1056,U3_set_attribute,22,8.038593
erc1056,U3_set_attribute,23,9.088894
erc1056,U3_set_attribute,24,7.434074
erc1056,U3_set_attribute,25,6.559872
erc1056,U3_set_attribute,26,7.251365
erc1056,U3_set_attribute,27,9.047002
erc1056,U3_set_attribute,28,9.863402
erc1056,U3_set_attribute,29,7.738743
erc1056,U4_transfer_vehicle,0,5.764215
erc1056,U4_transfer_vehicle,1,6.667204
erc1056,U4_transfer_vehicle,2,6.684508
erc1056,U4_transfer_vehicle,3,5.903413
erc1056,U4_transfer_vehicle,4,6.09395
erc1056,U4_transfer_vehicle,5,10.455617
erc1056,U4_transfer_vehicle,6,7.843628
erc1056,U4_transfer_vehicle,7,7.109523
erc1056,U4_transfer_vehicle,8,6.983219
erc1056,U4_transfer_vehicle,9,6.787015
erc1056,U4_transfer_vehicle,10,7.085605
erc1056,U4_transfer_vehicle,11,10.138908
erc1056,U4_transfer_vehicle,12,6.539763
erc1056,U4_transfer_vehicle,13,6.706103
erc1056,U4_transfer_vehicle,14,8.124887
erc1056,U4_transfer_vehicle,15,8.361977
erc1056,U4_transfer_vehicle,16,6.589809
erc1056,U4_transfer_vehicle,17,7.788385
erc1056,U4_transfer_vehicle,18,6.451838
erc1056,U4_transfer_vehicle,19,8.661717
erc1056,U4_transfer_vehicle,20,6.230904
erc1056,U4_transfer_vehicle,21,10.610053
erc1056,U4_transfer_vehicle,22,6.868444
erc1056,U4_transfer_vehicle,23,7.635561
erc1056,U4_transfer_vehicle,24,6.354688
erc1056,U4_transfer_vehicle,25,7.257515
erc1056,U4_transfer_vehicle,26,7.024953
erc1056,U4_transfer_vehicle,27,6.568178
erc1056,U4_transfer_vehicle,28,7.63186
erc1056,U4_transfer_vehicle,29,6.921587
erc1056,U5_meta_tx,0,16.771508
erc1056,U5_meta_tx,1,11.403534
erc1056,U5_meta_tx,2,12.730651
erc1056,U5_meta_tx,3,10.303195
erc1056,U5_meta_tx,4,10.530236
erc1056,U5_meta_tx,5,10.619971
erc1056,U5_meta_tx,6,11.871933
erc1056,U5_meta_tx,7,10.538974
erc1056,U5_meta_tx,8,10.725898
erc1056,U5_meta_tx,9,11.221988
erc1056,U5_meta_tx,10,10.539211
erc1056,U5_meta_tx,11,16.507689
erc1056,U5_meta_tx,12,10.136964
erc1056,U5_meta_tx,13,12.61653
erc1056,U5_meta_tx,14,10.634719
erc1056,U5_meta_tx,15,13.899538
erc1056,U5_meta_tx,16,10.91428
erc1056,U5_meta_tx,17,13.250687
erc1056,U5_meta_tx,18,11.36532
erc1056,U5_meta_tx,19,11.948537
erc1056,U5_meta_tx,20,13.740865
erc1056,U5_meta_tx,21,8.862546
erc1056,U5_meta_tx,22,16.332703
erc1056,U5_meta_tx,23,10.775637
erc1056,U5_meta_tx,24,12.312345
erc1056,U5_meta_tx,25,11.301936
erc1056,U5_meta_tx,26,14.172997
erc1056,U5_meta_tx,27,14.192369
erc1056,U5_meta_tx,28,12.149717
erc1056,U5_meta_tx,29,16.043678
erc1056,D1_revoke_delegate,0,8.982526
erc1056,D1_revoke_delegate,1,10.286634
erc1056,D1_revoke_delegate,2,10.159683
erc1056,D1_revoke_delegate,3,6.811527
erc1056,D1_revoke_delegate,4,8.418739
erc1056,D1_revoke_delegate,5,8.458953
erc1056,D1_revoke_delegate,6,7.874217
erc1056,D1_revoke_delegate,7,9.032772
erc1056,D1_revoke_delegate,8,8.117912
erc1056,D1_revoke_delegate,9,7.75179
erc1056,D1_revoke_delegate,10,8.175593
erc1056,D1_revoke_delegate,11,8.703497
erc1056,D1_revoke_delegate,12,8.254455
erc1056,D1_revoke_delegate,13,9.206735
erc1056,D1_revoke_delegate,14,8.315657
erc1056,D1_revoke_delegate,15,10.039642
erc1056,D1_revoke_delegate,16,8.925894
erc1056,D1_revoke_delegate,17,9.034196
erc1056,D1_revoke_delegate,18,7.122227
erc1056,D1_revoke_delegate,19,9.782165
erc1056,D1_revoke_delegate,20,7.79819
erc1056,D1_revoke_delegate,21,7.582774
erc1056,D1_revoke_delegate,22,8.278808
erc1056,D1_revoke_delegate,23,9.687799
erc1056,D1_revoke_delegate,24,21.725192
erc1056,D1_revoke_delegate,25,8.556622
erc1056,D1_revoke_delegate,26,9.404725
erc1056,D1_revoke_delegate,27,8.188954
erc1056,D1_revoke_delegate,28,9.602749
erc1056,D1_revoke_delegate,29,9.018199
erc1056,D2_revoke_attribute,0,7.791017
erc1056,D2_revoke_attribute,1,7.242665
erc1056,D2_revoke_attribute,2,8.392095
erc1056,D2_revoke_attribute,3,9.391227
erc1056,D2_revoke_attribute,4,8.6282
erc1056,D2_revoke_attribute,5,8.611735
erc1056,D2_revoke_attribute,6,9.318472
erc1056,D2_revoke_attribute,7,7.814648
erc1056,D2_revoke_attribute,8,9.618337
erc1056,D2_revoke_attribute,9,8.908458
erc1056,D2_revoke_attribute,10,8.012175
erc1056,D2_revoke_attribute,11,8.419983
erc1056,D2_revoke_attribute,12,7.591633
erc1056,D2_revoke_attribute,13,8.36258
erc1056,D2_revoke_attribute,14,8.673997
erc1056,D2_revoke_attribute,15,8.744294
erc1056,D2_revoke_attribute,16,12.659308
erc1056,D2_revoke_attribute,17,8.155441
erc1056,D2_revoke_attribute,18,8.163026
erc1056,D2_revoke_attribute,19,7.667877
erc1056,D2_revoke_attribute,20,7.372202
erc1056,D2_revoke_attribute,21,9.143598
erc1056,D2_revoke_attribute,22,8.425144
erc1056,D2_revoke_attribute,23,7.870875
erc1056,D2_revoke_attribute,24,8.589502
erc1056,D2_revoke_attribute,25,11.031451
erc1056,D2_revoke_attribute,26,8.287215
erc1056,D2_revoke_attribute,27,8.873761
erc1056,D2_revoke_attribute,28,12.1164
erc1056,D2_revoke_attribute,29,7.60272
erc1056,D3_deactivate_identity,0,7.784639
erc1056,D3_deactivate_identity,1,7.87451
erc1056,D3_deactivate_identity,2,7.103265
erc1056,D3_deactivate_identity,3,9.035301
erc1056,D3_deactivate_identity,4,8.91024
erc1056,D3_deactivate_identity,5,6.858151
erc1056,D3_deactivate_identity,6,6.883404
erc1056,D3_deactivate_identity,7,9.471684
erc1056,D3_deactivate_identity,8,9.456457
erc1056,D3_deactivate_identity,9,9.196864
erc1056,D3_deactivate_identity,10,7.015791
erc1056,D3_deactivate_identity,11,7.479412
erc1056,D3_deactivate_identity,12,6.873751
erc1056,D3_deactivate_identity,13,7.976921
erc1056,D3_deactivate_identity,14,7.38213
erc1056,D3_deactivate_identity,15,7.891205
erc1056,D3_deactivate_identity,16,7.356599
erc1056,D3_deactivate_identity,17,7.614756
erc1056,D3_deactivate_identity,18,7.099232
erc1056,D3_deactivate_identity,19,7.186479
erc1056,D3_deactivate_identity,20,8.23225
erc1056,D3_deactivate_identity,21,6.945634
erc1056,D3_deactivate_identity,22,8.751811
erc1056,D3_deactivate_identity,23,8.819648
erc1056,D3_deactivate_identity,24,6.209674
erc1056,D3_deactivate_identity,25,7.709198
erc1056,D3_deactivate_identity,26,6.713923
erc1056,D3_deactivate_identity,27,7.808032
erc1056,D3_deactivate_identity,28,8.089132
erc1056,D3_deactivate_identity,29,7.492027
erc1056,V1_issuer_key_anchor,0,9.259587
erc1056,V1_issuer_key_anchor,1,7.036214
erc1056,V1_issuer_key_anchor,2,5.923067
erc1056,V1_issuer_key_anchor,3,6.333976
erc1056,V1_issuer_key_anchor,4,7.222152
erc1056,V1_issuer_key_anchor,5,6.361786
erc1056,V1_issuer_key_anchor,6,7.638009
erc1056,V1_issuer_key_anchor,7,7.445555
erc1056,V1_issuer_key_anchor,8,7.740901
erc1056,V1_issuer_key_anchor,9,8.252378
erc1056,V1_issuer_key_anchor,10,5.916644
erc1056,V1_issuer_key_anchor,11,7.49823
erc1056,V1_issuer_key_anchor,12,6.411898
erc1056,V1_issuer_key_anchor,13,8.269537
erc1056,V1_issuer_key_anchor,14,8.727193
erc1056,V1_issuer_key_anchor,15,6.257669
erc1056,V1_issuer_key_anchor,16,7.343309
erc1056,V1_issuer_key_anchor,17,7.719052
erc1056,V1_issuer_key_anchor,18,7.020536
erc1056,V1_issuer_key_anchor,19,8.823023
erc1056,V1_issuer_key_anchor,20,6.527353
erc1056,V1_issuer_key_anchor,21,5.853825
erc1056,V1_issuer_key_anchor,22,5.947833
erc1056,V1_issuer_key_anchor,23,6.235602
erc1056,V1_issuer_key_anchor,24,8.288734
erc1056,V1_issuer_key_anchor,25,6.958549
erc1056,V1_issuer_key_anchor,26,7.360065
erc1056,V1_issuer_key_anchor,27,7.16227
erc1056,V1_issuer_key_anchor,28,8.953431
erc1056,V1_issuer_key_anchor,29,6.919396
erc1056,V3_anchor_status,0,6.816574
erc1056,V3_anchor_status,1,7.553105
erc1056,V3_anchor_status,2,10.592293
erc1056,V3_anchor_status,3,7.756503
erc1056,V3_anchor_status,4,8.597078
erc1056,V3_anchor_status,5,6.176686
erc1056,V3_anchor_status,6,9.812719
erc1056,V3_anchor_status,7,7.248788
erc1056,V3_anchor_status,8,8.449757
erc1056,V3_anchor_status,9,9.745572
erc1056,V3_anchor_status,10,9.733994
erc1056,V3_anchor_status,11,8.979459
erc1056,V3_anchor_status,12,9.746343
erc1056,V3_anchor_status,13,7.697288
erc1056,V3_anchor_status,14,7.743916
erc1056,V3_anchor_status,15,6.954124
erc1056,V3_anchor_status,16,6.047805
erc1056,V3_anchor_status,17,6.8504
erc1056,V3_anchor_status,18,9.545306
erc1056,V3_anchor_status,19,7.552939
erc1056,V3_anchor_status,20,10.562255
erc1056,V3_anchor_status,21,7.551832
erc1056,V3_anchor_status,22,6.675186
erc1056,V3_anchor_status,23,7.936506
erc1056,V3_anchor_status,24,6.914201
erc1056,V3_anchor_status,25,7.574129
erc1056,V3_anchor_status,26,8.389211
erc1056,V3_anchor_status,27,6.591304
erc1056,V3_anchor_status,28,5.823904
erc1056,V3_anchor_status,29,6.561328
erc1056,V5_revoke_credential,0,7.272029
erc1056,V5_revoke_credential,1,6.902955
erc1056,V5_revoke_credential,2,7.432602
erc1056,V5_revoke_credential,3,9.643928
erc1056,V5_revoke_credential,4,6.812281
erc1056,V5_revoke_credential,5,7.028901
erc1056,V5_revoke_credential,6,7.37699
erc1056,V5_revoke_credential,7,7.174513
erc1056,V5_revoke_credential,8,7.493721
erc1056,V5_revoke_credential,9,6.643343
erc1056,V5_revoke_credential,10,6.832959
erc1056,V5_revoke_credential,11,6.718778
erc1056,V5_revoke_credential,12,7.207468
erc1056,V5_revoke_credential,13,6.511617
erc1056,V5_revoke_credential,14,7.077062
erc1056,V5_revoke_credential,15,6.785361
erc1056,V5_revoke_credential,16,7.589753
erc1056,V5_revoke_credential,17,6.949444
erc1056,V5_revoke_credential,18,7.641983
erc1056,V5_revoke_credential,19,6.686205
erc1056,V5_revoke_credential,20,7.379391
erc1056,V5_revoke_credential,21,7.012489
erc1056,V5_revoke_credential,22,6.864932
erc1056,V5_revoke_credential,23,6.999625
erc1056,V5_revoke_credential,24,7.34019
erc1056,V5_revoke_credential,25,7.781776
erc1056,V5_revoke_credential,26,7.849115
erc1056,V5_revoke_credential,27,7.203473
erc1056,V5_revoke_credential,28,7.681436
erc1056,V5_revoke_credential,29,10.088245
erc1056,V6_status_check,0,1.947089
erc1056,V6_status_check,1,1.954142
erc1056,V6_status_check,2,6.280339
erc1056,V6_status_check,3,1.764995
erc1056,V6_status_check,4,1.928088
erc1056,V6_status_check,5,2.160577
erc1056,V6_status_check,6,2.015984
erc1056,V6_status_check,7,2.007068
erc1056,V6_status_check,8,1.961069
erc1056,V6_status_check,9,1.990918
erc1056,V6_status_check,10,1.992581
erc1056,V6_status_check,11,2.079983
erc1056,V6_status_check,12,2.043107
erc1056,V6_status_check,13,2.188532
erc1056,V6_status_check,14,2.131117
erc1056,V6_status_check,15,2.071265
erc1056,V6_status_check,16,2.075864
erc1056,V6_status_check,17,2.264345
erc1056,V6_status_check,18,2.19974
erc1056,V6_status_check,19,2.117374
erc1056,V6_status_check,20,2.199466
erc1056,V6_status_check,21,1.984595
erc1056,V6_status_check,22,2.016623
erc1056,V6_status_check,23,1.484411
erc1056,V6_status_check,24,1.606503
erc1056,V6_status_check,25,1.639939
erc1056,V6_status_check,26,1.632779
erc1056,V6_status_check,27,1.732499
erc1056,V6_status_check,28,1.599406
erc1056,V6_status_check,29,1.500808
erc1056w,C1_create_identity,0,14.346748
erc1056w,C1_create_identity,1,15.550731
erc1056w,C1_create_identity,2,15.053579
erc1056w,C1_create_identity,3,14.02742
erc1056w,C1_create_identity,4,18.11118
erc1056w,C1_create_identity,5,14.342139
erc1056w,C1_create_identity,6,15.631782
erc1056w,C1_create_identity,7,15.616891
erc1056w,C1_create_identity,8,16.092732
erc1056w,C1_create_identity,9,14.429261
erc1056w,C1_create_identity,10,18.05541
erc1056w,C1_create_identity,11,17.085155
erc1056w,C1_create_identity,12,15.348525
erc1056w,C1_create_identity,13,13.146347
erc1056w,C1_create_identity,14,24.872259
erc1056w,C1_create_identity,15,14.790315
erc1056w,C1_create_identity,16,14.957011
erc1056w,C1_create_identity,17,13.48483
erc1056w,C1_create_identity,18,14.75043
erc1056w,C1_create_identity,19,14.928101
erc1056w,C1_create_identity,20,16.141241
erc1056w,C1_create_identity,21,14.541404
erc1056w,C1_create_identity,22,14.328009
erc1056w,C1_create_identity,23,13.007227
erc1056w,C1_create_identity,24,15.060574
erc1056w,C1_create_identity,25,13.743212
erc1056w,C1_create_identity,26,25.358016
erc1056w,C1_create_identity,27,14.989564
erc1056w,C1_create_identity,28,16.462129
erc1056w,C1_create_identity,29,18.407019
erc1056w,C2_create_with_attributes,0,34.009416
erc1056w,C2_create_with_attributes,1,34.960824
erc1056w,C2_create_with_attributes,2,63.049333
erc1056w,C2_create_with_attributes,3,29.535901
erc1056w,C2_create_with_attributes,4,31.377754
erc1056w,C2_create_with_attributes,5,41.090512
erc1056w,C2_create_with_attributes,6,41.05896
erc1056w,C2_create_with_attributes,7,48.401753
erc1056w,C2_create_with_attributes,8,95.605076
erc1056w,C2_create_with_attributes,9,32.63526
erc1056w,C2_create_with_attributes,10,32.916448
erc1056w,C2_create_with_attributes,11,34.292971
erc1056w,C2_create_with_attributes,12,36.646047
erc1056w,C2_create_with_attributes,13,35.53783
erc1056w,C2_create_with_attributes,14,31.835322
erc1056w,C2_create_with_attributes,15,39.425785
erc1056w,C2_create_with_attributes,16,36.692533
erc1056w,C2_create_with_attributes,17,44.556163
erc1056w,C2_create_with_attributes,18,29.706797
erc1056w,C2_create_with_attributes,19,27.999628
erc1056w,C2_create_with_attributes,20,29.607128
erc1056w,C2_create_with_attributes,21,31.527466
erc1056w,C2_create_with_attributes,22,38.047722
erc1056w,C2_create_with_attributes,23,29.178403
erc1056w,C2_create_with_attributes,24,38.716805
erc1056w,C2_create_with_attributes,25,31.464876
erc1056w,C2_create_with_attributes,26,30.787967
erc1056w,C2_create_with_attributes,27,35.551025
erc1056w,C2_create_with_attributes,28,34.035446
erc1056w,C2_create_with_attributes,29,34.800864
erc1056w,R1_resolve_owner,0,1.023339
erc1056w,R1_resolve_owner,1,1.258842
erc1056w,R1_resolve_owner,2,1.346345
erc1056w,R1_resolve_owner,3,0.955264
erc1056w,R1_resolve_owner,4,0.920697
erc1056w,R1_resolve_owner,5,1.041765
erc1056w,R1_resolve_owner,6,1.080499
erc1056w,R1_resolve_owner,7,1.019559
erc1056w,R1_resolve_owner,8,0.860316
erc1056w,R1_resolve_owner,9,0.932416
erc1056w,R1_resolve_owner,10,0.964345
erc1056w,R1_resolve_owner,11,0.83051
erc1056w,R1_resolve_owner,12,1.127216
erc1056w,R1_resolve_owner,13,1.249765
erc1056w,R1_resolve_owner,14,1.356082
erc1056w,R1_resolve_owner,15,1.179231
erc1056w,R1_resolve_owner,16,1.252006
erc1056w,R1_resolve_owner,17,1.060638
erc1056w,R1_resolve_owner,18,1.171821
erc1056w,R1_resolve_owner,19,1.342749
erc1056w,R1_resolve_owner,20,1.306692
erc1056w,R1_resolve_owner,21,1.085157
erc1056w,R1_resolve_owner,22,1.025732
erc1056w,R1_resolve_owner,23,1.124233
erc1056w,R1_resolve_owner,24,1.251717
erc1056w,R1_resolve_owner,25,1.189887
erc1056w,R1_resolve_owner,26,1.104918
erc1056w,R1_resolve_owner,27,1.074965
erc1056w,R1_resolve_owner,28,1.124509
erc1056w,R1_resolve_owner,29,0.964791
erc1056w,R2_resolve_by_vin,0,0.483791
erc1056w,R2_resolve_by_vin,1,0.602862
erc1056w,R2_resolve_by_vin,2,0.616419
erc1056w,R2_resolve_by_vin,3,0.699692
erc1056w,R2_resolve_by_vin,4,0.787415
erc1056w,R2_resolve_by_vin,5,1.301415
erc1056w,R2_resolve_by_vin,6,1.012431
erc1056w,R2_resolve_by_vin,7,1.282064
erc1056w,R2_resolve_by_vin,8,1.194337
erc1056w,R2_resolve_by_vin,9,1.261646
erc1056w,R2_resolve_by_vin,10,0.900451
erc1056w,R2_resolve_by_vin,11,0.974355
erc1056w,R2_resolve_by_vin,12,0.619388
erc1056w,R2_resolve_by_vin,13,0.704228
erc1056w,R2_resolve_by_vin,14,0.694783
erc1056w,R2_resolve_by_vin,15,1.103376
erc1056w,R2_resolve_by_vin,16,1.185714
erc1056w,R2_resolve_by_vin,17,1.089331
erc1056w,R2_resolve_by_vin,18,2.313818
erc1056w,R2_resolve_by_vin,19,1.22338
erc1056w,R2_resolve_by_vin,20,0.977704
erc1056w,R2_resolve_by_vin,21,0.900897
erc1056w,R2_resolve_by_vin,22,1.073046
erc1056w,R2_resolve_by_vin,23,1.063215
erc1056w,R2_resolve_by_vin,24,1.197942
erc1056w,R2_resolve_by_vin,25,0.847723
erc1056w,R2_resolve_by_vin,26,1.003292
erc1056w,R2_resolve_by_vin,27,0.883554
erc1056w,R2_resolve_by_vin,28,0.825488
erc1056w,R2_resolve_by_vin,29,0.903012
erc1056w,R3_resolve_document,0,5.450017
erc1056w,R3_resolve_document,1,6.127756
erc1056w,R3_resolve_document,2,7.489214
erc1056w,R3_resolve_document,3,7.709289
erc1056w,R3_resolve_document,4,6.0114
erc1056w,R3_resolve_document,5,6.029487
erc1056w,R3_resolve_document,6,6.402346
erc1056w,R3_resolve_document,7,6.525931
erc1056w,R3_resolve_document,8,6.142733
erc1056w,R3_resolve_document,9,5.413347
erc1056w,R3_resolve_document,10,6.531412
erc1056w,R3_resolve_document,11,7.008493
erc1056w,R3_resolve_document,12,5.454364
erc1056w,R3_resolve_document,13,6.633162
erc1056w,R3_resolve_document,14,6.812311
erc1056w,R3_resolve_document,15,5.894525
erc1056w,R3_resolve_document,16,6.323265
erc1056w,R3_resolve_document,17,5.728672
erc1056w,R3_resolve_document,18,6.455632
erc1056w,R3_resolve_document,19,10.162105
erc1056w,R3_resolve_document,20,8.412425
erc1056w,R3_resolve_document,21,7.483735
erc1056w,R3_resolve_document,22,6.215658
erc1056w,R3_resolve_document,23,5.852629
erc1056w,R3_resolve_document,24,5.868698
erc1056w,R3_resolve_document,25,5.832373
erc1056w,R3_resolve_document,26,6.256404
erc1056w,R3_resolve_document,27,7.011065
erc1056w,R3_resolve_document,28,6.132162
erc1056w,R3_resolve_document,29,6.360977
erc1056w,R4_verify_delegate,0,1.177655
erc1056w,R4_verify_delegate,1,0.982981
erc1056w,R4_verify_delegate,2,0.814545
erc1056w,R4_verify_delegate,3,0.948002
erc1056w,R4_verify_delegate,4,1.182503
erc1056w,R4_verify_delegate,5,1.355104
erc1056w,R4_verify_delegate,6,1.246534
erc1056w,R4_verify_delegate,7,1.31849
erc1056w,R4_verify_delegate,8,1.537871
erc1056w,R4_verify_delegate,9,1.344383
erc1056w,R4_verify_delegate,10,1.141038
erc1056w,R4_verify_delegate,11,1.30882
erc1056w,R4_verify_delegate,12,1.252289
erc1056w,R4_verify_delegate,13,1.25672
erc1056w,R4_verify_delegate,14,1.514087
erc1056w,R4_verify_delegate,15,1.487899
erc1056w,R4_verify_delegate,16,1.102176
erc1056w,R4_verify_delegate,17,1.006474
erc1056w,R4_verify_delegate,18,1.107817
erc1056w,R4_verify_delegate,19,0.999526
erc1056w,R4_verify_delegate,20,1.046972
erc1056w,R4_verify_delegate,21,0.948218
erc1056w,R4_verify_delegate,22,0.883149
erc1056w,R4_verify_delegate,23,0.841302
erc1056w,R4_verify_delegate,24,1.05634
erc1056w,R4_verify_delegate,25,1.381703
erc1056w,R4_verify_delegate,26,1.212781
erc1056w,R4_verify_delegate,27,1.262784
erc1056w,R4_verify_delegate,28,1.380573
erc1056w,R4_verify_delegate,29,1.301879
erc1056w,U1_rotate_controller,0,7.786393
erc1056w,U1_rotate_controller,1,7.482591
erc1056w,U1_rotate_controller,2,8.608305
erc1056w,U1_rotate_controller,3,6.995893
erc1056w,U1_rotate_controller,4,7.431426
erc1056w,U1_rotate_controller,5,11.194105
erc1056w,U1_rotate_controller,6,8.281486
erc1056w,U1_rotate_controller,7,6.580461
erc1056w,U1_rotate_controller,8,7.090166
erc1056w,U1_rotate_controller,9,6.679594
erc1056w,U1_rotate_controller,10,6.510945
erc1056w,U1_rotate_controller,11,7.372877
erc1056w,U1_rotate_controller,12,8.942913
erc1056w,U1_rotate_controller,13,6.910823
erc1056w,U1_rotate_controller,14,7.448633
erc1056w,U1_rotate_controller,15,6.801467
erc1056w,U1_rotate_controller,16,7.894621
erc1056w,U1_rotate_controller,17,9.112719
erc1056w,U1_rotate_controller,18,10.116069
erc1056w,U1_rotate_controller,19,11.763858
erc1056w,U1_rotate_controller,20,9.891681
erc1056w,U1_rotate_controller,21,7.039458
erc1056w,U1_rotate_controller,22,6.37444
erc1056w,U1_rotate_controller,23,6.170259
erc1056w,U1_rotate_controller,24,7.143285
erc1056w,U1_rotate_controller,25,7.592528
erc1056w,U1_rotate_controller,26,12.14864
erc1056w,U1_rotate_controller,27,12.77579
erc1056w,U1_rotate_controller,28,8.36501
erc1056w,U1_rotate_controller,29,6.984965
erc1056w,U2_add_delegate,0,11.006444
erc1056w,U2_add_delegate,1,8.500966
erc1056w,U2_add_delegate,2,7.961647
erc1056w,U2_add_delegate,3,9.769545
erc1056w,U2_add_delegate,4,9.814091
erc1056w,U2_add_delegate,5,9.816267
erc1056w,U2_add_delegate,6,8.565127
erc1056w,U2_add_delegate,7,10.384741
erc1056w,U2_add_delegate,8,10.553183
erc1056w,U2_add_delegate,9,12.618327
erc1056w,U2_add_delegate,10,10.164487
erc1056w,U2_add_delegate,11,9.238643
erc1056w,U2_add_delegate,12,10.095893
erc1056w,U2_add_delegate,13,8.190906
erc1056w,U2_add_delegate,14,7.691861
erc1056w,U2_add_delegate,15,17.425204
erc1056w,U2_add_delegate,16,11.380094
erc1056w,U2_add_delegate,17,10.884598
erc1056w,U2_add_delegate,18,13.387826
erc1056w,U2_add_delegate,19,8.496068
erc1056w,U2_add_delegate,20,8.548203
erc1056w,U2_add_delegate,21,8.943612
erc1056w,U2_add_delegate,22,8.14676
erc1056w,U2_add_delegate,23,11.335261
erc1056w,U2_add_delegate,24,12.463538
erc1056w,U2_add_delegate,25,9.60276
erc1056w,U2_add_delegate,26,10.716719
erc1056w,U2_add_delegate,27,10.151397
erc1056w,U2_add_delegate,28,7.670375
erc1056w,U2_add_delegate,29,11.175509
erc1056w,U3_set_attribute,0,11.062539
erc1056w,U3_set_attribute,1,9.313865
erc1056w,U3_set_attribute,2,8.209635
erc1056w,U3_set_attribute,3,9.260296
erc1056w,U3_set_attribute,4,9.180061
erc1056w,U3_set_attribute,5,8.961663
erc1056w,U3_set_attribute,6,26.165445
erc1056w,U3_set_attribute,7,11.15995
erc1056w,U3_set_attribute,8,15.075393
erc1056w,U3_set_attribute,9,11.614122
erc1056w,U3_set_attribute,10,9.027514
erc1056w,U3_set_attribute,11,8.624708
erc1056w,U3_set_attribute,12,12.44986
erc1056w,U3_set_attribute,13,9.684612
erc1056w,U3_set_attribute,14,12.305256
erc1056w,U3_set_attribute,15,9.532554
erc1056w,U3_set_attribute,16,9.568811
erc1056w,U3_set_attribute,17,14.906289
erc1056w,U3_set_attribute,18,14.977037
erc1056w,U3_set_attribute,19,8.121788
erc1056w,U3_set_attribute,20,8.92306
erc1056w,U3_set_attribute,21,8.846979
erc1056w,U3_set_attribute,22,9.52023
erc1056w,U3_set_attribute,23,8.746676
erc1056w,U3_set_attribute,24,9.396675
erc1056w,U3_set_attribute,25,12.505937
erc1056w,U3_set_attribute,26,12.722852
erc1056w,U3_set_attribute,27,11.975964
erc1056w,U3_set_attribute,28,10.180611
erc1056w,U3_set_attribute,29,8.952362
erc1056w,U4_transfer_vehicle,0,6.451772
erc1056w,U4_transfer_vehicle,1,6.371906
erc1056w,U4_transfer_vehicle,2,7.683653
erc1056w,U4_transfer_vehicle,3,7.795226
erc1056w,U4_transfer_vehicle,4,10.697585
erc1056w,U4_transfer_vehicle,5,12.268221
erc1056w,U4_transfer_vehicle,6,8.172457
erc1056w,U4_transfer_vehicle,7,10.7486
erc1056w,U4_transfer_vehicle,8,10.378643
erc1056w,U4_transfer_vehicle,9,9.623788
erc1056w,U4_transfer_vehicle,10,7.291564
erc1056w,U4_transfer_vehicle,11,7.584868
erc1056w,U4_transfer_vehicle,12,10.217104
erc1056w,U4_transfer_vehicle,13,8.559913
erc1056w,U4_transfer_vehicle,14,9.211177
erc1056w,U4_transfer_vehicle,15,7.1658
erc1056w,U4_transfer_vehicle,16,6.828876
erc1056w,U4_transfer_vehicle,17,6.917957
erc1056w,U4_transfer_vehicle,18,7.395459
erc1056w,U4_transfer_vehicle,19,9.300073
erc1056w,U4_transfer_vehicle,20,9.291958
erc1056w,U4_transfer_vehicle,21,7.628295
erc1056w,U4_transfer_vehicle,22,9.591394
erc1056w,U4_transfer_vehicle,23,7.243022
erc1056w,U4_transfer_vehicle,24,7.228809
erc1056w,U4_transfer_vehicle,25,8.669249
erc1056w,U4_transfer_vehicle,26,8.205642
erc1056w,U4_transfer_vehicle,27,8.797451
erc1056w,U4_transfer_vehicle,28,7.291213
erc1056w,U4_transfer_vehicle,29,7.259947
erc1056w,D1_revoke_delegate,0,8.43783
erc1056w,D1_revoke_delegate,1,9.208023
erc1056w,D1_revoke_delegate,2,8.381795
erc1056w,D1_revoke_delegate,3,9.550042
erc1056w,D1_revoke_delegate,4,9.29992
erc1056w,D1_revoke_delegate,5,9.217327
erc1056w,D1_revoke_delegate,6,9.846459
erc1056w,D1_revoke_delegate,7,10.555979
erc1056w,D1_revoke_delegate,8,8.240428
erc1056w,D1_revoke_delegate,9,8.509556
erc1056w,D1_revoke_delegate,10,8.280237
erc1056w,D1_revoke_delegate,11,8.574255
erc1056w,D1_revoke_delegate,12,9.032156
erc1056w,D1_revoke_delegate,13,8.146754
erc1056w,D1_revoke_delegate,14,7.770577
erc1056w,D1_revoke_delegate,15,7.708701
erc1056w,D1_revoke_delegate,16,9.622704
erc1056w,D1_revoke_delegate,17,7.627008
erc1056w,D1_revoke_delegate,18,12.057
erc1056w,D1_revoke_delegate,19,8.629523
erc1056w,D1_revoke_delegate,20,12.781169
erc1056w,D1_revoke_delegate,21,8.331722
erc1056w,D1_revoke_delegate,22,9.605777
erc1056w,D1_revoke_delegate,23,9.18433
erc1056w,D1_revoke_delegate,24,10.463409
erc1056w,D1_revoke_delegate,25,10.828136
erc1056w,D1_revoke_delegate,26,9.512344
erc1056w,D1_revoke_delegate,27,12.787914
erc1056w,D1_revoke_delegate,28,11.809807
erc1056w,D1_revoke_delegate,29,11.809063
erc1056w,D3_deactivate_identity,0,9.326726
erc1056w,D3_deactivate_identity,1,10.233003
erc1056w,D3_deactivate_identity,2,10.729229
erc1056w,D3_deactivate_identity,3,12.173582
erc1056w,D3_deactivate_identity,4,14.47342
erc1056w,D3_deactivate_identity,5,8.290631
erc1056w,D3_deactivate_identity,6,9.950045
erc1056w,D3_deactivate_identity,7,9.972457
erc1056w,D3_deactivate_identity,8,11.076453
erc1056w,D3_deactivate_identity,9,14.992295
erc1056w,D3_deactivate_identity,10,13.292722
erc1056w,D3_deactivate_identity,11,13.429271
erc1056w,D3_deactivate_identity,12,9.529943
erc1056w,D3_deactivate_identity,13,9.027095
erc1056w,D3_deactivate_identity,14,9.54211
erc1056w,D3_deactivate_identity,15,9.944525
erc1056w,D3_deactivate_identity,16,10.340066
erc1056w,D3_deactivate_identity,17,9.21758
erc1056w,D3_deactivate_identity,18,9.190829
erc1056w,D3_deactivate_identity,19,11.594564
erc1056w,D3_deactivate_identity,20,9.253311
erc1056w,D3_deactivate_identity,21,9.259601
erc1056w,D3_deactivate_identity,22,8.573186
erc1056w,D3_deactivate_identity,23,10.164987
erc1056w,D3_deactivate_identity,24,10.685557
erc1056w,D3_deactivate_identity,25,11.172337
erc1056w,D3_deactivate_identity,26,11.02108
erc1056w,D3_deactivate_identity,27,10.999601
erc1056w,D3_deactivate_identity,28,9.833375
erc1056w,D3_deactivate_identity,29,9.590633
erc1056w,V1_issuer_key_anchor,0,7.294618
erc1056w,V1_issuer_key_anchor,1,6.428765
erc1056w,V1_issuer_key_anchor,2,10.097542
erc1056w,V1_issuer_key_anchor,3,6.646322
erc1056w,V1_issuer_key_anchor,4,8.296037
erc1056w,V1_issuer_key_anchor,5,6.777401
erc1056w,V1_issuer_key_anchor,6,8.140924
erc1056w,V1_issuer_key_anchor,7,7.384284
erc1056w,V1_issuer_key_anchor,8,8.581963
erc1056w,V1_issuer_key_anchor,9,6.315236
erc1056w,V1_issuer_key_anchor,10,7.249763
erc1056w,V1_issuer_key_anchor,11,7.450375
erc1056w,V1_issuer_key_anchor,12,6.927477
erc1056w,V1_issuer_key_anchor,13,8.601083
erc1056w,V1_issuer_key_anchor,14,8.101013
erc1056w,V1_issuer_key_anchor,15,7.138315
erc1056w,V1_issuer_key_anchor,16,7.955527
erc1056w,V1_issuer_key_anchor,17,7.756165
erc1056w,V1_issuer_key_anchor,18,6.72983
erc1056w,V1_issuer_key_anchor,19,7.512337
erc1056w,V1_issuer_key_anchor,20,6.93804
erc1056w,V1_issuer_key_anchor,21,7.454382
erc1056w,V1_issuer_key_anchor,22,7.181753
erc1056w,V1_issuer_key_anchor,23,7.544015
erc1056w,V1_issuer_key_anchor,24,7.26848
erc1056w,V1_issuer_key_anchor,25,6.939364
erc1056w,V1_issuer_key_anchor,26,6.915584
erc1056w,V1_issuer_key_anchor,27,7.643716
erc1056w,V1_issuer_key_anchor,28,6.880583
erc1056w,V1_issuer_key_anchor,29,6.559774
erc1056w,V3_anchor_status,0,8.393083
erc1056w,V3_anchor_status,1,10.572066
erc1056w,V3_anchor_status,2,10.633143
erc1056w,V3_anchor_status,3,8.290498
erc1056w,V3_anchor_status,4,6.963618
erc1056w,V3_anchor_status,5,7.206258
erc1056w,V3_anchor_status,6,7.439897
erc1056w,V3_anchor_status,7,7.888273
erc1056w,V3_anchor_status,8,11.398934
erc1056w,V3_anchor_status,9,8.389927
erc1056w,V3_anchor_status,10,10.26954
erc1056w,V3_anchor_status,11,9.140091
erc1056w,V3_anchor_status,12,6.884469
erc1056w,V3_anchor_status,13,7.442402
erc1056w,V3_anchor_status,14,7.721271
erc1056w,V3_anchor_status,15,15.251912
erc1056w,V3_anchor_status,16,15.341127
erc1056w,V3_anchor_status,17,12.600949
erc1056w,V3_anchor_status,18,7.593667
erc1056w,V3_anchor_status,19,8.771256
erc1056w,V3_anchor_status,20,7.048881
erc1056w,V3_anchor_status,21,8.472342
erc1056w,V3_anchor_status,22,9.883555
erc1056w,V3_anchor_status,23,8.461472
erc1056w,V3_anchor_status,24,10.946364
erc1056w,V3_anchor_status,25,8.250726
erc1056w,V3_anchor_status,26,7.508778
erc1056w,V3_anchor_status,27,7.397416
erc1056w,V3_anchor_status,28,6.793906
erc1056w,V3_anchor_status,29,9.796881
erc1056w,V5_revoke_credential,0,9.008108
erc1056w,V5_revoke_credential,1,8.718811
erc1056w,V5_revoke_credential,2,8.190932
erc1056w,V5_revoke_credential,3,7.726049
erc1056w,V5_revoke_credential,4,7.57876
erc1056w,V5_revoke_credential,5,7.864199
erc1056w,V5_revoke_credential,6,7.383875
erc1056w,V5_revoke_credential,7,8.529628
erc1056w,V5_revoke_credential,8,6.981277
erc1056w,V5_revoke_credential,9,7.575246
erc1056w,V5_revoke_credential,10,6.539147
erc1056w,V5_revoke_credential,11,8.047581
erc1056w,V5_revoke_credential,12,7.37381
erc1056w,V5_revoke_credential,13,7.563738
erc1056w,V5_revoke_credential,14,7.1746
erc1056w,V5_revoke_credential,15,6.702444
erc1056w,V5_revoke_credential,16,7.189046
erc1056w,V5_revoke_credential,17,7.382701
erc1056w,V5_revoke_credential,18,7.784212
erc1056w,V5_revoke_credential,19,6.453088
erc1056w,V5_revoke_credential,20,7.232008
erc1056w,V5_revoke_credential,21,8.369583
erc1056w,V5_revoke_credential,22,6.974931
erc1056w,V5_revoke_credential,23,6.664055
erc1056w,V5_revoke_credential,24,9.13675
erc1056w,V5_revoke_credential,25,7.116388
erc1056w,V5_revoke_credential,26,6.409752
erc1056w,V5_revoke_credential,27,8.036462
erc1056w,V5_revoke_credential,28,7.478074
erc1056w,V5_revoke_credential,29,8.968374
erc1056w,V6_status_check,0,1.401251
erc1056w,V6_status_check,1,1.491928
erc1056w,V6_status_check,2,1.44214
erc1056w,V6_status_check,3,1.113669
erc1056w,V6_status_check,4,1.018652
erc1056w,V6_status_check,5,1.150073
erc1056w,V6_status_check,6,2.253867
erc1056w,V6_status_check,7,1.370913
erc1056w,V6_status_check,8,1.088474
erc1056w,V6_status_check,9,1.059079
erc1056w,V6_status_check,10,1.055538
erc1056w,V6_status_check,11,0.97672
erc1056w,V6_status_check,12,1.344061
erc1056w,V6_status_check,13,1.284668
erc1056w,V6_status_check,14,1.309258
erc1056w,V6_status_check,15,1.346115
erc1056w,V6_status_check,16,1.42455
erc1056w,V6_status_check,17,1.248356
erc1056w,V6_status_check,18,1.200446
erc1056w,V6_status_check,19,1.209625
erc1056w,V6_status_check,20,1.018252
erc1056w,V6_status_check,21,1.032755
erc1056w,V6_status_check,22,0.979704
erc1056w,V6_status_check,23,1.138393
erc1056w,V6_status_check,24,1.027852
erc1056w,V6_status_check,25,1.212542
erc1056w,V6_status_check,26,1.592004
erc1056w,V6_status_check,27,1.649764
erc1056w,V6_status_check,28,1.420255
erc1056w,V6_status_check,29,1.379648
erc1155,C1_create_identity,0,7.983339
erc1155,C1_create_identity,1,8.499128
erc1155,C1_create_identity,2,9.365406
erc1155,C1_create_identity,3,8.44122
erc1155,C1_create_identity,4,11.512896
erc1155,C1_create_identity,5,9.316847
erc1155,C1_create_identity,6,9.357073
erc1155,C1_create_identity,7,9.723561
erc1155,C1_create_identity,8,7.023555
erc1155,C1_create_identity,9,8.135411
erc1155,C1_create_identity,10,7.275573
erc1155,C1_create_identity,11,7.223935
erc1155,C1_create_identity,12,6.825346
erc1155,C1_create_identity,13,6.622327
erc1155,C1_create_identity,14,6.567314
erc1155,C1_create_identity,15,7.54776
erc1155,C1_create_identity,16,7.157695
erc1155,C1_create_identity,17,8.06286
erc1155,C1_create_identity,18,8.126623
erc1155,C1_create_identity,19,8.095823
erc1155,C1_create_identity,20,8.954914
erc1155,C1_create_identity,21,10.264554
erc1155,C1_create_identity,22,8.899817
erc1155,C1_create_identity,23,9.088211
erc1155,C1_create_identity,24,10.567011
erc1155,C1_create_identity,25,8.663396
erc1155,C1_create_identity,26,8.538423
erc1155,C1_create_identity,27,7.225849
erc1155,C1_create_identity,28,10.017925
erc1155,C1_create_identity,29,8.210197
erc1155,C2_create_with_attributes,0,8.434275
erc1155,C2_create_with_attributes,1,8.267336
erc1155,C2_create_with_attributes,2,7.907495
erc1155,C2_create_with_attributes,3,7.817437
erc1155,C2_create_with_attributes,4,9.0452
erc1155,C2_create_with_attributes,5,7.952329
erc1155,C2_create_with_attributes,6,7.401123
erc1155,C2_create_with_attributes,7,7.924388
erc1155,C2_create_with_attributes,8,7.988321
erc1155,C2_create_with_attributes,9,7.177873
erc1155,C2_create_with_attributes,10,7.336388
erc1155,C2_create_with_attributes,11,7.679119
erc1155,C2_create_with_attributes,12,7.408612
erc1155,C2_create_with_attributes,13,7.212585
erc1155,C2_create_with_attributes,14,7.180289
erc1155,C2_create_with_attributes,15,7.355334
erc1155,C2_create_with_attributes,16,8.479336
erc1155,C2_create_with_attributes,17,7.861156
erc1155,C2_create_with_attributes,18,7.541777
erc1155,C2_create_with_attributes,19,7.620972
erc1155,C2_create_with_attributes,20,6.891843
erc1155,C2_create_with_attributes,21,6.760001
erc1155,C2_create_with_attributes,22,7.422545
erc1155,C2_create_with_attributes,23,8.109592
erc1155,C2_create_with_attributes,24,6.654996
erc1155,C2_create_with_attributes,25,7.881223
erc1155,C2_create_with_attributes,26,7.329152
erc1155,C2_create_with_attributes,27,7.855131
erc1155,C2_create_with_attributes,28,7.028668
erc1155,C2_create_with_attributes,29,8.157138
erc1155,R1_resolve_owner,0,1.085658
erc1155,R1_resolve_owner,1,0.918179
erc1155,R1_resolve_owner,2,1.065039
erc1155,R1_resolve_owner,3,0.728512
erc1155,R1_resolve_owner,4,0.637567
erc1155,R1_resolve_owner,5,0.789199
erc1155,R1_resolve_owner,6,0.838817
erc1155,R1_resolve_owner,7,0.744648
erc1155,R1_resolve_owner,8,0.696904
erc1155,R1_resolve_owner,9,0.957249
erc1155,R1_resolve_owner,10,0.726662
erc1155,R1_resolve_owner,11,0.697763
erc1155,R1_resolve_owner,12,0.86242
erc1155,R1_resolve_owner,13,1.638455
erc1155,R1_resolve_owner,14,0.849162
erc1155,R1_resolve_owner,15,0.900207
erc1155,R1_resolve_owner,16,0.742742
erc1155,R1_resolve_owner,17,0.606594
erc1155,R1_resolve_owner,18,0.606955
erc1155,R1_resolve_owner,19,0.779606
erc1155,R1_resolve_owner,20,0.865263
erc1155,R1_resolve_owner,21,0.720279
erc1155,R1_resolve_owner,22,0.613956
erc1155,R1_resolve_owner,23,0.612006
erc1155,R1_resolve_owner,24,0.521731
erc1155,R1_resolve_owner,25,0.514183
erc1155,R1_resolve_owner,26,0.814705
erc1155,R1_resolve_owner,27,1.0207
erc1155,R1_resolve_owner,28,0.852039
erc1155,R1_resolve_owner,29,1.114704
erc1155,R2_resolve_by_vin,0,1.090146
erc1155,R2_resolve_by_vin,1,0.982894
erc1155,R2_resolve_by_vin,2,1.067311
erc1155,R2_resolve_by_vin,3,0.958478
erc1155,R2_resolve_by_vin,4,0.899986
erc1155,R2_resolve_by_vin,5,1.125037
erc1155,R2_resolve_by_vin,6,1.144686
erc1155,R2_resolve_by_vin,7,0.965368
erc1155,R2_resolve_by_vin,8,0.868829
erc1155,R2_resolve_by_vin,9,1.054246
erc1155,R2_resolve_by_vin,10,0.885395
erc1155,R2_resolve_by_vin,11,1.25082
erc1155,R2_resolve_by_vin,12,1.481091
erc1155,R2_resolve_by_vin,13,0.96225
erc1155,R2_resolve_by_vin,14,1.224023
erc1155,R2_resolve_by_vin,15,1.080728
erc1155,R2_resolve_by_vin,16,0.889172
erc1155,R2_resolve_by_vin,17,0.970477
erc1155,R2_resolve_by_vin,18,0.869353
erc1155,R2_resolve_by_vin,19,0.997653
erc1155,R2_resolve_by_vin,20,1.28965
erc1155,R2_resolve_by_vin,21,1.221759
erc1155,R2_resolve_by_vin,22,0.914537
erc1155,R2_resolve_by_vin,23,0.872405
erc1155,R2_resolve_by_vin,24,0.881966
erc1155,R2_resolve_by_vin,25,0.814064
erc1155,R2_resolve_by_vin,26,0.803158
erc1155,R2_resolve_by_vin,27,0.776825
erc1155,R2_resolve_by_vin,28,0.827364
erc1155,R2_resolve_by_vin,29,0.770808
erc1155,R3_resolve_document,0,3.862075
erc1155,R3_resolve_document,1,2.459737
erc1155,R3_resolve_document,2,2.929134
erc1155,R3_resolve_document,3,3.274629
erc1155,R3_resolve_document,4,3.144951
erc1155,R3_resolve_document,5,2.457002
erc1155,R3_resolve_document,6,2.813758
erc1155,R3_resolve_document,7,3.534841
erc1155,R3_resolve_document,8,2.960591
erc1155,R3_resolve_document,9,2.158664
erc1155,R3_resolve_document,10,2.695746
erc1155,R3_resolve_document,11,2.900692
erc1155,R3_resolve_document,12,2.561893
erc1155,R3_resolve_document,13,3.427502
erc1155,R3_resolve_document,14,3.866913
erc1155,R3_resolve_document,15,3.678231
erc1155,R3_resolve_document,16,2.532765
erc1155,R3_resolve_document,17,4.73777
erc1155,R3_resolve_document,18,2.769702
erc1155,R3_resolve_document,19,2.826421
erc1155,R3_resolve_document,20,2.769804
erc1155,R3_resolve_document,21,2.675316
erc1155,R3_resolve_document,22,2.604573
erc1155,R3_resolve_document,23,2.62622
erc1155,R3_resolve_document,24,2.37841
erc1155,R3_resolve_document,25,2.376538
erc1155,R3_resolve_document,26,2.430141
erc1155,R3_resolve_document,27,2.713874
erc1155,R3_resolve_document,28,10.78093
erc1155,R3_resolve_document,29,2.662459
erc1155,U1_rotate_controller,0,8.493815
erc1155,U1_rotate_controller,1,8.959789
erc1155,U1_rotate_controller,2,8.929136
erc1155,U1_rotate_controller,3,9.121487
erc1155,U1_rotate_controller,4,8.473917
erc1155,U1_rotate_controller,5,10.662515
erc1155,U1_rotate_controller,6,8.36058
erc1155,U1_rotate_controller,7,9.604858
erc1155,U1_rotate_controller,8,8.39411
erc1155,U1_rotate_controller,9,8.509925
erc1155,U1_rotate_controller,10,7.864469
erc1155,U1_rotate_controller,11,8.690315
erc1155,U1_rotate_controller,12,7.668329
erc1155,U1_rotate_controller,13,9.366073
erc1155,U1_rotate_controller,14,9.535407
erc1155,U1_rotate_controller,15,7.259736
erc1155,U1_rotate_controller,16,8.691208
erc1155,U1_rotate_controller,17,8.00358
erc1155,U1_rotate_controller,18,8.289612
erc1155,U1_rotate_controller,19,7.753143
erc1155,U1_rotate_controller,20,10.012549
erc1155,U1_rotate_controller,21,9.012327
erc1155,U1_rotate_controller,22,13.947557
erc1155,U1_rotate_controller,23,11.893483
erc1155,U1_rotate_controller,24,10.694848
erc1155,U1_rotate_controller,25,9.375994
erc1155,U1_rotate_controller,26,11.941655
erc1155,U1_rotate_controller,27,13.169191
erc1155,U1_rotate_controller,28,9.440799
erc1155,U1_rotate_controller,29,9.414558
erc1155,U3_set_attribute,0,7.673093
erc1155,U3_set_attribute,1,8.484151
erc1155,U3_set_attribute,2,10.166632
erc1155,U3_set_attribute,3,8.35253
erc1155,U3_set_attribute,4,9.473923
erc1155,U3_set_attribute,5,8.78248
erc1155,U3_set_attribute,6,8.366296
erc1155,U3_set_attribute,7,7.195944
erc1155,U3_set_attribute,8,7.557775
erc1155,U3_set_attribute,9,7.291429
erc1155,U3_set_attribute,10,6.099397
erc1155,U3_set_attribute,11,6.233967
erc1155,U3_set_attribute,12,7.909666
erc1155,U3_set_attribute,13,7.5194
erc1155,U3_set_attribute,14,5.7603
erc1155,U3_set_attribute,15,7.686262
erc1155,U3_set_attribute,16,6.740814
erc1155,U3_set_attribute,17,6.473178
erc1155,U3_set_attribute,18,9.105254
erc1155,U3_set_attribute,19,8.932959
erc1155,U3_set_attribute,20,9.36394
erc1155,U3_set_attribute,21,6.324537
erc1155,U3_set_attribute,22,8.340602
erc1155,U3_set_attribute,23,6.866374
erc1155,U3_set_attribute,24,8.977524
erc1155,U3_set_attribute,25,8.682442
erc1155,U3_set_attribute,26,8.616788
erc1155,U3_set_attribute,27,7.344148
erc1155,U3_set_attribute,28,7.178211
erc1155,U3_set_attribute,29,6.88848
erc1155,U4_transfer_vehicle,0,10.970761
erc1155,U4_transfer_vehicle,1,12.852909
erc1155,U4_transfer_vehicle,2,12.147222
erc1155,U4_transfer_vehicle,3,9.231254
erc1155,U4_transfer_vehicle,4,9.950823
erc1155,U4_transfer_vehicle,5,9.908516
erc1155,U4_transfer_vehicle,6,8.451323
erc1155,U4_transfer_vehicle,7,9.106351
erc1155,U4_transfer_vehicle,8,9.876971
erc1155,U4_transfer_vehicle,9,8.076059
erc1155,U4_transfer_vehicle,10,8.916458
erc1155,U4_transfer_vehicle,11,9.062976
erc1155,U4_transfer_vehicle,12,9.006745
erc1155,U4_transfer_vehicle,13,9.407346
erc1155,U4_transfer_vehicle,14,10.204374
erc1155,U4_transfer_vehicle,15,10.949676
erc1155,U4_transfer_vehicle,16,10.993859
erc1155,U4_transfer_vehicle,17,10.110336
erc1155,U4_transfer_vehicle,18,11.8865
erc1155,U4_transfer_vehicle,19,11.567995
erc1155,U4_transfer_vehicle,20,10.959308
erc1155,U4_transfer_vehicle,21,11.403312
erc1155,U4_transfer_vehicle,22,10.289467
erc1155,U4_transfer_vehicle,23,10.965411
erc1155,U4_transfer_vehicle,24,10.232732
erc1155,U4_transfer_vehicle,25,8.499299
erc1155,U4_transfer_vehicle,26,7.909131
erc1155,U4_transfer_vehicle,27,8.344057
erc1155,U4_transfer_vehicle,28,9.011855
erc1155,U4_transfer_vehicle,29,9.669973
erc1155,D2_revoke_attribute,0,8.334305
erc1155,D2_revoke_attribute,1,6.700159
erc1155,D2_revoke_attribute,2,8.82601
erc1155,D2_revoke_attribute,3,12.507106
erc1155,D2_revoke_attribute,4,7.145792
erc1155,D2_revoke_attribute,5,7.475881
erc1155,D2_revoke_attribute,6,7.536529
erc1155,D2_revoke_attribute,7,8.1152
erc1155,D2_revoke_attribute,8,7.474336
erc1155,D2_revoke_attribute,9,7.202591
erc1155,D2_revoke_attribute,10,8.274096
erc1155,D2_revoke_attribute,11,6.731457
erc1155,D2_revoke_attribute,12,7.417578
erc1155,D2_revoke_attribute,13,7.606421
erc1155,D2_revoke_attribute,14,13.063994
erc1155,D2_revoke_attribute,15,6.407838
erc1155,D2_revoke_attribute,16,9.303026
erc1155,D2_revoke_attribute,17,9.461347
erc1155,D2_revoke_attribute,18,7.55717
erc1155,D2_revoke_attribute,19,10.097528
erc1155,D2_revoke_attribute,20,9.674095
erc1155,D2_revoke_attribute,21,8.44762
erc1155,D2_revoke_attribute,22,8.756365
erc1155,D2_revoke_attribute,23,7.651759
erc1155,D2_revoke_attribute,24,9.046428
erc1155,D2_revoke_attribute,25,6.962339
erc1155,D2_revoke_attribute,26,7.623956
erc1155,D2_revoke_attribute,27,7.692477
erc1155,D2_revoke_attribute,28,7.792516
erc1155,D2_revoke_attribute,29,7.728998
erc1155,D3_deactivate_identity,0,8.604818
erc1155,D3_deactivate_identity,1,8.887539
erc1155,D3_deactivate_identity,2,8.382293
erc1155,D3_deactivate_identity,3,9.149086
erc1155,D3_deactivate_identity,4,7.460266
erc1155,D3_deactivate_identity,5,16.613781
erc1155,D3_deactivate_identity,6,8.733374
erc1155,D3_deactivate_identity,7,7.572492
erc1155,D3_deactivate_identity,8,7.924565
erc1155,D3_deactivate_identity,9,8.092895
erc1155,D3_deactivate_identity,10,8.853588
erc1155,D3_deactivate_identity,11,8.861171
erc1155,D3_deactivate_identity,12,16.899914
erc1155,D3_deactivate_identity,13,8.082591
erc1155,D3_deactivate_identity,14,8.014529
erc1155,D3_deactivate_identity,15,9.031064
erc1155,D3_deactivate_identity,16,8.598525
erc1155,D3_deactivate_identity,17,8.823532
erc1155,D3_deactivate_identity,18,8.661796
erc1155,D3_deactivate_identity,19,9.82212
erc1155,D3_deactivate_identity,20,10.581777
erc1155,D3_deactivate_identity,21,9.419255
erc1155,D3_deactivate_identity,22,11.622766
erc1155,D3_deactivate_identity,23,8.624609
erc1155,D3_deactivate_identity,24,11.092485
erc1155,D3_deactivate_identity,25,10.050991
erc1155,D3_deactivate_identity,26,14.969958
erc1155,D3_deactivate_identity,27,10.157899
erc1155,D3_deactivate_identity,28,8.898138
erc1155,D3_deactivate_identity,29,8.897259
erc1155,V1_issuer_key_anchor,0,6.446208
erc1155,V1_issuer_key_anchor,1,7.002484
erc1155,V1_issuer_key_anchor,2,6.734016
erc1155,V1_issuer_key_anchor,3,6.189409
erc1155,V1_issuer_key_anchor,4,10.023406
erc1155,V1_issuer_key_anchor,5,6.704849
erc1155,V1_issuer_key_anchor,6,8.642782
erc1155,V1_issuer_key_anchor,7,6.479461
erc1155,V1_issuer_key_anchor,8,6.143351
erc1155,V1_issuer_key_anchor,9,8.472038
erc1155,V1_issuer_key_anchor,10,7.992013
erc1155,V1_issuer_key_anchor,11,7.217029
erc1155,V1_issuer_key_anchor,12,8.4515
erc1155,V1_issuer_key_anchor,13,6.010319
erc1155,V1_issuer_key_anchor,14,7.726267
erc1155,V1_issuer_key_anchor,15,6.599424
erc1155,V1_issuer_key_anchor,16,6.870344
erc1155,V1_issuer_key_anchor,17,6.344783
erc1155,V1_issuer_key_anchor,18,6.158784
erc1155,V1_issuer_key_anchor,19,8.268593
erc1155,V1_issuer_key_anchor,20,6.593438
erc1155,V1_issuer_key_anchor,21,6.393132
erc1155,V1_issuer_key_anchor,22,7.886779
erc1155,V1_issuer_key_anchor,23,6.519535
erc1155,V1_issuer_key_anchor,24,7.756328
erc1155,V1_issuer_key_anchor,25,7.615619
erc1155,V1_issuer_key_anchor,26,8.066096
erc1155,V1_issuer_key_anchor,27,8.53091
erc1155,V1_issuer_key_anchor,28,6.917783
erc1155,V1_issuer_key_anchor,29,7.349296
erc1155,V3_anchor_status,0,8.498426
erc1155,V3_anchor_status,1,8.380589
erc1155,V3_anchor_status,2,8.929838
erc1155,V3_anchor_status,3,8.190404
erc1155,V3_anchor_status,4,6.573206
erc1155,V3_anchor_status,5,6.353917
erc1155,V3_anchor_status,6,8.373912
erc1155,V3_anchor_status,7,9.254294
erc1155,V3_anchor_status,8,7.807793
erc1155,V3_anchor_status,9,10.98179
erc1155,V3_anchor_status,10,7.743612
erc1155,V3_anchor_status,11,6.585955
erc1155,V3_anchor_status,12,8.287679
erc1155,V3_anchor_status,13,7.676349
erc1155,V3_anchor_status,14,7.519757
erc1155,V3_anchor_status,15,8.43422
erc1155,V3_anchor_status,16,7.875794
erc1155,V3_anchor_status,17,7.047769
erc1155,V3_anchor_status,18,7.329684
erc1155,V3_anchor_status,19,7.77077
erc1155,V3_anchor_status,20,9.662259
erc1155,V3_anchor_status,21,7.609001
erc1155,V3_anchor_status,22,7.264265
erc1155,V3_anchor_status,23,7.697664
erc1155,V3_anchor_status,24,7.131137
erc1155,V3_anchor_status,25,7.297822
erc1155,V3_anchor_status,26,8.968634
erc1155,V3_anchor_status,27,8.48115
erc1155,V3_anchor_status,28,8.102588
erc1155,V3_anchor_status,29,9.562755
erc1155,V5_revoke_credential,0,8.254373
erc1155,V5_revoke_credential,1,9.550113
erc1155,V5_revoke_credential,2,11.281751
erc1155,V5_revoke_credential,3,7.990093
erc1155,V5_revoke_credential,4,8.448681
erc1155,V5_revoke_credential,5,6.87069
erc1155,V5_revoke_credential,6,7.985938
erc1155,V5_revoke_credential,7,8.519611
erc1155,V5_revoke_credential,8,7.793353
erc1155,V5_revoke_credential,9,7.708445
erc1155,V5_revoke_credential,10,7.768741
erc1155,V5_revoke_credential,11,9.759515
erc1155,V5_revoke_credential,12,8.643251
erc1155,V5_revoke_credential,13,10.536107
erc1155,V5_revoke_credential,14,10.745734
erc1155,V5_revoke_credential,15,7.675197
erc1155,V5_revoke_credential,16,8.182566
erc1155,V5_revoke_credential,17,9.029134
erc1155,V5_revoke_credential,18,8.409544
erc1155,V5_revoke_credential,19,7.992819
erc1155,V5_revoke_credential,20,8.279784
erc1155,V5_revoke_credential,21,10.566183
erc1155,V5_revoke_credential,22,7.738792
erc1155,V5_revoke_credential,23,7.586643
erc1155,V5_revoke_credential,24,7.625008
erc1155,V5_revoke_credential,25,8.19027
erc1155,V5_revoke_credential,26,7.668805
erc1155,V5_revoke_credential,27,8.629293
erc1155,V5_revoke_credential,28,6.184533
erc1155,V5_revoke_credential,29,10.803526
erc1155,V6_status_check,0,0.743691
erc1155,V6_status_check,1,0.96727
erc1155,V6_status_check,2,1.10742
erc1155,V6_status_check,3,0.883545
erc1155,V6_status_check,4,0.876744
erc1155,V6_status_check,5,0.823068
erc1155,V6_status_check,6,0.89068
erc1155,V6_status_check,7,0.909952
erc1155,V6_status_check,8,1.001937
erc1155,V6_status_check,9,1.431355
erc1155,V6_status_check,10,0.901418
erc1155,V6_status_check,11,0.828504
erc1155,V6_status_check,12,1.003252
erc1155,V6_status_check,13,0.881843
erc1155,V6_status_check,14,0.894649
erc1155,V6_status_check,15,1.189567
erc1155,V6_status_check,16,0.986004
erc1155,V6_status_check,17,1.024447
erc1155,V6_status_check,18,0.821956
erc1155,V6_status_check,19,2.559348
erc1155,V6_status_check,20,0.842975
erc1155,V6_status_check,21,0.97049
erc1155,V6_status_check,22,0.678458
erc1155,V6_status_check,23,1.129781
erc1155,V6_status_check,24,0.932396
erc1155,V6_status_check,25,0.785317
erc1155,V6_status_check,26,1.47678
erc1155,V6_status_check,27,0.996927
erc1155,V6_status_check,28,1.29601
erc1155,V6_status_check,29,1.182519
erc4337,C1_create_identity,0,21.847484
erc4337,C1_create_identity,1,22.078975
erc4337,C1_create_identity,2,22.51777
erc4337,C1_create_identity,3,24.118629
erc4337,C1_create_identity,4,22.97185
erc4337,C1_create_identity,5,22.862877
erc4337,C1_create_identity,6,20.595835
erc4337,C1_create_identity,7,22.238507
erc4337,C1_create_identity,8,21.676186
erc4337,C1_create_identity,9,24.851801
erc4337,C1_create_identity,10,22.950993
erc4337,C1_create_identity,11,25.653087
erc4337,C1_create_identity,12,21.450419
erc4337,C1_create_identity,13,20.282039
erc4337,C1_create_identity,14,21.52867
erc4337,C1_create_identity,15,25.803923
erc4337,C1_create_identity,16,26.749487
erc4337,C1_create_identity,17,28.153126
erc4337,C1_create_identity,18,24.152866
erc4337,C1_create_identity,19,21.092188
erc4337,C1_create_identity,20,20.398645
erc4337,C1_create_identity,21,33.005542
erc4337,C1_create_identity,22,22.077029
erc4337,C1_create_identity,23,22.75892
erc4337,C1_create_identity,24,22.719517
erc4337,C1_create_identity,25,24.315993
erc4337,C1_create_identity,26,21.420606
erc4337,C1_create_identity,27,23.220847
erc4337,C1_create_identity,28,25.121549
erc4337,C1_create_identity,29,23.067903
erc4337,C2_create_with_attributes,0,80.551292
erc4337,C2_create_with_attributes,1,70.957182
erc4337,C2_create_with_attributes,2,74.168585
erc4337,C2_create_with_attributes,3,68.330793
erc4337,C2_create_with_attributes,4,74.517629
erc4337,C2_create_with_attributes,5,94.305457
erc4337,C2_create_with_attributes,6,82.711498
erc4337,C2_create_with_attributes,7,83.856178
erc4337,C2_create_with_attributes,8,85.843329
erc4337,C2_create_with_attributes,9,94.672058
erc4337,C2_create_with_attributes,10,62.044831
erc4337,C2_create_with_attributes,11,72.450529
erc4337,C2_create_with_attributes,12,71.233824
erc4337,C2_create_with_attributes,13,72.951297
erc4337,C2_create_with_attributes,14,84.936813
erc4337,C2_create_with_attributes,15,70.964731
erc4337,C2_create_with_attributes,16,73.692994
erc4337,C2_create_with_attributes,17,75.781122
erc4337,C2_create_with_attributes,18,78.881494
erc4337,C2_create_with_attributes,19,73.969184
erc4337,C2_create_with_attributes,20,71.615765
erc4337,C2_create_with_attributes,21,68.676817
erc4337,C2_create_with_attributes,22,71.001307
erc4337,C2_create_with_attributes,23,73.236216
erc4337,C2_create_with_attributes,24,82.316062
erc4337,C2_create_with_attributes,25,70.347689
erc4337,C2_create_with_attributes,26,61.645277
erc4337,C2_create_with_attributes,27,72.911438
erc4337,C2_create_with_attributes,28,80.775846
erc4337,C2_create_with_attributes,29,82.935565
erc4337,R1_resolve_owner,0,0.784793
erc4337,R1_resolve_owner,1,0.681819
erc4337,R1_resolve_owner,2,0.583869
erc4337,R1_resolve_owner,3,0.669937
erc4337,R1_resolve_owner,4,0.909178
erc4337,R1_resolve_owner,5,0.770652
erc4337,R1_resolve_owner,6,0.764486
erc4337,R1_resolve_owner,7,0.54332
erc4337,R1_resolve_owner,8,0.584247
erc4337,R1_resolve_owner,9,0.465646
erc4337,R1_resolve_owner,10,0.642842
erc4337,R1_resolve_owner,11,0.652426
erc4337,R1_resolve_owner,12,0.495495
erc4337,R1_resolve_owner,13,0.628963
erc4337,R1_resolve_owner,14,0.456173
erc4337,R1_resolve_owner,15,0.423917
erc4337,R1_resolve_owner,16,0.451699
erc4337,R1_resolve_owner,17,0.625283
erc4337,R1_resolve_owner,18,0.769263
erc4337,R1_resolve_owner,19,0.523622
erc4337,R1_resolve_owner,20,0.790469
erc4337,R1_resolve_owner,21,0.647032
erc4337,R1_resolve_owner,22,0.465934
erc4337,R1_resolve_owner,23,0.737627
erc4337,R1_resolve_owner,24,0.712817
erc4337,R1_resolve_owner,25,0.472396
erc4337,R1_resolve_owner,26,0.67814
erc4337,R1_resolve_owner,27,0.74465
erc4337,R1_resolve_owner,28,0.633182
erc4337,R1_resolve_owner,29,0.693536
erc4337,R3_resolve_document,0,6.195699
erc4337,R3_resolve_document,1,14.820665
erc4337,R3_resolve_document,2,4.902677
erc4337,R3_resolve_document,3,13.290604
erc4337,R3_resolve_document,4,5.274625
erc4337,R3_resolve_document,5,4.515302
erc4337,R3_resolve_document,6,4.791123
erc4337,R3_resolve_document,7,12.747231
erc4337,R3_resolve_document,8,12.229221
erc4337,R3_resolve_document,9,4.657675
erc4337,R3_resolve_document,10,6.159098
erc4337,R3_resolve_document,11,4.967489
erc4337,R3_resolve_document,12,4.28958
erc4337,R3_resolve_document,13,4.719917
erc4337,R3_resolve_document,14,4.173795
erc4337,R3_resolve_document,15,5.621334
erc4337,R3_resolve_document,16,5.131705
erc4337,R3_resolve_document,17,4.582477
erc4337,R3_resolve_document,18,4.256517
erc4337,R3_resolve_document,19,4.621988
erc4337,R3_resolve_document,20,4.204926
erc4337,R3_resolve_document,21,14.534681
erc4337,R3_resolve_document,22,7.159908
erc4337,R3_resolve_document,23,4.232873
erc4337,R3_resolve_document,24,4.031389
erc4337,R3_resolve_document,25,4.221133
erc4337,R3_resolve_document,26,4.303826
erc4337,R3_resolve_document,27,4.186524
erc4337,R3_resolve_document,28,4.442986
erc4337,R3_resolve_document,29,4.083671
erc4337,R4_verify_delegate,0,0.772957
erc4337,R4_verify_delegate,1,0.701573
erc4337,R4_verify_delegate,2,0.637915
erc4337,R4_verify_delegate,3,0.602908
erc4337,R4_verify_delegate,4,0.893376
erc4337,R4_verify_delegate,5,0.878724
erc4337,R4_verify_delegate,6,0.894076
erc4337,R4_verify_delegate,7,0.856919
erc4337,R4_verify_delegate,8,0.861789
erc4337,R4_verify_delegate,9,0.896069
erc4337,R4_verify_delegate,10,0.718481
erc4337,R4_verify_delegate,11,0.849257
erc4337,R4_verify_delegate,12,0.866139
erc4337,R4_verify_delegate,13,0.877131
erc4337,R4_verify_delegate,14,0.82037
erc4337,R4_verify_delegate,15,0.738314
erc4337,R4_verify_delegate,16,0.831375
erc4337,R4_verify_delegate,17,0.653692
erc4337,R4_verify_delegate,18,0.803486
erc4337,R4_verify_delegate,19,1.014163
erc4337,R4_verify_delegate,20,0.794087
erc4337,R4_verify_delegate,21,1.011922
erc4337,R4_verify_delegate,22,0.785159
erc4337,R4_verify_delegate,23,0.764465
erc4337,R4_verify_delegate,24,0.786196
erc4337,R4_verify_delegate,25,0.888491
erc4337,R4_verify_delegate,26,0.892908
erc4337,R4_verify_delegate,27,0.708548
erc4337,R4_verify_delegate,28,0.51749
erc4337,R4_verify_delegate,29,0.728024
erc4337,U1_rotate_controller,0,6.702232
erc4337,U1_rotate_controller,1,6.158103
erc4337,U1_rotate_controller,2,7.544544
erc4337,U1_rotate_controller,3,5.646614
erc4337,U1_rotate_controller,4,6.50038
erc4337,U1_rotate_controller,5,6.003473
erc4337,U1_rotate_controller,6,5.646253
erc4337,U1_rotate_controller,7,7.218295
erc4337,U1_rotate_controller,8,5.998111
erc4337,U1_rotate_controller,9,6.116472
erc4337,U1_rotate_controller,10,7.24458
erc4337,U1_rotate_controller,11,9.12129
erc4337,U1_rotate_controller,12,8.788218
erc4337,U1_rotate_controller,13,6.584452
erc4337,U1_rotate_controller,14,6.894976
erc4337,U1_rotate_controller,15,5.961353
erc4337,U1_rotate_controller,16,8.924661
erc4337,U1_rotate_controller,17,8.760118
erc4337,U1_rotate_controller,18,8.88772
erc4337,U1_rotate_controller,19,8.046
erc4337,U1_rotate_controller,20,5.762398
erc4337,U1_rotate_controller,21,6.679772
erc4337,U1_rotate_controller,22,6.20236
erc4337,U1_rotate_controller,23,5.811459
erc4337,U1_rotate_controller,24,6.047857
erc4337,U1_rotate_controller,25,7.658822
erc4337,U1_rotate_controller,26,6.180778
erc4337,U1_rotate_controller,27,5.900736
erc4337,U1_rotate_controller,28,5.745046
erc4337,U1_rotate_controller,29,11.813428
erc4337,U2_add_delegate,0,6.987084
erc4337,U2_add_delegate,1,7.615554
erc4337,U2_add_delegate,2,6.337144
erc4337,U2_add_delegate,3,7.073794
erc4337,U2_add_delegate,4,6.026447
erc4337,U2_add_delegate,5,6.918359
erc4337,U2_add_delegate,6,6.408491
erc4337,U2_add_delegate,7,6.948334
erc4337,U2_add_delegate,8,5.784718
erc4337,U2_add_delegate,9,6.986558
erc4337,U2_add_delegate,10,5.951725
erc4337,U2_add_delegate,11,6.335987
erc4337,U2_add_delegate,12,8.182267
erc4337,U2_add_delegate,13,6.03295
erc4337,U2_add_delegate,14,7.528582
erc4337,U2_add_delegate,15,8.537931
erc4337,U2_add_delegate,16,6.368101
erc4337,U2_add_delegate,17,5.960699
erc4337,U2_add_delegate,18,5.854291
erc4337,U2_add_delegate,19,7.621645
erc4337,U2_add_delegate,20,6.621772
erc4337,U2_add_delegate,21,7.823103
erc4337,U2_add_delegate,22,6.328822
erc4337,U2_add_delegate,23,6.694285
erc4337,U2_add_delegate,24,6.927836
erc4337,U2_add_delegate,25,6.462542
erc4337,U2_add_delegate,26,6.272206
erc4337,U2_add_delegate,27,7.017716
erc4337,U2_add_delegate,28,7.414918
erc4337,U2_add_delegate,29,8.128223
erc4337,U3_set_attribute,0,6.786504
erc4337,U3_set_attribute,1,8.431764
erc4337,U3_set_attribute,2,6.593919
erc4337,U3_set_attribute,3,7.095683
erc4337,U3_set_attribute,4,9.421751
erc4337,U3_set_attribute,5,7.380665
erc4337,U3_set_attribute,6,7.494217
erc4337,U3_set_attribute,7,12.761769
erc4337,U3_set_attribute,8,7.68648
erc4337,U3_set_attribute,9,6.949776
erc4337,U3_set_attribute,10,7.69
erc4337,U3_set_attribute,11,9.00885
erc4337,U3_set_attribute,12,9.741589
erc4337,U3_set_attribute,13,8.802951
erc4337,U3_set_attribute,14,9.217834
erc4337,U3_set_attribute,15,9.749933
erc4337,U3_set_attribute,16,10.879595
erc4337,U3_set_attribute,17,9.193538
erc4337,U3_set_attribute,18,8.430114
erc4337,U3_set_attribute,19,9.834788
erc4337,U3_set_attribute,20,7.443255
erc4337,U3_set_attribute,21,9.413426
erc4337,U3_set_attribute,22,6.118677
erc4337,U3_set_attribute,23,9.218897
erc4337,U3_set_attribute,24,7.46112
erc4337,U3_set_attribute,25,9.155148
erc4337,U3_set_attribute,26,7.615326
erc4337,U3_set_attribute,27,8.754744
erc4337,U3_set_attribute,28,7.071809
erc4337,U3_set_attribute,29,6.482062
erc4337,U4_transfer_vehicle,0,6.180987
erc4337,U4_transfer_vehicle,1,11.41886
erc4337,U4_transfer_vehicle,2,7.328477
erc4337,U4_transfer_vehicle,3,7.946314
erc4337,U4_transfer_vehicle,4,6.575893
erc4337,U4_transfer_vehicle,5,6.808016
erc4337,U4_transfer_vehicle,6,6.601439
erc4337,U4_transfer_vehicle,7,7.340158
erc4337,U4_transfer_vehicle,8,7.002836
erc4337,U4_transfer_vehicle,9,5.727905
erc4337,U4_transfer_vehicle,10,6.857245
erc4337,U4_transfer_vehicle,11,6.64183
erc4337,U4_transfer_vehicle,12,6.487725
erc4337,U4_transfer_vehicle,13,5.900126
erc4337,U4_transfer_vehicle,14,7.613919
erc4337,U4_transfer_vehicle,15,5.344429
erc4337,U4_transfer_vehicle,16,6.767098
erc4337,U4_transfer_vehicle,17,6.109269
erc4337,U4_transfer_vehicle,18,7.556812
erc4337,U4_transfer_vehicle,19,6.18199
erc4337,U4_transfer_vehicle,20,8.053612
erc4337,U4_transfer_vehicle,21,8.003363
erc4337,U4_transfer_vehicle,22,7.318967
erc4337,U4_transfer_vehicle,23,6.905352
erc4337,U4_transfer_vehicle,24,7.575164
erc4337,U4_transfer_vehicle,25,6.835672
erc4337,U4_transfer_vehicle,26,6.667202
erc4337,U4_transfer_vehicle,27,7.182735
erc4337,U4_transfer_vehicle,28,7.600557
erc4337,U4_transfer_vehicle,29,6.13215
erc4337,U5_meta_tx,0,16.724481
erc4337,U5_meta_tx,1,15.553324
erc4337,U5_meta_tx,2,14.867086
erc4337,U5_meta_tx,3,14.140892
erc4337,U5_meta_tx,4,16.120142
erc4337,U5_meta_tx,5,15.475624
erc4337,U5_meta_tx,6,16.976119
erc4337,U5_meta_tx,7,15.06575
erc4337,U5_meta_tx,8,14.567643
erc4337,U5_meta_tx,9,18.880065
erc4337,U5_meta_tx,10,15.565094
erc4337,U5_meta_tx,11,16.399205
erc4337,U5_meta_tx,12,16.589196
erc4337,U5_meta_tx,13,17.793737
erc4337,U5_meta_tx,14,15.084234
erc4337,U5_meta_tx,15,19.190276
erc4337,U5_meta_tx,16,16.255406
erc4337,U5_meta_tx,17,14.840513
erc4337,U5_meta_tx,18,15.459181
erc4337,U5_meta_tx,19,14.988629
erc4337,U5_meta_tx,20,16.716203
erc4337,U5_meta_tx,21,15.332368
erc4337,U5_meta_tx,22,13.551974
erc4337,U5_meta_tx,23,17.095105
erc4337,U5_meta_tx,24,14.516305
erc4337,U5_meta_tx,25,21.839032
erc4337,U5_meta_tx,26,14.505162
erc4337,U5_meta_tx,27,17.241278
erc4337,U5_meta_tx,28,19.89434
erc4337,U5_meta_tx,29,20.765046
erc4337,D1_revoke_delegate,0,7.659894
erc4337,D1_revoke_delegate,1,7.684837
erc4337,D1_revoke_delegate,2,7.304147
erc4337,D1_revoke_delegate,3,7.689394
erc4337,D1_revoke_delegate,4,7.919219
erc4337,D1_revoke_delegate,5,8.868354
erc4337,D1_revoke_delegate,6,7.122656
erc4337,D1_revoke_delegate,7,7.65884
erc4337,D1_revoke_delegate,8,9.356986
erc4337,D1_revoke_delegate,9,6.182734
erc4337,D1_revoke_delegate,10,7.151294
erc4337,D1_revoke_delegate,11,7.688144
erc4337,D1_revoke_delegate,12,8.611926
erc4337,D1_revoke_delegate,13,10.009671
erc4337,D1_revoke_delegate,14,7.13662
erc4337,D1_revoke_delegate,15,6.579366
erc4337,D1_revoke_delegate,16,8.305988
erc4337,D1_revoke_delegate,17,10.081136
erc4337,D1_revoke_delegate,18,6.762623
erc4337,D1_revoke_delegate,19,9.667116
erc4337,D1_revoke_delegate,20,7.399751
erc4337,D1_revoke_delegate,21,7.787632
erc4337,D1_revoke_delegate,22,10.154921
erc4337,D1_revoke_delegate,23,9.279683
erc4337,D1_revoke_delegate,24,7.682942
erc4337,D1_revoke_delegate,25,6.950066
erc4337,D1_revoke_delegate,26,8.165467
erc4337,D1_revoke_delegate,27,8.838966
erc4337,D1_revoke_delegate,28,6.818839
erc4337,D1_revoke_delegate,29,7.128995
erc4337,D2_revoke_attribute,0,8.033552
erc4337,D2_revoke_attribute,1,7.090112
erc4337,D2_revoke_attribute,2,18.230177
erc4337,D2_revoke_attribute,3,7.966005
erc4337,D2_revoke_attribute,4,9.539193
erc4337,D2_revoke_attribute,5,8.249831
erc4337,D2_revoke_attribute,6,8.471739
erc4337,D2_revoke_attribute,7,8.255498
erc4337,D2_revoke_attribute,8,9.12664
erc4337,D2_revoke_attribute,9,8.303122
erc4337,D2_revoke_attribute,10,7.85005
erc4337,D2_revoke_attribute,11,8.974913
erc4337,D2_revoke_attribute,12,9.549231
erc4337,D2_revoke_attribute,13,8.210416
erc4337,D2_revoke_attribute,14,11.83144
erc4337,D2_revoke_attribute,15,8.79771
erc4337,D2_revoke_attribute,16,10.835418
erc4337,D2_revoke_attribute,17,8.69768
erc4337,D2_revoke_attribute,18,8.862697
erc4337,D2_revoke_attribute,19,8.216258
erc4337,D2_revoke_attribute,20,8.032695
erc4337,D2_revoke_attribute,21,8.173468
erc4337,D2_revoke_attribute,22,7.908702
erc4337,D2_revoke_attribute,23,10.293698
erc4337,D2_revoke_attribute,24,12.39201
erc4337,D2_revoke_attribute,25,11.439837
erc4337,D2_revoke_attribute,26,10.126131
erc4337,D2_revoke_attribute,27,7.940139
erc4337,D2_revoke_attribute,28,8.484932
erc4337,D2_revoke_attribute,29,7.777803
erc4337,D3_deactivate_identity,0,6.537815
erc4337,D3_deactivate_identity,1,7.247893
erc4337,D3_deactivate_identity,2,6.583668
erc4337,D3_deactivate_identity,3,9.082129
erc4337,D3_deactivate_identity,4,6.417742
erc4337,D3_deactivate_identity,5,5.854747
erc4337,D3_deactivate_identity,6,6.33147
erc4337,D3_deactivate_identity,7,8.462665
erc4337,D3_deactivate_identity,8,9.058095
erc4337,D3_deactivate_identity,9,6.611713
erc4337,D3_deactivate_identity,10,6.525374
erc4337,D3_deactivate_identity,11,6.804485
erc4337,D3_deactivate_identity,12,9.832305
erc4337,D3_deactivate_identity,13,8.090458
erc4337,D3_deactivate_identity,14,7.600926
erc4337,D3_deactivate_identity,15,6.529491
erc4337,D3_deactivate_identity,16,8.20004
erc4337,D3_deactivate_identity,17,9.615605
erc4337,D3_deactivate_identity,18,7.010664
erc4337,D3_deactivate_identity,19,5.894844
erc4337,D3_deactivate_identity,20,6.272771
erc4337,D3_deactivate_identity,21,6.469257
erc4337,D3_deactivate_identity,22,6.365834
erc4337,D3_deactivate_identity,23,6.151216
erc4337,D3_deactivate_identity,24,7.080121
erc4337,D3_deactivate_identity,25,6.037091
erc4337,D3_deactivate_identity,26,6.060784
erc4337,D3_deactivate_identity,27,7.327354
erc4337,D3_deactivate_identity,28,6.776762
erc4337,D3_deactivate_identity,29,5.883465
erc4337,V1_issuer_key_anchor,0,8.531802
erc4337,V1_issuer_key_anchor,1,15.354257
erc4337,V1_issuer_key_anchor,2,8.390638
erc4337,V1_issuer_key_anchor,3,7.016437
erc4337,V1_issuer_key_anchor,4,8.434908
erc4337,V1_issuer_key_anchor,5,6.942964
erc4337,V1_issuer_key_anchor,6,7.256336
erc4337,V1_issuer_key_anchor,7,6.767389
erc4337,V1_issuer_key_anchor,8,7.721779
erc4337,V1_issuer_key_anchor,9,7.124997
erc4337,V1_issuer_key_anchor,10,8.468539
erc4337,V1_issuer_key_anchor,11,9.070874
erc4337,V1_issuer_key_anchor,12,6.65508
erc4337,V1_issuer_key_anchor,13,9.668653
erc4337,V1_issuer_key_anchor,14,6.422193
erc4337,V1_issuer_key_anchor,15,6.531194
erc4337,V1_issuer_key_anchor,16,7.481015
erc4337,V1_issuer_key_anchor,17,7.212755
erc4337,V1_issuer_key_anchor,18,9.946946
erc4337,V1_issuer_key_anchor,19,8.656102
erc4337,V1_issuer_key_anchor,20,10.979167
erc4337,V1_issuer_key_anchor,21,9.763205
erc4337,V1_issuer_key_anchor,22,11.028438
erc4337,V1_issuer_key_anchor,23,9.486446
erc4337,V1_issuer_key_anchor,24,7.118059
erc4337,V1_issuer_key_anchor,25,7.058033
erc4337,V1_issuer_key_anchor,26,9.230273
erc4337,V1_issuer_key_anchor,27,8.313287
erc4337,V1_issuer_key_anchor,28,8.385565
erc4337,V1_issuer_key_anchor,29,7.267025
erc4337,V3_anchor_status,0,8.086111
erc4337,V3_anchor_status,1,8.627264
erc4337,V3_anchor_status,2,8.360588
erc4337,V3_anchor_status,3,7.944894
erc4337,V3_anchor_status,4,7.56677
erc4337,V3_anchor_status,5,8.377526
erc4337,V3_anchor_status,6,10.289689
erc4337,V3_anchor_status,7,7.363667
erc4337,V3_anchor_status,8,14.468576
erc4337,V3_anchor_status,9,7.324731
erc4337,V3_anchor_status,10,7.593618
erc4337,V3_anchor_status,11,6.666598
erc4337,V3_anchor_status,12,7.14348
erc4337,V3_anchor_status,13,7.010544
erc4337,V3_anchor_status,14,7.942329
erc4337,V3_anchor_status,15,7.056373
erc4337,V3_anchor_status,16,9.760468
erc4337,V3_anchor_status,17,7.442076
erc4337,V3_anchor_status,18,10.364835
erc4337,V3_anchor_status,19,8.007701
erc4337,V3_anchor_status,20,8.749375
erc4337,V3_anchor_status,21,11.137072
erc4337,V3_anchor_status,22,10.888299
erc4337,V3_anchor_status,23,9.387918
erc4337,V3_anchor_status,24,10.490997
erc4337,V3_anchor_status,25,9.095404
erc4337,V3_anchor_status,26,7.770425
erc4337,V3_anchor_status,27,7.395705
erc4337,V3_anchor_status,28,9.389464
erc4337,V3_anchor_status,29,9.322333
erc4337,V5_revoke_credential,0,11.68724
erc4337,V5_revoke_credential,1,10.189553
erc4337,V5_revoke_credential,2,7.169775
erc4337,V5_revoke_credential,3,9.060856
erc4337,V5_revoke_credential,4,9.423956
erc4337,V5_revoke_credential,5,7.047557
erc4337,V5_revoke_credential,6,9.154649
erc4337,V5_revoke_credential,7,7.159491
erc4337,V5_revoke_credential,8,9.946301
erc4337,V5_revoke_credential,9,11.087446
erc4337,V5_revoke_credential,10,7.190372
erc4337,V5_revoke_credential,11,7.745833
erc4337,V5_revoke_credential,12,16.621356
erc4337,V5_revoke_credential,13,10.081307
erc4337,V5_revoke_credential,14,7.838327
erc4337,V5_revoke_credential,15,6.958816
erc4337,V5_revoke_credential,16,7.985569
erc4337,V5_revoke_credential,17,9.169963
erc4337,V5_revoke_credential,18,8.565781
erc4337,V5_revoke_credential,19,8.220589
erc4337,V5_revoke_credential,20,9.098815
erc4337,V5_revoke_credential,21,7.236764
erc4337,V5_revoke_credential,22,7.919462
erc4337,V5_revoke_credential,23,7.787058
erc4337,V5_revoke_credential,24,6.965017
erc4337,V5_revoke_credential,25,7.342555
erc4337,V5_revoke_credential,26,7.637643
erc4337,V5_revoke_credential,27,10.449481
erc4337,V5_revoke_credential,28,8.114512
erc4337,V5_revoke_credential,29,21.5707
erc4337,V6_status_check,0,0.871441
erc4337,V6_status_check,1,0.811024
erc4337,V6_status_check,2,0.675895
erc4337,V6_status_check,3,0.602025
erc4337,V6_status_check,4,0.554235
erc4337,V6_status_check,5,0.832497
erc4337,V6_status_check,6,0.71977
erc4337,V6_status_check,7,0.52894
erc4337,V6_status_check,8,0.52309
erc4337,V6_status_check,9,0.577065
erc4337,V6_status_check,10,0.492096
erc4337,V6_status_check,11,0.598937
erc4337,V6_status_check,12,0.585624
erc4337,V6_status_check,13,0.553703
erc4337,V6_status_check,14,2.374813
erc4337,V6_status_check,15,0.653937
erc4337,V6_status_check,16,0.740823
erc4337,V6_status_check,17,0.669041
erc4337,V6_status_check,18,1.012881
erc4337,V6_status_check,19,0.816733
erc4337,V6_status_check,20,0.91196
erc4337,V6_status_check,21,0.639779
erc4337,V6_status_check,22,0.673544
erc4337,V6_status_check,23,0.651317
erc4337,V6_status_check,24,0.580792
erc4337,V6_status_check,25,0.916227
erc4337,V6_status_check,26,0.926349
erc4337,V6_status_check,27,0.80449
erc4337,V6_status_check,28,1.005475
erc4337,V6_status_check,29,0.960139
erc721,C1_create_identity,0,11.83357
erc721,C1_create_identity,1,10.230701
erc721,C1_create_identity,2,14.116496
erc721,C1_create_identity,3,10.57001
erc721,C1_create_identity,4,11.701288
erc721,C1_create_identity,5,10.79036
erc721,C1_create_identity,6,11.783792
erc721,C1_create_identity,7,13.513728
erc721,C1_create_identity,8,10.902234
erc721,C1_create_identity,9,11.092086
erc721,C1_create_identity,10,10.160145
erc721,C1_create_identity,11,10.651702
erc721,C1_create_identity,12,11.576275
erc721,C1_create_identity,13,10.873861
erc721,C1_create_identity,14,11.594008
erc721,C1_create_identity,15,9.84659
erc721,C1_create_identity,16,11.0862
erc721,C1_create_identity,17,10.248752
erc721,C1_create_identity,18,9.819804
erc721,C1_create_identity,19,10.96015
erc721,C1_create_identity,20,10.491929
erc721,C1_create_identity,21,11.103497
erc721,C1_create_identity,22,10.921692
erc721,C1_create_identity,23,9.448146
erc721,C1_create_identity,24,9.621337
erc721,C1_create_identity,25,10.190665
erc721,C1_create_identity,26,8.743463
erc721,C1_create_identity,27,10.908805
erc721,C1_create_identity,28,9.609619
erc721,C1_create_identity,29,9.887684
erc721,C2_create_with_attributes,0,11.604585
erc721,C2_create_with_attributes,1,11.580203
erc721,C2_create_with_attributes,2,10.98201
erc721,C2_create_with_attributes,3,12.990206
erc721,C2_create_with_attributes,4,11.841334
erc721,C2_create_with_attributes,5,10.891191
erc721,C2_create_with_attributes,6,11.501862
erc721,C2_create_with_attributes,7,11.479537
erc721,C2_create_with_attributes,8,12.561707
erc721,C2_create_with_attributes,9,12.486188
erc721,C2_create_with_attributes,10,11.381408
erc721,C2_create_with_attributes,11,10.471961
erc721,C2_create_with_attributes,12,10.701707
erc721,C2_create_with_attributes,13,14.192273
erc721,C2_create_with_attributes,14,10.731059
erc721,C2_create_with_attributes,15,11.934319
erc721,C2_create_with_attributes,16,10.630117
erc721,C2_create_with_attributes,17,12.184927
erc721,C2_create_with_attributes,18,12.342714
erc721,C2_create_with_attributes,19,14.618241
erc721,C2_create_with_attributes,20,13.265658
erc721,C2_create_with_attributes,21,12.392935
erc721,C2_create_with_attributes,22,11.48498
erc721,C2_create_with_attributes,23,13.039792
erc721,C2_create_with_attributes,24,13.476679
erc721,C2_create_with_attributes,25,13.530124
erc721,C2_create_with_attributes,26,12.234983
erc721,C2_create_with_attributes,27,11.652738
erc721,C2_create_with_attributes,28,10.548419
erc721,C2_create_with_attributes,29,10.323448
erc721,R1_resolve_owner,0,1.009598
erc721,R1_resolve_owner,1,0.946624
erc721,R1_resolve_owner,2,0.874519
erc721,R1_resolve_owner,3,0.907394
erc721,R1_resolve_owner,4,0.890073
erc721,R1_resolve_owner,5,0.784058
erc721,R1_resolve_owner,6,0.74956
erc721,R1_resolve_owner,7,0.760649
erc721,R1_resolve_owner,8,0.712084
erc721,R1_resolve_owner,9,0.767829
erc721,R1_resolve_owner,10,0.726231
erc721,R1_resolve_owner,11,1.070863
erc721,R1_resolve_owner,12,0.782835
erc721,R1_resolve_owner,13,0.657573
erc721,R1_resolve_owner,14,0.72401
erc721,R1_resolve_owner,15,1.008271
erc721,R1_resolve_owner,16,1.023528
erc721,R1_resolve_owner,17,0.872745
erc721,R1_resolve_owner,18,0.884411
erc721,R1_resolve_owner,19,1.074193
erc721,R1_resolve_owner,20,1.001217
erc721,R1_resolve_owner,21,1.110808
erc721,R1_resolve_owner,22,1.121861
erc721,R1_resolve_owner,23,1.036177
erc721,R1_resolve_owner,24,1.241069
erc721,R1_resolve_owner,25,1.668683
erc721,R1_resolve_owner,26,1.032335
erc721,R1_resolve_owner,27,1.17255
erc721,R1_resolve_owner,28,0.997971
erc721,R1_resolve_owner,29,0.842212
erc721,R2_resolve_by_vin,0,1.113021
erc721,R2_resolve_by_vin,1,1.085668
erc721,R2_resolve_by_vin,2,0.926689
erc721,R2_resolve_by_vin,3,0.986815
erc721,R2_resolve_by_vin,4,0.84737
erc721,R2_resolve_by_vin,5,0.83366
erc721,R2_resolve_by_vin,6,0.775933
erc721,R2_resolve_by_vin,7,0.916116
erc721,R2_resolve_by_vin,8,1.043123
erc721,R2_resolve_by_vin,9,0.771546
erc721,R2_resolve_by_vin,10,0.953683
erc721,R2_resolve_by_vin,11,0.678645
erc721,R2_resolve_by_vin,12,0.659043
erc721,R2_resolve_by_vin,13,0.790339
erc721,R2_resolve_by_vin,14,0.902028
erc721,R2_resolve_by_vin,15,0.906615
erc721,R2_resolve_by_vin,16,1.013519
erc721,R2_resolve_by_vin,17,0.942212
erc721,R2_resolve_by_vin,18,0.772264
erc721,R2_resolve_by_vin,19,0.957841
erc721,R2_resolve_by_vin,20,1.00141
erc721,R2_resolve_by_vin,21,0.849209
erc721,R2_resolve_by_vin,22,0.856061
erc721,R2_resolve_by_vin,23,0.812062
erc721,R2_resolve_by_vin,24,0.644527
erc721,R2_resolve_by_vin,25,0.899434
erc721,R2_resolve_by_vin,26,0.797778
erc721,R2_resolve_by_vin,27,0.801677
erc721,R2_resolve_by_vin,28,0.961107
erc721,R2_resolve_by_vin,29,1.412505
erc721,R3_resolve_document,0,4.133577
erc721,R3_resolve_document,1,16.461391
erc721,R3_resolve_document,2,8.416485
erc721,R3_resolve_document,3,5.075484
erc721,R3_resolve_document,4,3.837158
erc721,R3_resolve_document,5,4.500987
erc721,R3_resolve_document,6,4.057046
erc721,R3_resolve_document,7,4.200674
erc721,R3_resolve_document,8,4.960288
erc721,R3_resolve_document,9,19.87555
erc721,R3_resolve_document,10,4.171312
erc721,R3_resolve_document,11,13.513346
erc721,R3_resolve_document,12,4.098867
erc721,R3_resolve_document,13,7.062625
erc721,R3_resolve_document,14,7.565197
erc721,R3_resolve_document,15,4.493661
erc721,R3_resolve_document,16,4.687066
erc721,R3_resolve_document,17,4.230414
erc721,R3_resolve_document,18,4.712786
erc721,R3_resolve_document,19,4.790396
erc721,R3_resolve_document,20,5.235732
erc721,R3_resolve_document,21,15.998098
erc721,R3_resolve_document,22,13.754615
erc721,R3_resolve_document,23,4.993729
erc721,R3_resolve_document,24,5.839827
erc721,R3_resolve_document,25,5.785882
erc721,R3_resolve_document,26,7.003034
erc721,R3_resolve_document,27,3.779512
erc721,R3_resolve_document,28,5.068854
erc721,R3_resolve_document,29,4.603849
erc721,R4_verify_delegate,0,0.915265
erc721,R4_verify_delegate,1,0.877823
erc721,R4_verify_delegate,2,1.085295
erc721,R4_verify_delegate,3,0.923815
erc721,R4_verify_delegate,4,1.032548
erc721,R4_verify_delegate,5,0.955994
erc721,R4_verify_delegate,6,0.903074
erc721,R4_verify_delegate,7,1.042298
erc721,R4_verify_delegate,8,0.918286
erc721,R4_verify_delegate,9,0.956418
erc721,R4_verify_delegate,10,1.15363
erc721,R4_verify_delegate,11,1.521979
erc721,R4_verify_delegate,12,1.389464
erc721,R4_verify_delegate,13,1.313926
erc721,R4_verify_delegate,14,1.212644
erc721,R4_verify_delegate,15,1.553462
erc721,R4_verify_delegate,16,1.081594
erc721,R4_verify_delegate,17,1.272758
erc721,R4_verify_delegate,18,0.999589
erc721,R4_verify_delegate,19,1.107657
erc721,R4_verify_delegate,20,0.971417
erc721,R4_verify_delegate,21,1.020937
erc721,R4_verify_delegate,22,1.17988
erc721,R4_verify_delegate,23,1.056631
erc721,R4_verify_delegate,24,0.961528
erc721,R4_verify_delegate,25,0.983604
erc721,R4_verify_delegate,26,1.000548
erc721,R4_verify_delegate,27,1.018606
erc721,R4_verify_delegate,28,0.973628
erc721,R4_verify_delegate,29,0.989282
erc721,U1_rotate_controller,0,8.738313
erc721,U1_rotate_controller,1,9.033898
erc721,U1_rotate_controller,2,8.894387
erc721,U1_rotate_controller,3,10.757575
erc721,U1_rotate_controller,4,10.53363
erc721,U1_rotate_controller,5,10.17745
erc721,U1_rotate_controller,6,9.223122
erc721,U1_rotate_controller,7,10.548677
erc721,U1_rotate_controller,8,8.486722
erc721,U1_rotate_controller,9,8.072721
erc721,U1_rotate_controller,10,11.513471
erc721,U1_rotate_controller,11,11.308798
erc721,U1_rotate_controller,12,10.174175
erc721,U1_rotate_controller,13,17.583565
erc721,U1_rotate_controller,14,11.959773
erc721,U1_rotate_controller,15,9.195083
erc721,U1_rotate_controller,16,9.328762
erc721,U1_rotate_controller,17,8.869746
erc721,U1_rotate_controller,18,13.00852
erc721,U1_rotate_controller,19,8.247296
erc721,U1_rotate_controller,20,8.562846
erc721,U1_rotate_controller,21,9.826261
erc721,U1_rotate_controller,22,9.671752
erc721,U1_rotate_controller,23,7.934208
erc721,U1_rotate_controller,24,12.009305
erc721,U1_rotate_controller,25,10.034951
erc721,U1_rotate_controller,26,9.103891
erc721,U1_rotate_controller,27,8.955479
erc721,U1_rotate_controller,28,9.252304
erc721,U1_rotate_controller,29,9.345252
erc721,U2_add_delegate,0,5.796478
erc721,U2_add_delegate,1,7.752159
erc721,U2_add_delegate,2,5.927565
erc721,U2_add_delegate,3,6.896584
erc721,U2_add_delegate,4,6.065168
erc721,U2_add_delegate,5,7.272509
erc721,U2_add_delegate,6,6.837113
erc721,U2_add_delegate,7,6.460753
erc721,U2_add_delegate,8,7.617818
erc721,U2_add_delegate,9,7.951682
erc721,U2_add_delegate,10,7.262223
erc721,U2_add_delegate,11,6.780283
erc721,U2_add_delegate,12,7.298966
erc721,U2_add_delegate,13,6.031715
erc721,U2_add_delegate,14,6.892472
erc721,U2_add_delegate,15,6.441385
erc721,U2_add_delegate,16,6.541168
erc721,U2_add_delegate,17,6.614373
erc721,U2_add_delegate,18,6.56035
erc721,U2_add_delegate,19,6.54428
erc721,U2_add_delegate,20,7.237755
erc721,U2_add_delegate,21,6.030555
erc721,U2_add_delegate,22,7.122186
erc721,U2_add_delegate,23,7.741945
erc721,U2_add_delegate,24,7.99656
erc721,U2_add_delegate,25,6.59036
erc721,U2_add_delegate,26,7.28937
erc721,U2_add_delegate,27,6.390785
erc721,U2_add_delegate,28,6.315623
erc721,U2_add_delegate,29,7.769101
erc721,U3_set_attribute,0,7.298905
erc721,U3_set_attribute,1,8.166201
erc721,U3_set_attribute,2,7.498488
erc721,U3_set_attribute,3,7.816976
erc721,U3_set_attribute,4,8.094498
erc721,U3_set_attribute,5,8.103699
erc721,U3_set_attribute,6,7.835931
erc721,U3_set_attribute,7,7.277004
erc721,U3_set_attribute,8,6.972593
erc721,U3_set_attribute,9,10.168697
erc721,U3_set_attribute,10,8.69834
erc721,U3_set_attribute,11,7.665117
erc721,U3_set_attribute,12,6.779258
erc721,U3_set_attribute,13,6.730227
erc721,U3_set_attribute,14,6.838296
erc721,U3_set_attribute,15,7.238164
erc721,U3_set_attribute,16,7.155416
erc721,U3_set_attribute,17,7.116355
erc721,U3_set_attribute,18,7.142613
erc721,U3_set_attribute,19,6.806317
erc721,U3_set_attribute,20,7.130664
erc721,U3_set_attribute,21,9.601664
erc721,U3_set_attribute,22,11.605031
erc721,U3_set_attribute,23,9.0742
erc721,U3_set_attribute,24,8.011584
erc721,U3_set_attribute,25,6.974365
erc721,U3_set_attribute,26,9.147946
erc721,U3_set_attribute,27,6.862848
erc721,U3_set_attribute,28,8.176399
erc721,U3_set_attribute,29,7.725448
erc721,U4_transfer_vehicle,0,9.879347
erc721,U4_transfer_vehicle,1,9.721134
erc721,U4_transfer_vehicle,2,10.317358
erc721,U4_transfer_vehicle,3,9.852082
erc721,U4_transfer_vehicle,4,9.213066
erc721,U4_transfer_vehicle,5,9.992055
erc721,U4_transfer_vehicle,6,10.325463
erc721,U4_transfer_vehicle,7,9.288331
erc721,U4_transfer_vehicle,8,10.333578
erc721,U4_transfer_vehicle,9,9.520145
erc721,U4_transfer_vehicle,10,10.219959
erc721,U4_transfer_vehicle,11,9.491232
erc721,U4_transfer_vehicle,12,9.432149
erc721,U4_transfer_vehicle,13,9.379479
erc721,U4_transfer_vehicle,14,9.444522
erc721,U4_transfer_vehicle,15,10.158938
erc721,U4_transfer_vehicle,16,9.02674
erc721,U4_transfer_vehicle,17,12.437955
erc721,U4_transfer_vehicle,18,8.598061
erc721,U4_transfer_vehicle,19,9.152589
erc721,U4_transfer_vehicle,20,10.269718
erc721,U4_transfer_vehicle,21,9.067159
erc721,U4_transfer_vehicle,22,9.687222
erc721,U4_transfer_vehicle,23,10.097384
erc721,U4_transfer_vehicle,24,11.916923
erc721,U4_transfer_vehicle,25,10.60597
erc721,U4_transfer_vehicle,26,12.652113
erc721,U4_transfer_vehicle,27,10.905198
erc721,U4_transfer_vehicle,28,12.210927
erc721,U4_transfer_vehicle,29,11.410673
erc721,D1_revoke_delegate,0,6.891834
erc721,D1_revoke_delegate,1,11.123537
erc721,D1_revoke_delegate,2,6.730728
erc721,D1_revoke_delegate,3,8.040023
erc721,D1_revoke_delegate,4,9.156798
erc721,D1_revoke_delegate,5,7.344367
erc721,D1_revoke_delegate,6,7.234111
erc721,D1_revoke_delegate,7,7.501177
erc721,D1_revoke_delegate,8,6.969624
erc721,D1_revoke_delegate,9,14.155907
erc721,D1_revoke_delegate,10,7.650991
erc721,D1_revoke_delegate,11,8.07771
erc721,D1_revoke_delegate,12,8.622276
erc721,D1_revoke_delegate,13,7.953172
erc721,D1_revoke_delegate,14,7.628759
erc721,D1_revoke_delegate,15,6.674475
erc721,D1_revoke_delegate,16,7.492838
erc721,D1_revoke_delegate,17,7.626109
erc721,D1_revoke_delegate,18,7.149712
erc721,D1_revoke_delegate,19,7.225749
erc721,D1_revoke_delegate,20,11.546371
erc721,D1_revoke_delegate,21,8.251062
erc721,D1_revoke_delegate,22,7.299466
erc721,D1_revoke_delegate,23,7.309866
erc721,D1_revoke_delegate,24,7.073241
erc721,D1_revoke_delegate,25,6.399976
erc721,D1_revoke_delegate,26,6.68008
erc721,D1_revoke_delegate,27,8.017747
erc721,D1_revoke_delegate,28,6.492569
erc721,D1_revoke_delegate,29,7.634183
erc721,D3_deactivate_identity,0,8.693367
erc721,D3_deactivate_identity,1,7.331654
erc721,D3_deactivate_identity,2,7.635182
erc721,D3_deactivate_identity,3,8.380633
erc721,D3_deactivate_identity,4,9.381785
erc721,D3_deactivate_identity,5,7.740604
erc721,D3_deactivate_identity,6,7.80384
erc721,D3_deactivate_identity,7,9.909435
erc721,D3_deactivate_identity,8,7.876025
erc721,D3_deactivate_identity,9,8.723627
erc721,D3_deactivate_identity,10,13.034692
erc721,D3_deactivate_identity,11,7.939179
erc721,D3_deactivate_identity,12,7.037634
erc721,D3_deactivate_identity,13,10.695307
erc721,D3_deactivate_identity,14,7.307227
erc721,D3_deactivate_identity,15,7.644796
erc721,D3_deactivate_identity,16,7.434973
erc721,D3_deactivate_identity,17,10.881647
erc721,D3_deactivate_identity,18,7.236208
erc721,D3_deactivate_identity,19,8.463163
erc721,D3_deactivate_identity,20,6.916473
erc721,D3_deactivate_identity,21,8.074497
erc721,D3_deactivate_identity,22,7.142331
erc721,D3_deactivate_identity,23,9.878533
erc721,D3_deactivate_identity,24,6.62296
erc721,D3_deactivate_identity,25,10.001717
erc721,D3_deactivate_identity,26,7.660587
erc721,D3_deactivate_identity,27,8.971278
erc721,D3_deactivate_identity,28,6.668199
erc721,D3_deactivate_identity,29,8.18663
erc721,V1_issuer_key_anchor,0,12.71689
erc721,V1_issuer_key_anchor,1,10.994188
erc721,V1_issuer_key_anchor,2,10.867224
erc721,V1_issuer_key_anchor,3,15.137253
erc721,V1_issuer_key_anchor,4,18.422023
erc721,V1_issuer_key_anchor,5,19.735126
erc721,V1_issuer_key_anchor,6,15.461649
erc721,V1_issuer_key_anchor,7,14.450201
erc721,V1_issuer_key_anchor,8,11.670206
erc721,V1_issuer_key_anchor,9,10.71813
erc721,V1_issuer_key_anchor,10,10.671404
erc721,V1_issuer_key_anchor,11,18.055323
erc721,V1_issuer_key_anchor,12,15.05659
erc721,V1_issuer_key_anchor,13,17.863059
erc721,V1_issuer_key_anchor,14,16.924766
erc721,V1_issuer_key_anchor,15,19.183655
erc721,V1_issuer_key_anchor,16,17.106751
erc721,V1_issuer_key_anchor,17,14.673491
erc721,V1_issuer_key_anchor,18,12.684603
erc721,V1_issuer_key_anchor,19,18.225371
erc721,V1_issuer_key_anchor,20,20.59283
erc721,V1_issuer_key_anchor,21,14.415701
erc721,V1_issuer_key_anchor,22,16.695718
erc721,V1_issuer_key_anchor,23,18.368571
erc721,V1_issuer_key_anchor,24,14.5003
erc721,V1_issuer_key_anchor,25,11.0478
erc721,V1_issuer_key_anchor,26,15.577353
erc721,V1_issuer_key_anchor,27,12.857829
erc721,V1_issuer_key_anchor,28,14.63374
erc721,V1_issuer_key_anchor,29,12.06785
erc721,V3_anchor_status,0,8.302033
erc721,V3_anchor_status,1,8.528181
erc721,V3_anchor_status,2,8.249027
erc721,V3_anchor_status,3,8.07915
erc721,V3_anchor_status,4,7.853898
erc721,V3_anchor_status,5,9.289599
erc721,V3_anchor_status,6,7.409409
erc721,V3_anchor_status,7,7.402777
erc721,V3_anchor_status,8,7.985707
erc721,V3_anchor_status,9,8.004858
erc721,V3_anchor_status,10,8.658546
erc721,V3_anchor_status,11,7.920055
erc721,V3_anchor_status,12,9.361685
erc721,V3_anchor_status,13,9.519679
erc721,V3_anchor_status,14,7.827455
erc721,V3_anchor_status,15,6.559077
erc721,V3_anchor_status,16,7.472298
erc721,V3_anchor_status,17,7.14846
erc721,V3_anchor_status,18,11.091647
erc721,V3_anchor_status,19,11.563234
erc721,V3_anchor_status,20,9.154094
erc721,V3_anchor_status,21,7.60802
erc721,V3_anchor_status,22,7.792515
erc721,V3_anchor_status,23,9.429253
erc721,V3_anchor_status,24,9.664392
erc721,V3_anchor_status,25,11.308035
erc721,V3_anchor_status,26,9.014362
erc721,V3_anchor_status,27,10.68224
erc721,V3_anchor_status,28,7.985224
erc721,V3_anchor_status,29,11.020713
erc721,V5_revoke_credential,0,8.121521
erc721,V5_revoke_credential,1,6.917073
erc721,V5_revoke_credential,2,8.522976
erc721,V5_revoke_credential,3,7.444285
erc721,V5_revoke_credential,4,7.9911
erc721,V5_revoke_credential,5,10.149944
erc721,V5_revoke_credential,6,7.844576
erc721,V5_revoke_credential,7,8.112102
erc721,V5_revoke_credential,8,6.544615
erc721,V5_revoke_credential,9,8.06149
erc721,V5_revoke_credential,10,8.069674
erc721,V5_revoke_credential,11,7.728788
erc721,V5_revoke_credential,12,9.417466
erc721,V5_revoke_credential,13,8.688317
erc721,V5_revoke_credential,14,8.917743
erc721,V5_revoke_credential,15,11.363627
erc721,V5_revoke_credential,16,10.834176
erc721,V5_revoke_credential,17,8.044571
erc721,V5_revoke_credential,18,9.602806
erc721,V5_revoke_credential,19,11.559696
erc721,V5_revoke_credential,20,11.180475
erc721,V5_revoke_credential,21,9.094041
erc721,V5_revoke_credential,22,8.395937
erc721,V5_revoke_credential,23,7.132846
erc721,V5_revoke_credential,24,6.64733
erc721,V5_revoke_credential,25,8.203866
erc721,V5_revoke_credential,26,21.264112
erc721,V5_revoke_credential,27,8.688554
erc721,V5_revoke_credential,28,7.826003
erc721,V5_revoke_credential,29,8.604428
erc721,V6_status_check,0,1.471467
erc721,V6_status_check,1,1.447657
erc721,V6_status_check,2,2.876854
erc721,V6_status_check,3,1.570216
erc721,V6_status_check,4,1.324228
erc721,V6_status_check,5,1.176478
erc721,V6_status_check,6,1.470792
erc721,V6_status_check,7,3.418873
erc721,V6_status_check,8,1.223512
erc721,V6_status_check,9,1.93267
erc721,V6_status_check,10,1.388205
erc721,V6_status_check,11,1.174386
erc721,V6_status_check,12,1.096587
erc721,V6_status_check,13,1.242828
erc721,V6_status_check,14,1.323615
erc721,V6_status_check,15,1.319365
erc721,V6_status_check,16,1.052815
erc721,V6_status_check,17,1.575094
erc721,V6_status_check,18,1.2312
erc721,V6_status_check,19,1.017185
erc721,V6_status_check,20,1.529527
erc721,V6_status_check,21,1.202845
erc721,V6_status_check,22,1.167394
erc721,V6_status_check,23,1.18383
erc721,V6_status_check,24,1.104852
erc721,V6_status_check,25,1.120592
erc721,V6_status_check,26,0.966884
erc721,V6_status_check,27,0.890254
erc721,V6_status_check,28,0.891719
erc721,V6_status_check,29,1.040804
erc725,C1_create_identity,0,16.961783
erc725,C1_create_identity,1,21.803708
erc725,C1_create_identity,2,16.446042
erc725,C1_create_identity,3,17.943981
erc725,C1_create_identity,4,19.285691
erc725,C1_create_identity,5,18.378262
erc725,C1_create_identity,6,19.414207
erc725,C1_create_identity,7,17.226121
erc725,C1_create_identity,8,18.230453
erc725,C1_create_identity,9,18.553718
erc725,C1_create_identity,10,18.560134
erc725,C1_create_identity,11,15.757848
erc725,C1_create_identity,12,18.328591
erc725,C1_create_identity,13,16.682427
erc725,C1_create_identity,14,18.903719
erc725,C1_create_identity,15,16.629315
erc725,C1_create_identity,16,18.565964
erc725,C1_create_identity,17,17.905226
erc725,C1_create_identity,18,18.324786
erc725,C1_create_identity,19,18.287517
erc725,C1_create_identity,20,18.821564
erc725,C1_create_identity,21,20.868657
erc725,C1_create_identity,22,19.585102
erc725,C1_create_identity,23,18.026898
erc725,C1_create_identity,24,17.523825
erc725,C1_create_identity,25,26.05242
erc725,C1_create_identity,26,20.523214
erc725,C1_create_identity,27,16.179814
erc725,C1_create_identity,28,21.330417
erc725,C1_create_identity,29,22.907725
erc725,C2_create_with_attributes,0,68.630541
erc725,C2_create_with_attributes,1,69.487409
erc725,C2_create_with_attributes,2,71.676221
erc725,C2_create_with_attributes,3,65.741847
erc725,C2_create_with_attributes,4,82.397054
erc725,C2_create_with_attributes,5,72.192696
erc725,C2_create_with_attributes,6,85.035252
erc725,C2_create_with_attributes,7,77.585564
erc725,C2_create_with_attributes,8,67.685896
erc725,C2_create_with_attributes,9,77.686306
erc725,C2_create_with_attributes,10,68.770182
erc725,C2_create_with_attributes,11,95.492688
erc725,C2_create_with_attributes,12,69.906452
erc725,C2_create_with_attributes,13,70.406078
erc725,C2_create_with_attributes,14,67.681154
erc725,C2_create_with_attributes,15,68.679389
erc725,C2_create_with_attributes,16,81.571295
erc725,C2_create_with_attributes,17,61.366419
erc725,C2_create_with_attributes,18,64.046524
erc725,C2_create_with_attributes,19,64.940386
erc725,C2_create_with_attributes,20,61.376037
erc725,C2_create_with_attributes,21,73.106235
erc725,C2_create_with_attributes,22,64.840384
erc725,C2_create_with_attributes,23,62.440329
erc725,C2_create_with_attributes,24,72.653404
erc725,C2_create_with_attributes,25,64.93722
erc725,C2_create_with_attributes,26,68.488021
erc725,C2_create_with_attributes,27,69.72451
erc725,C2_create_with_attributes,28,68.575843
erc725,C2_create_with_attributes,29,71.627218
erc725,R1_resolve_owner,0,0.658769
erc725,R1_resolve_owner,1,0.57908
erc725,R1_resolve_owner,2,0.712059
erc725,R1_resolve_owner,3,1.128095
erc725,R1_resolve_owner,4,0.922911
erc725,R1_resolve_owner,5,1.047491
erc725,R1_resolve_owner,6,0.619524
erc725,R1_resolve_owner,7,0.735833
erc725,R1_resolve_owner,8,0.740912
erc725,R1_resolve_owner,9,0.832462
erc725,R1_resolve_owner,10,0.730814
erc725,R1_resolve_owner,11,0.689778
erc725,R1_resolve_owner,12,0.562714
erc725,R1_resolve_owner,13,0.530665
erc725,R1_resolve_owner,14,0.678293
erc725,R1_resolve_owner,15,0.597866
erc725,R1_resolve_owner,16,0.556744
erc725,R1_resolve_owner,17,0.667434
erc725,R1_resolve_owner,18,0.644064
erc725,R1_resolve_owner,19,0.918667
erc725,R1_resolve_owner,20,0.701244
erc725,R1_resolve_owner,21,0.737015
erc725,R1_resolve_owner,22,0.747241
erc725,R1_resolve_owner,23,0.639566
erc725,R1_resolve_owner,24,0.754364
erc725,R1_resolve_owner,25,0.707048
erc725,R1_resolve_owner,26,0.685456
erc725,R1_resolve_owner,27,0.642544
erc725,R1_resolve_owner,28,0.838579
erc725,R1_resolve_owner,29,0.72719
erc725,R3_resolve_document,0,9.178591
erc725,R3_resolve_document,1,9.74049
erc725,R3_resolve_document,2,14.672858
erc725,R3_resolve_document,3,12.618499
erc725,R3_resolve_document,4,11.03326
erc725,R3_resolve_document,5,11.639926
erc725,R3_resolve_document,6,11.79216
erc725,R3_resolve_document,7,11.126088
erc725,R3_resolve_document,8,9.455933
erc725,R3_resolve_document,9,7.298795
erc725,R3_resolve_document,10,10.380705
erc725,R3_resolve_document,11,9.3063
erc725,R3_resolve_document,12,9.595175
erc725,R3_resolve_document,13,8.95953
erc725,R3_resolve_document,14,9.659496
erc725,R3_resolve_document,15,9.897834
erc725,R3_resolve_document,16,9.243683
erc725,R3_resolve_document,17,8.177678
erc725,R3_resolve_document,18,9.110301
erc725,R3_resolve_document,19,8.68852
erc725,R3_resolve_document,20,7.322694
erc725,R3_resolve_document,21,7.39312
erc725,R3_resolve_document,22,8.66398
erc725,R3_resolve_document,23,8.114421
erc725,R3_resolve_document,24,7.893497
erc725,R3_resolve_document,25,9.285905
erc725,R3_resolve_document,26,9.460905
erc725,R3_resolve_document,27,8.293573
erc725,R3_resolve_document,28,7.664278
erc725,R3_resolve_document,29,8.900989
erc725,R4_verify_delegate,0,0.88416
erc725,R4_verify_delegate,1,0.810378
erc725,R4_verify_delegate,2,0.828032
erc725,R4_verify_delegate,3,0.749565
erc725,R4_verify_delegate,4,0.818575
erc725,R4_verify_delegate,5,0.744263
erc725,R4_verify_delegate,6,1.231857
erc725,R4_verify_delegate,7,1.282396
erc725,R4_verify_delegate,8,0.848907
erc725,R4_verify_delegate,9,0.761524
erc725,R4_verify_delegate,10,0.743567
erc725,R4_verify_delegate,11,0.791709
erc725,R4_verify_delegate,12,0.921112
erc725,R4_verify_delegate,13,0.841224
erc725,R4_verify_delegate,14,0.918405
erc725,R4_verify_delegate,15,0.809093
erc725,R4_verify_delegate,16,1.02686
erc725,R4_verify_delegate,17,0.76102
erc725,R4_verify_delegate,18,0.753702
erc725,R4_verify_delegate,19,0.932027
erc725,R4_verify_delegate,20,0.876186
erc725,R4_verify_delegate,21,0.895959
erc725,R4_verify_delegate,22,0.843535
erc725,R4_verify_delegate,23,0.807109
erc725,R4_verify_delegate,24,0.928195
erc725,R4_verify_delegate,25,1.004046
erc725,R4_verify_delegate,26,0.81535
erc725,R4_verify_delegate,27,0.729749
erc725,R4_verify_delegate,28,0.847465
erc725,R4_verify_delegate,29,0.76162
erc725,U1_rotate_controller,0,6.306785
erc725,U1_rotate_controller,1,5.4385
erc725,U1_rotate_controller,2,5.721508
erc725,U1_rotate_controller,3,8.939407
erc725,U1_rotate_controller,4,15.27244
erc725,U1_rotate_controller,5,6.745245
erc725,U1_rotate_controller,6,5.800124
erc725,U1_rotate_controller,7,6.411344
erc725,U1_rotate_controller,8,7.485425
erc725,U1_rotate_controller,9,5.587334
erc725,U1_rotate_controller,10,5.978637
erc725,U1_rotate_controller,11,5.919554
erc725,U1_rotate_controller,12,6.308219
erc725,U1_rotate_controller,13,6.456003
erc725,U1_rotate_controller,14,5.867958
erc725,U1_rotate_controller,15,6.773751
erc725,U1_rotate_controller,16,6.943653
erc725,U1_rotate_controller,17,6.934812
erc725,U1_rotate_controller,18,6.317862
erc725,U1_rotate_controller,19,6.460155
erc725,U1_rotate_controller,20,6.294608
erc725,U1_rotate_controller,21,6.824172
erc725,U1_rotate_controller,22,7.468675
erc725,U1_rotate_controller,23,6.547866
erc725,U1_rotate_controller,24,8.380112
erc725,U1_rotate_controller,25,6.256006
erc725,U1_rotate_controller,26,8.158322
erc725,U1_rotate_controller,27,7.267742
erc725,U1_rotate_controller,28,5.428972
erc725,U1_rotate_controller,29,8.616684
erc725,U2_add_delegate,0,7.471316
erc725,U2_add_delegate,1,6.465664
erc725,U2_add_delegate,2,9.35737
erc725,U2_add_delegate,3,8.209806
erc725,U2_add_delegate,4,11.065371
erc725,U2_add_delegate,5,7.521154
erc725,U2_add_delegate,6,7.868747
erc725,U2_add_delegate,7,8.33289
erc725,U2_add_delegate,8,6.681792
erc725,U2_add_delegate,9,8.492397
erc725,U2_add_delegate,10,7.018134
erc725,U2_add_delegate,11,7.287131
erc725,U2_add_delegate,12,9.404509
erc725,U2_add_delegate,13,8.018404
erc725,U2_add_delegate,14,13.062097
erc725,U2_add_delegate,15,7.131905
erc725,U2_add_delegate,16,11.929413
erc725,U2_add_delegate,17,7.586044
erc725,U2_add_delegate,18,8.603288
erc725,U2_add_delegate,19,8.011335
erc725,U2_add_delegate,20,8.05002
erc725,U2_add_delegate,21,8.011926
erc725,U2_add_delegate,22,5.767191
erc725,U2_add_delegate,23,6.976515
erc725,U2_add_delegate,24,9.110525
erc725,U2_add_delegate,25,13.988899
erc725,U2_add_delegate,26,9.728053
erc725,U2_add_delegate,27,6.970106
erc725,U2_add_delegate,28,5.967766
erc725,U2_add_delegate,29,7.069474
erc725,U3_set_attribute,0,6.763226
erc725,U3_set_attribute,1,8.224641
erc725,U3_set_attribute,2,11.733832
erc725,U3_set_attribute,3,7.233344
erc725,U3_set_attribute,4,7.887718
erc725,U3_set_attribute,5,6.104904
erc725,U3_set_attribute,6,7.51954
erc725,U3_set_attribute,7,7.746635
erc725,U3_set_attribute,8,7.909653
erc725,U3_set_attribute,9,7.765569
erc725,U3_set_attribute,10,5.567424
erc725,U3_set_attribute,11,6.454519
erc725,U3_set_attribute,12,7.732585
erc725,U3_set_attribute,13,6.673627
erc725,U3_set_attribute,14,6.948647
erc725,U3_set_attribute,15,7.287825
erc725,U3_set_attribute,16,14.162581
erc725,U3_set_attribute,17,8.602344
erc725,U3_set_attribute,18,8.702311
erc725,U3_set_attribute,19,6.695378
erc725,U3_set_attribute,20,7.31141
erc725,U3_set_attribute,21,6.487248
erc725,U3_set_attribute,22,7.028168
erc725,U3_set_attribute,23,6.633496
erc725,U3_set_attribute,24,6.38038
erc725,U3_set_attribute,25,7.328327
erc725,U3_set_attribute,26,6.991095
erc725,U3_set_attribute,27,8.072279
erc725,U3_set_attribute,28,6.59851
erc725,U3_set_attribute,29,6.83731
erc725,U4_transfer_vehicle,0,5.836352
erc725,U4_transfer_vehicle,1,5.850854
erc725,U4_transfer_vehicle,2,6.193509
erc725,U4_transfer_vehicle,3,6.077648
erc725,U4_transfer_vehicle,4,6.577715
erc725,U4_transfer_vehicle,5,7.235732
erc725,U4_transfer_vehicle,6,9.512807
erc725,U4_transfer_vehicle,7,8.78997
erc725,U4_transfer_vehicle,8,6.46718
erc725,U4_transfer_vehicle,9,8.493937
erc725,U4_transfer_vehicle,10,6.57163
erc725,U4_transfer_vehicle,11,6.003657
erc725,U4_transfer_vehicle,12,7.690696
erc725,U4_transfer_vehicle,13,8.001916
erc725,U4_transfer_vehicle,14,5.974332
erc725,U4_transfer_vehicle,15,6.561013
erc725,U4_transfer_vehicle,16,6.107451
erc725,U4_transfer_vehicle,17,6.755994
erc725,U4_transfer_vehicle,18,8.154931
erc725,U4_transfer_vehicle,19,8.26412
erc725,U4_transfer_vehicle,20,11.850688
erc725,U4_transfer_vehicle,21,6.620352
erc725,U4_transfer_vehicle,22,7.713171
erc725,U4_transfer_vehicle,23,7.422597
erc725,U4_transfer_vehicle,24,11.867844
erc725,U4_transfer_vehicle,25,7.278864
erc725,U4_transfer_vehicle,26,7.182823
erc725,U4_transfer_vehicle,27,7.109643
erc725,U4_transfer_vehicle,28,6.321045
erc725,U4_transfer_vehicle,29,7.36445
erc725,D1_revoke_delegate,0,12.215258
erc725,D1_revoke_delegate,1,11.287682
erc725,D1_revoke_delegate,2,12.836266
erc725,D1_revoke_delegate,3,8.792154
erc725,D1_revoke_delegate,4,12.373378
erc725,D1_revoke_delegate,5,16.404947
erc725,D1_revoke_delegate,6,18.48337
erc725,D1_revoke_delegate,7,9.39492
erc725,D1_revoke_delegate,8,22.625828
erc725,D1_revoke_delegate,9,12.857949
erc725,D1_revoke_delegate,10,10.879966
erc725,D1_revoke_delegate,11,8.034657
erc725,D1_revoke_delegate,12,11.057962
erc725,D1_revoke_delegate,13,8.511092
erc725,D1_revoke_delegate,14,9.447616
erc725,D1_revoke_delegate,15,24.164758
erc725,D1_revoke_delegate,16,8.257785
erc725,D1_revoke_delegate,17,9.036979
erc725,D1_revoke_delegate,18,9.226955
erc725,D1_revoke_delegate,19,10.1949
erc725,D1_revoke_delegate,20,9.143821
erc725,D1_revoke_delegate,21,9.235613
erc725,D1_revoke_delegate,22,10.646105
erc725,D1_revoke_delegate,23,14.769269
erc725,D1_revoke_delegate,24,10.375563
erc725,D1_revoke_delegate,25,8.66895
erc725,D1_revoke_delegate,26,10.225153
erc725,D1_revoke_delegate,27,10.697343
erc725,D1_revoke_delegate,28,8.549286
erc725,D1_revoke_delegate,29,8.754574
erc725,D2_revoke_attribute,0,9.687382
erc725,D2_revoke_attribute,1,7.415908
erc725,D2_revoke_attribute,2,12.764739
erc725,D2_revoke_attribute,3,11.300091
erc725,D2_revoke_attribute,4,13.17083
erc725,D2_revoke_attribute,5,10.761153
erc725,D2_revoke_attribute,6,10.525488
erc725,D2_revoke_attribute,7,11.898136
erc725,D2_revoke_attribute,8,8.371649
erc725,D2_revoke_attribute,9,9.034375
erc725,D2_revoke_attribute,10,10.119226
erc725,D2_revoke_attribute,11,29.77935
erc725,D2_revoke_attribute,12,11.330765
erc725,D2_revoke_attribute,13,9.079289
erc725,D2_revoke_attribute,14,11.692525
erc725,D2_revoke_attribute,15,14.053358
erc725,D2_revoke_attribute,16,11.305096
erc725,D2_revoke_attribute,17,11.717694
erc725,D2_revoke_attribute,18,10.159752
erc725,D2_revoke_attribute,19,11.122839
erc725,D2_revoke_attribute,20,10.367034
erc725,D2_revoke_attribute,21,9.305771
erc725,D2_revoke_attribute,22,8.220567
erc725,D2_revoke_attribute,23,9.251536
erc725,D2_revoke_attribute,24,8.970435
erc725,D2_revoke_attribute,25,14.18955
erc725,D2_revoke_attribute,26,12.092263
erc725,D2_revoke_attribute,27,9.969521
erc725,D2_revoke_attribute,28,16.868274
erc725,D2_revoke_attribute,29,9.415241
erc725,D3_deactivate_identity,0,8.69852
erc725,D3_deactivate_identity,1,6.329083
erc725,D3_deactivate_identity,2,6.657012
erc725,D3_deactivate_identity,3,5.823517
erc725,D3_deactivate_identity,4,7.881197
erc725,D3_deactivate_identity,5,8.970852
erc725,D3_deactivate_identity,6,5.680928
erc725,D3_deactivate_identity,7,6.471701
erc725,D3_deactivate_identity,8,6.416523
erc725,D3_deactivate_identity,9,6.30458
erc725,D3_deactivate_identity,10,10.459678
erc725,D3_deactivate_identity,11,8.290484
erc725,D3_deactivate_identity,12,9.437831
erc725,D3_deactivate_identity,13,9.251931
erc725,D3_deactivate_identity,14,6.384113
erc725,D3_deactivate_identity,15,6.853677
erc725,D3_deactivate_identity,16,5.904787
erc725,D3_deactivate_identity,17,6.671842
erc725,D3_deactivate_identity,18,6.037996
erc725,D3_deactivate_identity,19,9.920265
erc725,D3_deactivate_identity,20,8.280982
erc725,D3_deactivate_identity,21,5.843635
erc725,D3_deactivate_identity,22,6.295056
erc725,D3_deactivate_identity,23,6.763294
erc725,D3_deactivate_identity,24,7.063084
erc725,D3_deactivate_identity,25,6.792704
erc725,D3_deactivate_identity,26,9.45249
erc725,D3_deactivate_identity,27,6.839741
erc725,D3_deactivate_identity,28,6.445713
erc725,D3_deactivate_identity,29,6.868513
erc725,V1_issuer_key_anchor,0,15.919951
erc725,V1_issuer_key_anchor,1,10.102697
erc725,V1_issuer_key_anchor,2,7.953187
erc725,V1_issuer_key_anchor,3,9.791908
erc725,V1_issuer_key_anchor,4,8.522094
erc725,V1_issuer_key_anchor,5,9.321743
erc725,V1_issuer_key_anchor,6,7.057966
erc725,V1_issuer_key_anchor,7,9.126165
erc725,V1_issuer_key_anchor,8,8.455696
erc725,V1_issuer_key_anchor,9,8.411409
erc725,V1_issuer_key_anchor,10,11.598534
erc725,V1_issuer_key_anchor,11,6.651841
erc725,V1_issuer_key_anchor,12,8.743615
erc725,V1_issuer_key_anchor,13,7.415032
erc725,V1_issuer_key_anchor,14,10.01107
erc725,V1_issuer_key_anchor,15,10.279287
erc725,V1_issuer_key_anchor,16,10.499881
erc725,V1_issuer_key_anchor,17,7.159772
erc725,V1_issuer_key_anchor,18,8.017551
erc725,V1_issuer_key_anchor,19,9.381658
erc725,V1_issuer_key_anchor,20,10.019031
erc725,V1_issuer_key_anchor,21,6.730333
erc725,V1_issuer_key_anchor,22,7.823121
erc725,V1_issuer_key_anchor,23,6.344187
erc725,V1_issuer_key_anchor,24,6.787405
erc725,V1_issuer_key_anchor,25,7.729141
erc725,V1_issuer_key_anchor,26,7.217279
erc725,V1_issuer_key_anchor,27,7.70125
erc725,V1_issuer_key_anchor,28,10.084071
erc725,V1_issuer_key_anchor,29,11.034748
erc725,V3_anchor_status,0,10.089499
erc725,V3_anchor_status,1,10.039926
erc725,V3_anchor_status,2,12.234989
erc725,V3_anchor_status,3,10.114165
erc725,V3_anchor_status,4,12.160941
erc725,V3_anchor_status,5,7.496764
erc725,V3_anchor_status,6,8.056186
erc725,V3_anchor_status,7,6.535968
erc725,V3_anchor_status,8,8.368823
erc725,V3_anchor_status,9,6.76862
erc725,V3_anchor_status,10,6.87556
erc725,V3_anchor_status,11,8.673213
erc725,V3_anchor_status,12,10.588262
erc725,V3_anchor_status,13,6.366698
erc725,V3_anchor_status,14,7.097296
erc725,V3_anchor_status,15,9.476236
erc725,V3_anchor_status,16,6.965552
erc725,V3_anchor_status,17,10.424525
erc725,V3_anchor_status,18,6.848559
erc725,V3_anchor_status,19,6.785301
erc725,V3_anchor_status,20,7.038823
erc725,V3_anchor_status,21,7.226184
erc725,V3_anchor_status,22,6.531242
erc725,V3_anchor_status,23,9.789246
erc725,V3_anchor_status,24,6.59606
erc725,V3_anchor_status,25,7.468168
erc725,V3_anchor_status,26,9.344239
erc725,V3_anchor_status,27,10.247966
erc725,V3_anchor_status,28,7.297328
erc725,V3_anchor_status,29,10.027612
erc725,V5_revoke_credential,0,16.83921
erc725,V5_revoke_credential,1,8.398946
erc725,V5_revoke_credential,2,8.071775
erc725,V5_revoke_credential,3,8.859431
erc725,V5_revoke_credential,4,11.49669
erc725,V5_revoke_credential,5,9.812935
erc725,V5_revoke_credential,6,8.632577
erc725,V5_revoke_credential,7,8.075552
erc725,V5_revoke_credential,8,8.89282
erc725,V5_revoke_credential,9,10.570746
erc725,V5_revoke_credential,10,11.289966
erc725,V5_revoke_credential,11,7.743802
erc725,V5_revoke_credential,12,16.187582
erc725,V5_revoke_credential,13,14.081518
erc725,V5_revoke_credential,14,7.438128
erc725,V5_revoke_credential,15,6.552667
erc725,V5_revoke_credential,16,7.662385
erc725,V5_revoke_credential,17,8.326462
erc725,V5_revoke_credential,18,7.973153
erc725,V5_revoke_credential,19,7.996697
erc725,V5_revoke_credential,20,8.18383
erc725,V5_revoke_credential,21,13.766962
erc725,V5_revoke_credential,22,8.801926
erc725,V5_revoke_credential,23,10.191765
erc725,V5_revoke_credential,24,9.743764
erc725,V5_revoke_credential,25,8.360245
erc725,V5_revoke_credential,26,9.962563
erc725,V5_revoke_credential,27,11.263866
erc725,V5_revoke_credential,28,7.765049
erc725,V5_revoke_credential,29,8.188992
erc725,V6_status_check,0,0.603316
erc725,V6_status_check,1,0.687561
erc725,V6_status_check,2,1.141806
erc725,V6_status_check,3,0.732198
erc725,V6_status_check,4,0.735142
erc725,V6_status_check,5,0.761857
erc725,V6_status_check,6,0.778177
erc725,V6_status_check,7,0.747434
erc725,V6_status_check,8,0.8994
erc725,V6_status_check,9,1.953214
erc725,V6_status_check,10,0.781231
erc725,V6_status_check,11,0.705198
erc725,V6_status_check,12,0.591632
erc725,V6_status_check,13,0.628437
erc725,V6_status_check,14,0.661019
erc725,V6_status_check,15,0.772294
erc725,V6_status_check,16,1.18274
erc725,V6_status_check,17,0.727766
erc725,V6_status_check,18,0.712161
erc725,V6_status_check,19,0.712935
erc725,V6_status_check,20,0.646769
erc725,V6_status_check,21,0.733857
erc725,V6_status_check,22,0.788394
erc725,V6_status_check,23,1.009037
erc725,V6_status_check,24,0.800262
erc725,V6_status_check,25,0.822007
erc725,V6_status_check,26,0.566056
erc725,V6_status_check,27,0.7805
erc725,V6_status_check,28,0.813242
erc725,V6_status_check,29,0.666451
erc725xy,C1_create_identity,0,36.986173
erc725xy,C1_create_identity,1,33.85894
erc725xy,C1_create_identity,2,32.664068
erc725xy,C1_create_identity,3,38.174348
erc725xy,C1_create_identity,4,39.827536
erc725xy,C1_create_identity,5,35.764254
erc725xy,C1_create_identity,6,34.456519
erc725xy,C1_create_identity,7,40.927128
erc725xy,C1_create_identity,8,51.833165
erc725xy,C1_create_identity,9,34.985446
erc725xy,C1_create_identity,10,36.974661
erc725xy,C1_create_identity,11,38.294906
erc725xy,C1_create_identity,12,35.252468
erc725xy,C1_create_identity,13,36.867728
erc725xy,C1_create_identity,14,41.957364
erc725xy,C1_create_identity,15,31.075535
erc725xy,C1_create_identity,16,33.422414
erc725xy,C1_create_identity,17,32.713501
erc725xy,C1_create_identity,18,30.323082
erc725xy,C1_create_identity,19,37.313972
erc725xy,C1_create_identity,20,32.089323
erc725xy,C1_create_identity,21,37.071889
erc725xy,C1_create_identity,22,34.788944
erc725xy,C1_create_identity,23,36.198233
erc725xy,C1_create_identity,24,36.34093
erc725xy,C1_create_identity,25,35.238069
erc725xy,C1_create_identity,26,34.821752
erc725xy,C1_create_identity,27,39.686324
erc725xy,C1_create_identity,28,36.781527
erc725xy,C1_create_identity,29,33.89255
erc725xy,C2_create_with_attributes,0,41.802542
erc725xy,C2_create_with_attributes,1,52.46245
erc725xy,C2_create_with_attributes,2,75.651322
erc725xy,C2_create_with_attributes,3,62.122026
erc725xy,C2_create_with_attributes,4,45.438889
erc725xy,C2_create_with_attributes,5,39.237399
erc725xy,C2_create_with_attributes,6,45.332344
erc725xy,C2_create_with_attributes,7,55.485186
erc725xy,C2_create_with_attributes,8,61.742617
erc725xy,C2_create_with_attributes,9,53.663369
erc725xy,C2_create_with_attributes,10,63.605074
erc725xy,C2_create_with_attributes,11,51.101732
erc725xy,C2_create_with_attributes,12,62.546848
erc725xy,C2_create_with_attributes,13,47.773194
erc725xy,C2_create_with_attributes,14,40.447585
erc725xy,C2_create_with_attributes,15,40.08384
erc725xy,C2_create_with_attributes,16,41.268604
erc725xy,C2_create_with_attributes,17,45.167887
erc725xy,C2_create_with_attributes,18,50.036202
erc725xy,C2_create_with_attributes,19,101.723087
erc725xy,C2_create_with_attributes,20,51.982773
erc725xy,C2_create_with_attributes,21,40.782326
erc725xy,C2_create_with_attributes,22,40.87608
erc725xy,C2_create_with_attributes,23,36.91069
erc725xy,C2_create_with_attributes,24,42.72733
erc725xy,C2_create_with_attributes,25,49.343637
erc725xy,C2_create_with_attributes,26,50.17201
erc725xy,C2_create_with_attributes,27,57.71791
erc725xy,C2_create_with_attributes,28,58.634167
erc725xy,C2_create_with_attributes,29,56.879374
erc725xy,R1_resolve_owner,0,0.958654
erc725xy,R1_resolve_owner,1,0.757581
erc725xy,R1_resolve_owner,2,0.713901
erc725xy,R1_resolve_owner,3,0.792318
erc725xy,R1_resolve_owner,4,0.820318
erc725xy,R1_resolve_owner,5,0.667445
erc725xy,R1_resolve_owner,6,0.79625
erc725xy,R1_resolve_owner,7,0.757051
erc725xy,R1_resolve_owner,8,0.897281
erc725xy,R1_resolve_owner,9,0.736394
erc725xy,R1_resolve_owner,10,0.850354
erc725xy,R1_resolve_owner,11,0.648995
erc725xy,R1_resolve_owner,12,0.686558
erc725xy,R1_resolve_owner,13,0.732259
erc725xy,R1_resolve_owner,14,0.70044
erc725xy,R1_resolve_owner,15,0.726211
erc725xy,R1_resolve_owner,16,0.612104
erc725xy,R1_resolve_owner,17,0.586996
erc725xy,R1_resolve_owner,18,0.959457
erc725xy,R1_resolve_owner,19,0.734037
erc725xy,R1_resolve_owner,20,0.618279
erc725xy,R1_resolve_owner,21,0.651921
erc725xy,R1_resolve_owner,22,0.810678
erc725xy,R1_resolve_owner,23,0.726017
erc725xy,R1_resolve_owner,24,1.077055
erc725xy,R1_resolve_owner,25,0.759171
erc725xy,R1_resolve_owner,26,0.786921
erc725xy,R1_resolve_owner,27,0.61706
erc725xy,R1_resolve_owner,28,0.541026
erc725xy,R1_resolve_owner,29,0.943483
erc725xy,R3_resolve_document,0,2.173501
erc725xy,R3_resolve_document,1,2.250487
erc725xy,R3_resolve_document,2,2.562919
erc725xy,R3_resolve_document,3,2.203948
erc725xy,R3_resolve_document,4,2.672626
erc725xy,R3_resolve_document,5,12.640437
erc725xy,R3_resolve_document,6,2.634586
erc725xy,R3_resolve_document,7,2.925625
erc725xy,R3_resolve_document,8,2.43162
erc725xy,R3_resolve_document,9,2.375656
erc725xy,R3_resolve_document,10,2.173476
erc725xy,R3_resolve_document,11,2.57815
erc725xy,R3_resolve_document,12,2.49896
erc725xy,R3_resolve_document,13,2.273184
erc725xy,R3_resolve_document,14,2.041612
erc725xy,R3_resolve_document,15,2.391131
erc725xy,R3_resolve_document,16,1.850415
erc725xy,R3_resolve_document,17,1.960162
erc725xy,R3_resolve_document,18,1.719103
erc725xy,R3_resolve_document,19,2.27166
erc725xy,R3_resolve_document,20,2.259215
erc725xy,R3_resolve_document,21,10.080665
erc725xy,R3_resolve_document,22,2.634443
erc725xy,R3_resolve_document,23,9.838172
erc725xy,R3_resolve_document,24,2.156723
erc725xy,R3_resolve_document,25,2.002786
erc725xy,R3_resolve_document,26,2.891499
erc725xy,R3_resolve_document,27,2.023935
erc725xy,R3_resolve_document,28,5.4275
erc725xy,R3_resolve_document,29,2.282283
erc725xy,U1_rotate_controller,0,9.51599
erc725xy,U1_rotate_controller,1,7.461206
erc725xy,U1_rotate_controller,2,6.865743
erc725xy,U1_rotate_controller,3,6.314454
erc725xy,U1_rotate_controller,4,6.359436
erc725xy,U1_rotate_controller,5,5.643181
erc725xy,U1_rotate_controller,6,6.814745
erc725xy,U1_rotate_controller,7,6.932766
erc725xy,U1_rotate_controller,8,6.346614
erc725xy,U1_rotate_controller,9,7.635582
erc725xy,U1_rotate_controller,10,7.21378
erc725xy,U1_rotate_controller,11,7.137714
erc725xy,U1_rotate_controller,12,9.562181
erc725xy,U1_rotate_controller,13,9.883244
erc725xy,U1_rotate_controller,14,9.732544
erc725xy,U1_rotate_controller,15,6.044559
erc725xy,U1_rotate_controller,16,6.294384
erc725xy,U1_rotate_controller,17,7.347298
erc725xy,U1_rotate_controller,18,7.32482
erc725xy,U1_rotate_controller,19,7.076636
erc725xy,U1_rotate_controller,20,7.332005
erc725xy,U1_rotate_controller,21,6.936656
erc725xy,U1_rotate_controller,22,10.731845
erc725xy,U1_rotate_controller,23,6.584601
erc725xy,U1_rotate_controller,24,6.492989
erc725xy,U1_rotate_controller,25,8.67778
erc725xy,U1_rotate_controller,26,5.89095
erc725xy,U1_rotate_controller,27,6.588267
erc725xy,U1_rotate_controller,28,6.655359
erc725xy,U1_rotate_controller,29,6.537405
erc725xy,U3_set_attribute,0,8.201915
erc725xy,U3_set_attribute,1,8.229301
erc725xy,U3_set_attribute,2,6.767101
erc725xy,U3_set_attribute,3,9.503527
erc725xy,U3_set_attribute,4,8.724861
erc725xy,U3_set_attribute,5,9.61946
erc725xy,U3_set_attribute,6,7.177529
erc725xy,U3_set_attribute,7,7.766881
erc725xy,U3_set_attribute,8,8.032024
erc725xy,U3_set_attribute,9,6.592818
erc725xy,U3_set_attribute,10,9.81708
erc725xy,U3_set_attribute,11,7.770129
erc725xy,U3_set_attribute,12,7.784379
erc725xy,U3_set_attribute,13,7.436778
erc725xy,U3_set_attribute,14,7.816211
erc725xy,U3_set_attribute,15,7.744596
erc725xy,U3_set_attribute,16,11.825014
erc725xy,U3_set_attribute,17,9.986585
erc725xy,U3_set_attribute,18,7.961036
erc725xy,U3_set_attribute,19,8.453734
erc725xy,U3_set_attribute,20,8.223182
erc725xy,U3_set_attribute,21,7.691758
erc725xy,U3_set_attribute,22,7.818251
erc725xy,U3_set_attribute,23,8.631707
erc725xy,U3_set_attribute,24,9.29228
erc725xy,U3_set_attribute,25,8.024695
erc725xy,U3_set_attribute,26,9.292118
erc725xy,U3_set_attribute,27,7.879893
erc725xy,U3_set_attribute,28,7.320335
erc725xy,U3_set_attribute,29,7.737468
erc725xy,U4_transfer_vehicle,0,6.587674
erc725xy,U4_transfer_vehicle,1,6.508515
erc725xy,U4_transfer_vehicle,2,6.802348
erc725xy,U4_transfer_vehicle,3,8.987992
erc725xy,U4_transfer_vehicle,4,6.618858
erc725xy,U4_transfer_vehicle,5,6.292851
erc725xy,U4_transfer_vehicle,6,9.078324
erc725xy,U4_transfer_vehicle,7,6.591181
erc725xy,U4_transfer_vehicle,8,7.93501
erc725xy,U4_transfer_vehicle,9,10.565031
erc725xy,U4_transfer_vehicle,10,7.138559
erc725xy,U4_transfer_vehicle,11,7.105407
erc725xy,U4_transfer_vehicle,12,5.801779
erc725xy,U4_transfer_vehicle,13,7.688277
erc725xy,U4_transfer_vehicle,14,7.191322
erc725xy,U4_transfer_vehicle,15,6.748765
erc725xy,U4_transfer_vehicle,16,9.28435
erc725xy,U4_transfer_vehicle,17,6.487357
erc725xy,U4_transfer_vehicle,18,7.46869
erc725xy,U4_transfer_vehicle,19,6.571388
erc725xy,U4_transfer_vehicle,20,6.459487
erc725xy,U4_transfer_vehicle,21,7.608167
erc725xy,U4_transfer_vehicle,22,7.704822
erc725xy,U4_transfer_vehicle,23,7.038401
erc725xy,U4_transfer_vehicle,24,7.39149
erc725xy,U4_transfer_vehicle,25,6.971548
erc725xy,U4_transfer_vehicle,26,9.281991
erc725xy,U4_transfer_vehicle,27,6.484762
erc725xy,U4_transfer_vehicle,28,9.343837
erc725xy,U4_transfer_vehicle,29,6.906346
erc725xy,D2_revoke_attribute,0,8.310681
erc725xy,D2_revoke_attribute,1,10.560266
erc725xy,D2_revoke_attribute,2,10.277261
erc725xy,D2_revoke_attribute,3,11.66144
erc725xy,D2_revoke_attribute,4,8.56516
erc725xy,D2_revoke_attribute,5,12.512358
erc725xy,D2_revoke_attribute,6,8.060659
erc725xy,D2_revoke_attribute,7,11.1285
erc725xy,D2_revoke_attribute,8,8.44399
erc725xy,D2_revoke_attribute,9,8.287751
erc725xy,D2_revoke_attribute,10,8.760628
erc725xy,D2_revoke_attribute,11,13.577797
erc725xy,D2_revoke_attribute,12,10.102947
erc725xy,D2_revoke_attribute,13,7.774746
erc725xy,D2_revoke_attribute,14,8.631923
erc725xy,D2_revoke_attribute,15,7.990645
erc725xy,D2_revoke_attribute,16,9.085056
erc725xy,D2_revoke_attribute,17,11.654451
erc725xy,D2_revoke_attribute,18,8.49423
erc725xy,D2_revoke_attribute,19,9.625859
erc725xy,D2_revoke_attribute,20,9.661805
erc725xy,D2_revoke_attribute,21,8.768233
erc725xy,D2_revoke_attribute,22,12.196026
erc725xy,D2_revoke_attribute,23,8.661844
erc725xy,D2_revoke_attribute,24,12.464701
erc725xy,D2_revoke_attribute,25,8.713175
erc725xy,D2_revoke_attribute,26,10.305089
erc725xy,D2_revoke_attribute,27,8.185595
erc725xy,D2_revoke_attribute,28,8.35619
erc725xy,D2_revoke_attribute,29,7.608327
erc725xy,D3_deactivate_identity,0,7.090838
erc725xy,D3_deactivate_identity,1,7.762486
erc725xy,D3_deactivate_identity,2,6.307454
erc725xy,D3_deactivate_identity,3,7.089038
erc725xy,D3_deactivate_identity,4,6.734183
erc725xy,D3_deactivate_identity,5,7.193937
erc725xy,D3_deactivate_identity,6,6.756938
erc725xy,D3_deactivate_identity,7,6.925422
erc725xy,D3_deactivate_identity,8,7.547353
erc725xy,D3_deactivate_identity,9,7.174764
erc725xy,D3_deactivate_identity,10,6.808789
erc725xy,D3_deactivate_identity,11,6.172805
erc725xy,D3_deactivate_identity,12,8.201467
erc725xy,D3_deactivate_identity,13,6.356821
erc725xy,D3_deactivate_identity,14,6.819722
erc725xy,D3_deactivate_identity,15,6.900723
erc725xy,D3_deactivate_identity,16,7.42515
erc725xy,D3_deactivate_identity,17,6.882992
erc725xy,D3_deactivate_identity,18,6.656849
erc725xy,D3_deactivate_identity,19,6.692339
erc725xy,D3_deactivate_identity,20,8.34312
erc725xy,D3_deactivate_identity,21,6.971582
erc725xy,D3_deactivate_identity,22,8.405005
erc725xy,D3_deactivate_identity,23,7.319246
erc725xy,D3_deactivate_identity,24,7.234848
erc725xy,D3_deactivate_identity,25,8.180635
erc725xy,D3_deactivate_identity,26,8.350699
erc725xy,D3_deactivate_identity,27,7.494661
erc725xy,D3_deactivate_identity,28,6.48592
erc725xy,D3_deactivate_identity,29,7.381591
erc725xy,V1_issuer_key_anchor,0,7.84418
erc725xy,V1_issuer_key_anchor,1,7.61491
erc725xy,V1_issuer_key_anchor,2,8.919235
erc725xy,V1_issuer_key_anchor,3,6.714188
erc725xy,V1_issuer_key_anchor,4,6.951535
erc725xy,V1_issuer_key_anchor,5,8.713125
erc725xy,V1_issuer_key_anchor,6,7.88125
erc725xy,V1_issuer_key_anchor,7,8.222224
erc725xy,V1_issuer_key_anchor,8,6.602503
erc725xy,V1_issuer_key_anchor,9,8.197413
erc725xy,V1_issuer_key_anchor,10,12.007641
erc725xy,V1_issuer_key_anchor,11,7.302163
erc725xy,V1_issuer_key_anchor,12,7.151515
erc725xy,V1_issuer_key_anchor,13,8.259519
erc725xy,V1_issuer_key_anchor,14,10.746526
erc725xy,V1_issuer_key_anchor,15,9.888266
erc725xy,V1_issuer_key_anchor,16,7.609572
erc725xy,V1_issuer_key_anchor,17,8.877035
erc725xy,V1_issuer_key_anchor,18,7.479444
erc725xy,V1_issuer_key_anchor,19,8.870769
erc725xy,V1_issuer_key_anchor,20,9.337604
erc725xy,V1_issuer_key_anchor,21,9.721498
erc725xy,V1_issuer_key_anchor,22,7.023013
erc725xy,V1_issuer_key_anchor,23,7.425708
erc725xy,V1_issuer_key_anchor,24,7.169532
erc725xy,V1_issuer_key_anchor,25,10.045605
erc725xy,V1_issuer_key_anchor,26,7.77919
erc725xy,V1_issuer_key_anchor,27,7.087945
erc725xy,V1_issuer_key_anchor,28,7.379178
erc725xy,V1_issuer_key_anchor,29,7.300935
erc725xy,V3_anchor_status,0,10.156342
erc725xy,V3_anchor_status,1,9.596897
erc725xy,V3_anchor_status,2,7.441872
erc725xy,V3_anchor_status,3,6.153985
erc725xy,V3_anchor_status,4,7.81312
erc725xy,V3_anchor_status,5,7.610809
erc725xy,V3_anchor_status,6,7.263203
erc725xy,V3_anchor_status,7,8.249695
erc725xy,V3_anchor_status,8,7.648345
erc725xy,V3_anchor_status,9,6.789726
erc725xy,V3_anchor_status,10,12.392971
erc725xy,V3_anchor_status,11,7.009461
erc725xy,V3_anchor_status,12,6.802103
erc725xy,V3_anchor_status,13,6.792021
erc725xy,V3_anchor_status,14,8.775472
erc725xy,V3_anchor_status,15,7.094108
erc725xy,V3_anchor_status,16,6.83549
erc725xy,V3_anchor_status,17,9.16938
erc725xy,V3_anchor_status,18,8.835463
erc725xy,V3_anchor_status,19,8.361016
erc725xy,V3_anchor_status,20,12.225752
erc725xy,V3_anchor_status,21,7.944164
erc725xy,V3_anchor_status,22,7.279906
erc725xy,V3_anchor_status,23,7.894691
erc725xy,V3_anchor_status,24,7.819106
erc725xy,V3_anchor_status,25,8.364352
erc725xy,V3_anchor_status,26,9.078552
erc725xy,V3_anchor_status,27,9.729885
erc725xy,V3_anchor_status,28,7.402661
erc725xy,V3_anchor_status,29,7.020362
erc725xy,V5_revoke_credential,0,9.833171
erc725xy,V5_revoke_credential,1,7.475604
erc725xy,V5_revoke_credential,2,7.401047
erc725xy,V5_revoke_credential,3,9.40519
erc725xy,V5_revoke_credential,4,8.01278
erc725xy,V5_revoke_credential,5,8.145794
erc725xy,V5_revoke_credential,6,7.594482
erc725xy,V5_revoke_credential,7,8.264804
erc725xy,V5_revoke_credential,8,10.787607
erc725xy,V5_revoke_credential,9,7.969149
erc725xy,V5_revoke_credential,10,9.717973
erc725xy,V5_revoke_credential,11,10.717017
erc725xy,V5_revoke_credential,12,7.445884
erc725xy,V5_revoke_credential,13,9.285671
erc725xy,V5_revoke_credential,14,8.728316
erc725xy,V5_revoke_credential,15,8.341023
erc725xy,V5_revoke_credential,16,7.580244
erc725xy,V5_revoke_credential,17,8.025117
erc725xy,V5_revoke_credential,18,9.37862
erc725xy,V5_revoke_credential,19,7.893399
erc725xy,V5_revoke_credential,20,8.391566
erc725xy,V5_revoke_credential,21,9.472055
erc725xy,V5_revoke_credential,22,7.730819
erc725xy,V5_revoke_credential,23,7.377293
erc725xy,V5_revoke_credential,24,8.289026
erc725xy,V5_revoke_credential,25,7.706977
erc725xy,V5_revoke_credential,26,8.559792
erc725xy,V5_revoke_credential,27,7.29176
erc725xy,V5_revoke_credential,28,7.327397
erc725xy,V5_revoke_credential,29,8.571646
erc725xy,V6_status_check,0,0.708767
erc725xy,V6_status_check,1,0.706597
erc725xy,V6_status_check,2,0.578312
erc725xy,V6_status_check,3,0.56499
erc725xy,V6_status_check,4,0.61914
erc725xy,V6_status_check,5,0.7654
erc725xy,V6_status_check,6,1.134041
erc725xy,V6_status_check,7,1.069991
erc725xy,V6_status_check,8,0.863363
erc725xy,V6_status_check,9,0.810234
erc725xy,V6_status_check,10,0.720479
erc725xy,V6_status_check,11,0.740435
erc725xy,V6_status_check,12,0.885983
erc725xy,V6_status_check,13,0.936672
erc725xy,V6_status_check,14,0.743085
erc725xy,V6_status_check,15,0.57657
erc725xy,V6_status_check,16,0.809778
erc725xy,V6_status_check,17,0.97031
erc725xy,V6_status_check,18,0.867516
erc725xy,V6_status_check,19,0.580227
erc725xy,V6_status_check,20,0.578547
erc725xy,V6_status_check,21,0.545367
erc725xy,V6_status_check,22,0.808503
erc725xy,V6_status_check,23,0.708821
erc725xy,V6_status_check,24,0.760687
erc725xy,V6_status_check,25,0.861678
erc725xy,V6_status_check,26,1.065277
erc725xy,V6_status_check,27,0.817999
erc725xy,V6_status_check,28,1.14476
erc725xy,V6_status_check,29,0.936592
erc735,C1_create_identity,0,41.20209
erc735,C1_create_identity,1,35.699085
erc735,C1_create_identity,2,31.609334
erc735,C1_create_identity,3,28.854363
erc735,C1_create_identity,4,24.346047
erc735,C1_create_identity,5,22.281463
erc735,C1_create_identity,6,23.360837
erc735,C1_create_identity,7,23.469559
erc735,C1_create_identity,8,25.282017
erc735,C1_create_identity,9,23.513198
erc735,C1_create_identity,10,35.527622
erc735,C1_create_identity,11,28.968078
erc735,C1_create_identity,12,25.621884
erc735,C1_create_identity,13,25.626948
erc735,C1_create_identity,14,29.480756
erc735,C1_create_identity,15,26.726384
erc735,C1_create_identity,16,27.67194
erc735,C1_create_identity,17,31.1557
erc735,C1_create_identity,18,31.991784
erc735,C1_create_identity,19,25.477189
erc735,C1_create_identity,20,32.047698
erc735,C1_create_identity,21,38.702591
erc735,C1_create_identity,22,34.558558
erc735,C1_create_identity,23,26.426246
erc735,C1_create_identity,24,30.37784
erc735,C1_create_identity,25,28.863442
erc735,C1_create_identity,26,26.10516
erc735,C1_create_identity,27,25.489959
erc735,C1_create_identity,28,28.188879
erc735,C1_create_identity,29,25.330118
erc735,C2_create_with_attributes,0,52.586906
erc735,C2_create_with_attributes,1,39.901159
erc735,C2_create_with_attributes,2,40.057289
erc735,C2_create_with_attributes,3,37.49006
erc735,C2_create_with_attributes,4,36.968046
erc735,C2_create_with_attributes,5,40.908937
erc735,C2_create_with_attributes,6,55.793868
erc735,C2_create_with_attributes,7,42.422529
erc735,C2_create_with_attributes,8,52.846321
erc735,C2_create_with_attributes,9,39.184175
erc735,C2_create_with_attributes,10,53.763539
erc735,C2_create_with_attributes,11,46.380756
erc735,C2_create_with_attributes,12,56.835486
erc735,C2_create_with_attributes,13,42.341096
erc735,C2_create_with_attributes,14,38.015057
erc735,C2_create_with_attributes,15,40.979731
erc735,C2_create_with_attributes,16,40.137417
erc735,C2_create_with_attributes,17,44.272764
erc735,C2_create_with_attributes,18,38.465389
erc735,C2_create_with_attributes,19,45.71422
erc735,C2_create_with_attributes,20,38.918547
erc735,C2_create_with_attributes,21,42.355369
erc735,C2_create_with_attributes,22,37.177987
erc735,C2_create_with_attributes,23,39.080602
erc735,C2_create_with_attributes,24,37.571667
erc735,C2_create_with_attributes,25,45.11714
erc735,C2_create_with_attributes,26,35.864607
erc735,C2_create_with_attributes,27,37.987905
erc735,C2_create_with_attributes,28,41.716651
erc735,C2_create_with_attributes,29,35.594113
erc735,R1_resolve_owner,0,0.742123
erc735,R1_resolve_owner,1,0.93366
erc735,R1_resolve_owner,2,0.750186
erc735,R1_resolve_owner,3,0.707268
erc735,R1_resolve_owner,4,0.648718
erc735,R1_resolve_owner,5,0.755431
erc735,R1_resolve_owner,6,0.772467
erc735,R1_resolve_owner,7,0.696296
erc735,R1_resolve_owner,8,0.933991
erc735,R1_resolve_owner,9,0.692474
erc735,R1_resolve_owner,10,0.703712
erc735,R1_resolve_owner,11,0.971413
erc735,R1_resolve_owner,12,0.73321
erc735,R1_resolve_owner,13,1.082507
erc735,R1_resolve_owner,14,0.948396
erc735,R1_resolve_owner,15,1.694966
erc735,R1_resolve_owner,16,1.526043
erc735,R1_resolve_owner,17,0.713138
erc735,R1_resolve_owner,18,1.307506
erc735,R1_resolve_owner,19,1.024572
erc735,R1_resolve_owner,20,1.055772
erc735,R1_resolve_owner,21,0.91746
erc735,R1_resolve_owner,22,1.00091
erc735,R1_resolve_owner,23,0.9536
erc735,R1_resolve_owner,24,0.705407
erc735,R1_resolve_owner,25,0.874292
erc735,R1_resolve_owner,26,0.768361
erc735,R1_resolve_owner,27,1.93147
erc735,R1_resolve_owner,28,0.825542
erc735,R1_resolve_owner,29,0.780206
erc735,R3_resolve_document,0,3.471465
erc735,R3_resolve_document,1,4.656802
erc735,R3_resolve_document,2,3.833155
erc735,R3_resolve_document,3,4.906863
erc735,R3_resolve_document,4,4.174667
erc735,R3_resolve_document,5,3.459565
erc735,R3_resolve_document,6,3.53528
erc735,R3_resolve_document,7,3.975898
erc735,R3_resolve_document,8,5.379477
erc735,R3_resolve_document,9,3.862464
erc735,R3_resolve_document,10,4.017074
erc735,R3_resolve_document,11,3.675107
erc735,R3_resolve_document,12,3.771881
erc735,R3_resolve_document,13,3.766005
erc735,R3_resolve_document,14,3.468467
erc735,R3_resolve_document,15,4.721162
erc735,R3_resolve_document,16,4.983742
erc735,R3_resolve_document,17,3.927742
erc735,R3_resolve_document,18,5.43173
erc735,R3_resolve_document,19,3.81872
erc735,R3_resolve_document,20,3.797749
erc735,R3_resolve_document,21,3.455491
erc735,R3_resolve_document,22,3.478206
erc735,R3_resolve_document,23,3.391539
erc735,R3_resolve_document,24,3.650403
erc735,R3_resolve_document,25,4.173469
erc735,R3_resolve_document,26,4.174706
erc735,R3_resolve_document,27,3.321147
erc735,R3_resolve_document,28,11.47381
erc735,R3_resolve_document,29,3.343984
erc735,U1_rotate_controller,0,7.429918
erc735,U1_rotate_controller,1,5.448682
erc735,U1_rotate_controller,2,7.980621
erc735,U1_rotate_controller,3,6.545084
erc735,U1_rotate_controller,4,6.352974
erc735,U1_rotate_controller,5,6.576323
erc735,U1_rotate_controller,6,8.014985
erc735,U1_rotate_controller,7,6.500095
erc735,U1_rotate_controller,8,6.767317
erc735,U1_rotate_controller,9,6.616134
erc735,U1_rotate_controller,10,6.126715
erc735,U1_rotate_controller,11,9.002031
erc735,U1_rotate_controller,12,7.143121
erc735,U1_rotate_controller,13,6.068543
erc735,U1_rotate_controller,14,6.599162
erc735,U1_rotate_controller,15,6.006097
erc735,U1_rotate_controller,16,8.809976
erc735,U1_rotate_controller,17,5.536899
erc735,U1_rotate_controller,18,7.021608
erc735,U1_rotate_controller,19,7.224616
erc735,U1_rotate_controller,20,7.120873
erc735,U1_rotate_controller,21,6.443407
erc735,U1_rotate_controller,22,6.181881
erc735,U1_rotate_controller,23,9.301819
erc735,U1_rotate_controller,24,7.144179
erc735,U1_rotate_controller,25,6.509995
erc735,U1_rotate_controller,26,6.647076
erc735,U1_rotate_controller,27,7.162505
erc735,U1_rotate_controller,28,6.400745
erc735,U1_rotate_controller,29,5.746268
erc735,U3_set_attribute,0,10.014974
erc735,U3_set_attribute,1,10.420606
erc735,U3_set_attribute,2,10.563528
erc735,U3_set_attribute,3,12.282429
erc735,U3_set_attribute,4,9.258733
erc735,U3_set_attribute,5,10.225732
erc735,U3_set_attribute,6,10.108797
erc735,U3_set_attribute,7,10.396601
erc735,U3_set_attribute,8,9.346541
erc735,U3_set_attribute,9,9.224802
erc735,U3_set_attribute,10,9.898625
erc735,U3_set_attribute,11,9.782414
erc735,U3_set_attribute,12,9.595257
erc735,U3_set_attribute,13,10.240768
erc735,U3_set_attribute,14,10.095578
erc735,U3_set_attribute,15,9.70373
erc735,U3_set_attribute,16,8.908229
erc735,U3_set_attribute,17,9.57336
erc735,U3_set_attribute,18,10.136902
erc735,U3_set_attribute,19,10.497079
erc735,U3_set_attribute,20,12.15941
erc735,U3_set_attribute,21,10.380119
erc735,U3_set_attribute,22,13.446393
erc735,U3_set_attribute,23,12.253012
erc735,U3_set_attribute,24,10.091017
erc735,U3_set_attribute,25,10.832606
erc735,U3_set_attribute,26,9.427425
erc735,U3_set_attribute,27,12.122915
erc735,U3_set_attribute,28,11.985774
erc735,U3_set_attribute,29,11.641157
erc735,U4_transfer_vehicle,0,6.741439
erc735,U4_transfer_vehicle,1,6.81567
erc735,U4_transfer_vehicle,2,6.019268
erc735,U4_transfer_vehicle,3,6.563429
erc735,U4_transfer_vehicle,4,6.075539
erc735,U4_transfer_vehicle,5,6.590037
erc735,U4_transfer_vehicle,6,5.853887
erc735,U4_transfer_vehicle,7,6.669677
erc735,U4_transfer_vehicle,8,5.852137
erc735,U4_transfer_vehicle,9,6.330015
erc735,U4_transfer_vehicle,10,15.46849
erc735,U4_transfer_vehicle,11,6.028351
erc735,U4_transfer_vehicle,12,6.674945
erc735,U4_transfer_vehicle,13,6.430861
erc735,U4_transfer_vehicle,14,7.327152
erc735,U4_transfer_vehicle,15,8.211584
erc735,U4_transfer_vehicle,16,9.275358
erc735,U4_transfer_vehicle,17,9.609296
erc735,U4_transfer_vehicle,18,8.67684
erc735,U4_transfer_vehicle,19,8.44063
erc735,U4_transfer_vehicle,20,7.013673
erc735,U4_transfer_vehicle,21,6.173105
erc735,U4_transfer_vehicle,22,6.510202
erc735,U4_transfer_vehicle,23,7.96289
erc735,U4_transfer_vehicle,24,6.494008
erc735,U4_transfer_vehicle,25,9.246868
erc735,U4_transfer_vehicle,26,6.4609
erc735,U4_transfer_vehicle,27,7.605781
erc735,U4_transfer_vehicle,28,7.005566
erc735,U4_transfer_vehicle,29,6.71875
erc735,D2_revoke_attribute,0,8.967319
erc735,D2_revoke_attribute,1,15.135896
erc735,D2_revoke_attribute,2,12.91435
erc735,D2_revoke_attribute,3,12.231014
erc735,D2_revoke_attribute,4,11.95841
erc735,D2_revoke_attribute,5,10.533183
erc735,D2_revoke_attribute,6,9.26873
erc735,D2_revoke_attribute,7,11.492016
erc735,D2_revoke_attribute,8,10.979114
erc735,D2_revoke_attribute,9,11.200925
erc735,D2_revoke_attribute,10,11.950473
erc735,D2_revoke_attribute,11,12.35024
erc735,D2_revoke_attribute,12,9.950706
erc735,D2_revoke_attribute,13,12.572814
erc735,D2_revoke_attribute,14,9.56407
erc735,D2_revoke_attribute,15,11.13929
erc735,D2_revoke_attribute,16,15.716295
erc735,D2_revoke_attribute,17,12.319522
erc735,D2_revoke_attribute,18,10.980626
erc735,D2_revoke_attribute,19,9.027943
erc735,D2_revoke_attribute,20,9.901318
erc735,D2_revoke_attribute,21,9.650612
erc735,D2_revoke_attribute,22,12.085144
erc735,D2_revoke_attribute,23,11.875209
erc735,D2_revoke_attribute,24,10.797576
erc735,D2_revoke_attribute,25,9.901873
erc735,D2_revoke_attribute,26,9.779426
erc735,D2_revoke_attribute,27,11.18552
erc735,D2_revoke_attribute,28,9.920589
erc735,D2_revoke_attribute,29,9.995477
erc735,D3_deactivate_identity,0,6.836384
erc735,D3_deactivate_identity,1,5.958814
erc735,D3_deactivate_identity,2,9.79122
erc735,D3_deactivate_identity,3,8.462535
erc735,D3_deactivate_identity,4,7.825477
erc735,D3_deactivate_identity,5,7.751858
erc735,D3_deactivate_identity,6,6.250746
erc735,D3_deactivate_identity,7,7.279516
erc735,D3_deactivate_identity,8,6.106546
erc735,D3_deactivate_identity,9,6.533103
erc735,D3_deactivate_identity,10,6.394524
erc735,D3_deactivate_identity,11,8.331794
erc735,D3_deactivate_identity,12,6.553627
erc735,D3_deactivate_identity,13,8.030902
erc735,D3_deactivate_identity,14,6.792507
erc735,D3_deactivate_identity,15,8.073034
erc735,D3_deactivate_identity,16,5.826039
erc735,D3_deactivate_identity,17,7.0008
erc735,D3_deactivate_identity,18,6.829862
erc735,D3_deactivate_identity,19,5.371582
erc735,D3_deactivate_identity,20,5.593281
erc735,D3_deactivate_identity,21,6.383756
erc735,D3_deactivate_identity,22,6.779671
erc735,D3_deactivate_identity,23,7.053374
erc735,D3_deactivate_identity,24,7.581057
erc735,D3_deactivate_identity,25,6.560548
erc735,D3_deactivate_identity,26,6.956512
erc735,D3_deactivate_identity,27,7.469967
erc735,D3_deactivate_identity,28,6.744427
erc735,D3_deactivate_identity,29,6.614856
erc735,V3_anchor_status,0,13.076808
erc735,V3_anchor_status,1,12.025985
erc735,V3_anchor_status,2,12.798941
erc735,V3_anchor_status,3,10.991673
erc735,V3_anchor_status,4,11.13817
erc735,V3_anchor_status,5,15.700343
erc735,V3_anchor_status,6,11.664206
erc735,V3_anchor_status,7,12.366314
erc735,V3_anchor_status,8,20.718824
erc735,V3_anchor_status,9,11.600083
erc735,V3_anchor_status,10,11.373814
erc735,V3_anchor_status,11,13.527224
erc735,V3_anchor_status,12,12.556344
erc735,V3_anchor_status,13,11.232751
erc735,V3_anchor_status,14,16.016201
erc735,V3_anchor_status,15,12.324041
erc735,V3_anchor_status,16,11.532693
erc735,V3_anchor_status,17,13.046681
erc735,V3_anchor_status,18,9.934984
erc735,V3_anchor_status,19,11.301612
erc735,V3_anchor_status,20,8.986696
erc735,V3_anchor_status,21,11.341986
erc735,V3_anchor_status,22,10.522285
erc735,V3_anchor_status,23,10.429631
erc735,V3_anchor_status,24,11.851497
erc735,V3_anchor_status,25,13.618818
erc735,V3_anchor_status,26,10.579041
erc735,V3_anchor_status,27,11.938923
erc735,V3_anchor_status,28,12.971785
erc735,V3_anchor_status,29,10.926369
erc735,V5_revoke_credential,0,11.919222
erc735,V5_revoke_credential,1,10.368125
erc735,V5_revoke_credential,2,19.034701
erc735,V5_revoke_credential,3,13.741208
erc735,V5_revoke_credential,4,13.015645
erc735,V5_revoke_credential,5,12.963032
erc735,V5_revoke_credential,6,12.134554
erc735,V5_revoke_credential,7,16.192199
erc735,V5_revoke_credential,8,10.146384
erc735,V5_revoke_credential,9,22.786704
erc735,V5_revoke_credential,10,10.71786
erc735,V5_revoke_credential,11,11.74555
erc735,V5_revoke_credential,12,9.723925
erc735,V5_revoke_credential,13,10.316736
erc735,V5_revoke_credential,14,11.938865
erc735,V5_revoke_credential,15,10.369347
erc735,V5_revoke_credential,16,19.380093
erc735,V5_revoke_credential,17,11.661903
erc735,V5_revoke_credential,18,13.154064
erc735,V5_revoke_credential,19,30.505115
erc735,V5_revoke_credential,20,21.374276
erc735,V5_revoke_credential,21,19.29909
erc735,V5_revoke_credential,22,14.501662
erc735,V5_revoke_credential,23,19.531828
erc735,V5_revoke_credential,24,12.218578
erc735,V5_revoke_credential,25,15.27805
erc735,V5_revoke_credential,26,11.546367
erc735,V5_revoke_credential,27,15.627941
erc735,V5_revoke_credential,28,10.77026
erc735,V5_revoke_credential,29,10.994702
erc735,V6_status_check,0,1.063186
erc735,V6_status_check,1,0.876832
erc735,V6_status_check,2,0.806226
erc735,V6_status_check,3,0.646094
erc735,V6_status_check,4,1.14588
erc735,V6_status_check,5,0.923902
erc735,V6_status_check,6,1.001549
erc735,V6_status_check,7,1.063886
erc735,V6_status_check,8,0.749828
erc735,V6_status_check,9,0.893077
erc735,V6_status_check,10,0.76947
erc735,V6_status_check,11,0.946224
erc735,V6_status_check,12,0.753532
erc735,V6_status_check,13,0.785604
erc735,V6_status_check,14,0.726926
erc735,V6_status_check,15,0.939579
erc735,V6_status_check,16,0.625959
erc735,V6_status_check,17,0.531297
erc735,V6_status_check,18,0.722267
erc735,V6_status_check,19,0.914927
erc735,V6_status_check,20,0.838007
erc735,V6_status_check,21,0.759232
erc735,V6_status_check,22,0.905436
erc735,V6_status_check,23,0.756416
erc735,V6_status_check,24,0.78273
erc735,V6_status_check,25,1.189023
erc735,V6_status_check,26,1.058967
erc735,V6_status_check,27,0.927574
erc735,V6_status_check,28,0.765594
erc735,V6_status_check,29,0.825829
lsp8,C1_create_identity,0,8.243543
lsp8,C1_create_identity,1,7.397801
lsp8,C1_create_identity,2,9.241207
lsp8,C1_create_identity,3,7.508319
lsp8,C1_create_identity,4,9.405173
lsp8,C1_create_identity,5,7.572735
lsp8,C1_create_identity,6,6.939988
lsp8,C1_create_identity,7,7.720058
lsp8,C1_create_identity,8,7.403407
lsp8,C1_create_identity,9,8.11453
lsp8,C1_create_identity,10,6.699678
lsp8,C1_create_identity,11,7.868658
lsp8,C1_create_identity,12,9.953937
lsp8,C1_create_identity,13,9.420038
lsp8,C1_create_identity,14,6.938634
lsp8,C1_create_identity,15,7.360901
lsp8,C1_create_identity,16,7.411809
lsp8,C1_create_identity,17,7.563201
lsp8,C1_create_identity,18,6.075197
lsp8,C1_create_identity,19,7.006468
lsp8,C1_create_identity,20,7.676452
lsp8,C1_create_identity,21,7.588304
lsp8,C1_create_identity,22,7.741334
lsp8,C1_create_identity,23,7.808297
lsp8,C1_create_identity,24,7.437679
lsp8,C1_create_identity,25,7.76111
lsp8,C1_create_identity,26,8.749926
lsp8,C1_create_identity,27,9.421821
lsp8,C1_create_identity,28,9.565494
lsp8,C1_create_identity,29,9.962335
lsp8,C2_create_with_attributes,0,22.516936
lsp8,C2_create_with_attributes,1,23.177401
lsp8,C2_create_with_attributes,2,25.070176
lsp8,C2_create_with_attributes,3,20.986227
lsp8,C2_create_with_attributes,4,23.540292
lsp8,C2_create_with_attributes,5,16.582202
lsp8,C2_create_with_attributes,6,21.515963
lsp8,C2_create_with_attributes,7,23.178144
lsp8,C2_create_with_attributes,8,32.323185
lsp8,C2_create_with_attributes,9,25.754485
lsp8,C2_create_with_attributes,10,27.453459
lsp8,C2_create_with_attributes,11,21.862838
lsp8,C2_create_with_attributes,12,23.562924
lsp8,C2_create_with_attributes,13,20.260551
lsp8,C2_create_with_attributes,14,21.761073
lsp8,C2_create_with_attributes,15,21.02242
lsp8,C2_create_with_attributes,16,20.060437
lsp8,C2_create_with_attributes,17,32.156924
lsp8,C2_create_with_attributes,18,18.341129
lsp8,C2_create_with_attributes,19,26.49009
lsp8,C2_create_with_attributes,20,21.149168
lsp8,C2_create_with_attributes,21,44.861923
lsp8,C2_create_with_attributes,22,25.800517
lsp8,C2_create_with_attributes,23,22.766991
lsp8,C2_create_with_attributes,24,23.159135
lsp8,C2_create_with_attributes,25,27.622655
lsp8,C2_create_with_attributes,26,25.403049
lsp8,C2_create_with_attributes,27,21.197429
lsp8,C2_create_with_attributes,28,28.815859
lsp8,C2_create_with_attributes,29,23.425023
lsp8,R1_resolve_owner,0,1.623928
lsp8,R1_resolve_owner,1,1.663846
lsp8,R1_resolve_owner,2,1.419886
lsp8,R1_resolve_owner,3,1.409622
lsp8,R1_resolve_owner,4,1.213625
lsp8,R1_resolve_owner,5,1.054078
lsp8,R1_resolve_owner,6,1.063024
lsp8,R1_resolve_owner,7,1.190639
lsp8,R1_resolve_owner,8,1.084379
lsp8,R1_resolve_owner,9,1.627237
lsp8,R1_resolve_owner,10,1.696037
lsp8,R1_resolve_owner,11,1.838524
lsp8,R1_resolve_owner,12,1.325981
lsp8,R1_resolve_owner,13,1.531273
lsp8,R1_resolve_owner,14,1.256738
lsp8,R1_resolve_owner,15,1.56415
lsp8,R1_resolve_owner,16,1.160839
lsp8,R1_resolve_owner,17,1.079155
lsp8,R1_resolve_owner,18,1.402765
lsp8,R1_resolve_owner,19,1.557122
lsp8,R1_resolve_owner,20,1.360759
lsp8,R1_resolve_owner,21,1.68997
lsp8,R1_resolve_owner,22,1.870296
lsp8,R1_resolve_owner,23,1.952345
lsp8,R1_resolve_owner,24,1.916861
lsp8,R1_resolve_owner,25,2.107352
lsp8,R1_resolve_owner,26,2.072448
lsp8,R1_resolve_owner,27,1.92023
lsp8,R1_resolve_owner,28,1.495807
lsp8,R1_resolve_owner,29,1.733846
lsp8,R2_resolve_by_vin,0,0.880501
lsp8,R2_resolve_by_vin,1,0.707206
lsp8,R2_resolve_by_vin,2,0.72511
lsp8,R2_resolve_by_vin,3,0.76228
lsp8,R2_resolve_by_vin,4,1.060049
lsp8,R2_resolve_by_vin,5,1.17497
lsp8,R2_resolve_by_vin,6,0.756524
lsp8,R2_resolve_by_vin,7,0.736786
lsp8,R2_resolve_by_vin,8,0.961231
lsp8,R2_resolve_by_vin,9,0.765107
lsp8,R2_resolve_by_vin,10,0.878567
lsp8,R2_resolve_by_vin,11,0.804309
lsp8,R2_resolve_by_vin,12,0.74622
lsp8,R2_resolve_by_vin,13,0.697849
lsp8,R2_resolve_by_vin,14,0.645672
lsp8,R2_resolve_by_vin,15,0.89159
lsp8,R2_resolve_by_vin,16,0.870346
lsp8,R2_resolve_by_vin,17,0.873265
lsp8,R2_resolve_by_vin,18,0.836894
lsp8,R2_resolve_by_vin,19,0.846002
lsp8,R2_resolve_by_vin,20,0.924659
lsp8,R2_resolve_by_vin,21,0.970506
lsp8,R2_resolve_by_vin,22,1.109621
lsp8,R2_resolve_by_vin,23,1.210315
lsp8,R2_resolve_by_vin,24,1.541344
lsp8,R2_resolve_by_vin,25,3.120703
lsp8,R2_resolve_by_vin,26,1.424002
lsp8,R2_resolve_by_vin,27,1.290112
lsp8,R2_resolve_by_vin,28,1.359694
lsp8,R2_resolve_by_vin,29,1.173904
lsp8,R3_resolve_document,0,3.552868
lsp8,R3_resolve_document,1,3.199516
lsp8,R3_resolve_document,2,4.313579
lsp8,R3_resolve_document,3,4.481522
lsp8,R3_resolve_document,4,4.303934
lsp8,R3_resolve_document,5,3.605062
lsp8,R3_resolve_document,6,3.790569
lsp8,R3_resolve_document,7,3.710153
lsp8,R3_resolve_document,8,3.497821
lsp8,R3_resolve_document,9,3.243656
lsp8,R3_resolve_document,10,2.998221
lsp8,R3_resolve_document,11,3.728307
lsp8,R3_resolve_document,12,3.490778
lsp8,R3_resolve_document,13,2.870815
lsp8,R3_resolve_document,14,6.231665
lsp8,R3_resolve_document,15,3.954093
lsp8,R3_resolve_document,16,3.49024
lsp8,R3_resolve_document,17,3.952754
lsp8,R3_resolve_document,18,4.542764
lsp8,R3_resolve_document,19,5.686225
lsp8,R3_resolve_document,20,4.873438
lsp8,R3_resolve_document,21,5.347689
lsp8,R3_resolve_document,22,3.465423
lsp8,R3_resolve_document,23,4.32443
lsp8,R3_resolve_document,24,4.208855
lsp8,R3_resolve_document,25,3.399244
lsp8,R3_resolve_document,26,4.572183
lsp8,R3_resolve_document,27,3.766749
lsp8,R3_resolve_document,28,4.346936
lsp8,R3_resolve_document,29,6.250479
lsp8,U1_rotate_controller,0,8.145183
lsp8,U1_rotate_controller,1,7.692916
lsp8,U1_rotate_controller,2,10.290572
lsp8,U1_rotate_controller,3,8.853551
lsp8,U1_rotate_controller,4,8.588128
lsp8,U1_rotate_controller,5,11.388076
lsp8,U1_rotate_controller,6,8.389062
lsp8,U1_rotate_controller,7,9.275083
lsp8,U1_rotate_controller,8,9.083115
lsp8,U1_rotate_controller,9,8.207499
lsp8,U1_rotate_controller,10,10.537073
lsp8,U1_rotate_controller,11,9.194035
lsp8,U1_rotate_controller,12,10.824758
lsp8,U1_rotate_controller,13,8.473246
lsp8,U1_rotate_controller,14,10.045142
lsp8,U1_rotate_controller,15,9.455049
lsp8,U1_rotate_controller,16,7.338619
lsp8,U1_rotate_controller,17,8.779036
lsp8,U1_rotate_controller,18,8.92575
lsp8,U1_rotate_controller,19,8.721219
lsp8,U1_rotate_controller,20,9.978932
lsp8,U1_rotate_controller,21,7.91324
lsp8,U1_rotate_controller,22,7.77831
lsp8,U1_rotate_controller,23,8.495123
lsp8,U1_rotate_controller,24,7.873054
lsp8,U1_rotate_controller,25,10.043176
lsp8,U1_rotate_controller,26,10.815136
lsp8,U1_rotate_controller,27,8.398425
lsp8,U1_rotate_controller,28,8.878363
lsp8,U1_rotate_controller,29,8.431415
lsp8,U3_set_attribute,0,8.901339
lsp8,U3_set_attribute,1,8.378407
lsp8,U3_set_attribute,2,7.988657
lsp8,U3_set_attribute,3,11.120617
lsp8,U3_set_attribute,4,8.345511
lsp8,U3_set_attribute,5,7.222356
lsp8,U3_set_attribute,6,7.67123
lsp8,U3_set_attribute,7,9.492695
lsp8,U3_set_attribute,8,7.432624
lsp8,U3_set_attribute,9,7.613425
lsp8,U3_set_attribute,10,7.932457
lsp8,U3_set_attribute,11,8.278925
lsp8,U3_set_attribute,12,7.539383
lsp8,U3_set_attribute,13,9.676168
lsp8,U3_set_attribute,14,15.061679
lsp8,U3_set_attribute,15,16.563604
lsp8,U3_set_attribute,16,9.545308
lsp8,U3_set_attribute,17,8.562266
lsp8,U3_set_attribute,18,9.122428
lsp8,U3_set_attribute,19,9.569476
lsp8,U3_set_attribute,20,9.757407
lsp8,U3_set_attribute,21,8.667176
lsp8,U3_set_attribute,22,7.457523
lsp8,U3_set_attribute,23,8.951092
lsp8,U3_set_attribute,24,8.832649
lsp8,U3_set_attribute,25,7.05663
lsp8,U3_set_attribute,26,7.413821
lsp8,U3_set_attribute,27,7.992029
lsp8,U3_set_attribute,28,8.607689
lsp8,U3_set_attribute,29,10.411848
lsp8,U4_transfer_vehicle,0,8.752004
lsp8,U4_transfer_vehicle,1,9.54294
lsp8,U4_transfer_vehicle,2,9.212959
lsp8,U4_transfer_vehicle,3,9.18735
lsp8,U4_transfer_vehicle,4,6.996363
lsp8,U4_transfer_vehicle,5,8.591654
lsp8,U4_transfer_vehicle,6,9.469318
lsp8,U4_transfer_vehicle,7,10.640025
lsp8,U4_transfer_vehicle,8,10.139745
lsp8,U4_transfer_vehicle,9,13.900779
lsp8,U4_transfer_vehicle,10,11.001193
lsp8,U4_transfer_vehicle,11,9.750192
lsp8,U4_transfer_vehicle,12,10.559295
lsp8,U4_transfer_vehicle,13,10.486031
lsp8,U4_transfer_vehicle,14,11.151994
lsp8,U4_transfer_vehicle,15,13.682114
lsp8,U4_transfer_vehicle,16,16.383592
lsp8,U4_transfer_vehicle,17,15.705536
lsp8,U4_transfer_vehicle,18,13.581297
lsp8,U4_transfer_vehicle,19,12.443496
lsp8,U4_transfer_vehicle,20,8.616101
lsp8,U4_transfer_vehicle,21,9.48368
lsp8,U4_transfer_vehicle,22,13.750322
lsp8,U4_transfer_vehicle,23,11.134736
lsp8,U4_transfer_vehicle,24,11.656277
lsp8,U4_transfer_vehicle,25,11.218828
lsp8,U4_transfer_vehicle,26,11.798877
lsp8,U4_transfer_vehicle,27,10.280544
lsp8,U4_transfer_vehicle,28,12.990011
lsp8,U4_transfer_vehicle,29,9.260952
lsp8,D2_revoke_attribute,0,9.736003
lsp8,D2_revoke_attribute,1,10.519283
lsp8,D2_revoke_attribute,2,10.7415
lsp8,D2_revoke_attribute,3,12.320591
lsp8,D2_revoke_attribute,4,11.563773
lsp8,D2_revoke_attribute,5,8.714784
lsp8,D2_revoke_attribute,6,9.496757
lsp8,D2_revoke_attribute,7,7.138316
lsp8,D2_revoke_attribute,8,8.077355
lsp8,D2_revoke_attribute,9,8.273558
lsp8,D2_revoke_attribute,10,9.679742
lsp8,D2_revoke_attribute,11,13.117565
lsp8,D2_revoke_attribute,12,9.480091
lsp8,D2_revoke_attribute,13,9.959499
lsp8,D2_revoke_attribute,14,10.725792
lsp8,D2_revoke_attribute,15,8.688641
lsp8,D2_revoke_attribute,16,8.515981
lsp8,D2_revoke_attribute,17,9.23479
lsp8,D2_revoke_attribute,18,9.406711
lsp8,D2_revoke_attribute,19,9.548149
lsp8,D2_revoke_attribute,20,10.656045
lsp8,D2_revoke_attribute,21,11.487252
lsp8,D2_revoke_attribute,22,12.701251
lsp8,D2_revoke_attribute,23,9.635884
lsp8,D2_revoke_attribute,24,9.688865
lsp8,D2_revoke_attribute,25,12.060069
lsp8,D2_revoke_attribute,26,9.142606
lsp8,D2_revoke_attribute,27,12.141485
lsp8,D2_revoke_attribute,28,13.567708
lsp8,D2_revoke_attribute,29,8.806451
lsp8,D3_deactivate_identity,0,11.302382
lsp8,D3_deactivate_identity,1,10.580083
lsp8,D3_deactivate_identity,2,8.569387
lsp8,D3_deactivate_identity,3,14.083667
lsp8,D3_deactivate_identity,4,10.378573
lsp8,D3_deactivate_identity,5,7.988541
lsp8,D3_deactivate_identity,6,8.491185
lsp8,D3_deactivate_identity,7,10.220807
lsp8,D3_deactivate_identity,8,10.551516
lsp8,D3_deactivate_identity,9,10.415889
lsp8,D3_deactivate_identity,10,6.812912
lsp8,D3_deactivate_identity,11,11.463929
lsp8,D3_deactivate_identity,12,8.905831
lsp8,D3_deactivate_identity,13,10.903142
lsp8,D3_deactivate_identity,14,14.208599
lsp8,D3_deactivate_identity,15,10.064768
lsp8,D3_deactivate_identity,16,11.755174
lsp8,D3_deactivate_identity,17,8.538307
lsp8,D3_deactivate_identity,18,10.666222
lsp8,D3_deactivate_identity,19,11.575056
lsp8,D3_deactivate_identity,20,8.876816
lsp8,D3_deactivate_identity,21,8.651604
lsp8,D3_deactivate_identity,22,8.340515
lsp8,D3_deactivate_identity,23,8.280011
lsp8,D3_deactivate_identity,24,7.762923
lsp8,D3_deactivate_identity,25,9.503358
lsp8,D3_deactivate_identity,26,10.028053
lsp8,D3_deactivate_identity,27,8.692422
lsp8,D3_deactivate_identity,28,8.358641
lsp8,D3_deactivate_identity,29,10.047827
lsp8,V3_anchor_status,0,7.992449
lsp8,V3_anchor_status,1,8.088331
lsp8,V3_anchor_status,2,9.054464
lsp8,V3_anchor_status,3,8.774574
lsp8,V3_anchor_status,4,9.767846
lsp8,V3_anchor_status,5,8.458169
lsp8,V3_anchor_status,6,10.300159
lsp8,V3_anchor_status,7,8.629417
lsp8,V3_anchor_status,8,7.541765
lsp8,V3_anchor_status,9,6.958384
lsp8,V3_anchor_status,10,8.94371
lsp8,V3_anchor_status,11,7.964319
lsp8,V3_anchor_status,12,9.959269
lsp8,V3_anchor_status,13,9.935122
lsp8,V3_anchor_status,14,9.119742
lsp8,V3_anchor_status,15,12.614431
lsp8,V3_anchor_status,16,7.720352
lsp8,V3_anchor_status,17,8.035248
lsp8,V3_anchor_status,18,7.201148
lsp8,V3_anchor_status,19,7.716992
lsp8,V3_anchor_status,20,8.668777
lsp8,V3_anchor_status,21,8.719946
lsp8,V3_anchor_status,22,12.310952
lsp8,V3_anchor_status,23,8.02563
lsp8,V3_anchor_status,24,9.597995
lsp8,V3_anchor_status,25,8.135329
lsp8,V3_anchor_status,26,8.754893
lsp8,V3_anchor_status,27,8.401359
lsp8,V3_anchor_status,28,8.922046
lsp8,V3_anchor_status,29,9.123409
lsp8,V5_revoke_credential,0,13.414712
lsp8,V5_revoke_credential,1,8.436225
lsp8,V5_revoke_credential,2,7.553941
lsp8,V5_revoke_credential,3,8.002157
lsp8,V5_revoke_credential,4,7.25825
lsp8,V5_revoke_credential,5,8.771762
lsp8,V5_revoke_credential,6,8.088457
lsp8,V5_revoke_credential,7,8.417943
lsp8,V5_revoke_credential,8,7.841402
lsp8,V5_revoke_credential,9,7.480753
lsp8,V5_revoke_credential,10,8.1812
lsp8,V5_revoke_credential,11,8.426844
lsp8,V5_revoke_credential,12,7.857338
lsp8,V5_revoke_credential,13,8.372531
lsp8,V5_revoke_credential,14,9.381407
lsp8,V5_revoke_credential,15,7.210576
lsp8,V5_revoke_credential,16,10.220865
lsp8,V5_revoke_credential,17,12.565062
lsp8,V5_revoke_credential,18,7.331973
lsp8,V5_revoke_credential,19,9.729836
lsp8,V5_revoke_credential,20,8.740829
lsp8,V5_revoke_credential,21,7.489023
lsp8,V5_revoke_credential,22,11.818492
lsp8,V5_revoke_credential,23,7.370118
lsp8,V5_revoke_credential,24,7.990242
lsp8,V5_revoke_credential,25,8.179317
lsp8,V5_revoke_credential,26,9.145549
lsp8,V5_revoke_credential,27,7.902083
lsp8,V5_revoke_credential,28,7.803496
lsp8,V5_revoke_credential,29,11.635829
lsp8,V6_status_check,0,1.085345
lsp8,V6_status_check,1,1.356241
lsp8,V6_status_check,2,1.678033
lsp8,V6_status_check,3,1.227382
lsp8,V6_status_check,4,1.175104
lsp8,V6_status_check,5,1.079811
lsp8,V6_status_check,6,1.425748
lsp8,V6_status_check,7,1.37079
lsp8,V6_status_check,8,1.372692
lsp8,V6_status_check,9,1.217791
lsp8,V6_status_check,10,1.239712
lsp8,V6_status_check,11,1.192381
lsp8,V6_status_check,12,1.21658
lsp8,V6_status_check,13,1.582283
lsp8,V6_status_check,14,1.098843
lsp8,V6_status_check,15,1.056013
lsp8,V6_status_check,16,1.382326
lsp8,V6_status_check,17,1.048019
lsp8,V6_status_check,18,1.197297
lsp8,V6_status_check,19,1.297425
lsp8,V6_status_check,20,1.384703
lsp8,V6_status_check,21,1.261831
lsp8,V6_status_check,22,1.689225
lsp8,V6_status_check,23,1.67881
lsp8,V6_status_check,24,1.601691
lsp8,V6_status_check,25,1.569288
lsp8,V6_status_check,26,1.408294
lsp8,V6_status_check,27,1.712538
lsp8,V6_status_check,28,0.919482
lsp8,V6_status_check,29,1.296563
