adapter,op,sample,latencyMs
cvin,C1_create_identity,0,22.407593
cvin,C1_create_identity,1,35.130514
cvin,C1_create_identity,2,30.832961
cvin,C1_create_identity,3,25.180199
cvin,C1_create_identity,4,31.966925
cvin,C1_create_identity,5,21.730883
cvin,C1_create_identity,6,21.941819
cvin,C1_create_identity,7,22.389053
cvin,C1_create_identity,8,22.292398
cvin,C1_create_identity,9,22.472619
cvin,C1_create_identity,10,20.532928
cvin,C1_create_identity,11,18.593424
cvin,C1_create_identity,12,26.626711
cvin,C1_create_identity,13,23.509677
cvin,C1_create_identity,14,19.001552
cvin,C1_create_identity,15,18.678405
cvin,C1_create_identity,16,20.829754
cvin,C1_create_identity,17,21.268162
cvin,C1_create_identity,18,24.883134
cvin,C1_create_identity,19,24.287939
cvin,C1_create_identity,20,20.043388
cvin,C1_create_identity,21,24.774857
cvin,C1_create_identity,22,32.162979
cvin,C1_create_identity,23,24.083985
cvin,C1_create_identity,24,24.056587
cvin,C1_create_identity,25,30.46044
cvin,C1_create_identity,26,19.341083
cvin,C1_create_identity,27,21.725214
cvin,C1_create_identity,28,19.365675
cvin,C1_create_identity,29,19.597167
cvin,C2_create_with_attributes,0,61.266173
cvin,C2_create_with_attributes,1,51.176255
cvin,C2_create_with_attributes,2,79.023415
cvin,C2_create_with_attributes,3,65.283129
cvin,C2_create_with_attributes,4,46.975736
cvin,C2_create_with_attributes,5,44.760838
cvin,C2_create_with_attributes,6,48.655201
cvin,C2_create_with_attributes,7,48.830742
cvin,C2_create_with_attributes,8,81.282926
cvin,C2_create_with_attributes,9,82.463059
cvin,C2_create_with_attributes,10,50.267929
cvin,C2_create_with_attributes,11,51.142954
cvin,C2_create_with_attributes,12,61.066637
cvin,C2_create_with_attributes,13,59.187837
cvin,C2_create_with_attributes,14,58.533069
cvin,C2_create_with_attributes,15,64.043884
cvin,C2_create_with_attributes,16,47.753426
cvin,C2_create_with_attributes,17,52.421685
cvin,C2_create_with_attributes,18,51.115752
cvin,C2_create_with_attributes,19,56.00244
cvin,C2_create_with_attributes,20,54.546708
cvin,C2_create_with_attributes,21,46.804646
cvin,C2_create_with_attributes,22,63.692931
cvin,C2_create_with_attributes,23,58.774142
cvin,C2_create_with_attributes,24,64.287136
cvin,C2_create_with_attributes,25,46.960866
cvin,C2_create_with_attributes,26,58.993398
cvin,C2_create_with_attributes,27,50.106736
cvin,C2_create_with_attributes,28,50.963595
cvin,C2_create_with_attributes,29,57.343113
cvin,R1_resolve_owner,0,1.573091
cvin,R1_resolve_owner,1,1.571363
cvin,R1_resolve_owner,2,1.780496
cvin,R1_resolve_owner,3,1.584817
cvin,R1_resolve_owner,4,1.665545
cvin,R1_resolve_owner,5,1.455776
cvin,R1_resolve_owner,6,1.530019
cvin,R1_resolve_owner,7,1.517179
cvin,R1_resolve_owner,8,1.502371
cvin,R1_resolve_owner,9,1.782616
cvin,R1_resolve_owner,10,1.624881
cvin,R1_resolve_owner,11,1.590863
cvin,R1_resolve_owner,12,1.578565
cvin,R1_resolve_owner,13,1.542038
cvin,R1_resolve_owner,14,1.639813
cvin,R1_resolve_owner,15,1.475195
cvin,R1_resolve_owner,16,1.505921
cvin,R1_resolve_owner,17,1.802144
cvin,R1_resolve_owner,18,1.456211
cvin,R1_resolve_owner,19,1.482277
cvin,R1_resolve_owner,20,1.733219
cvin,R1_resolve_owner,21,1.476606
cvin,R1_resolve_owner,22,1.631448
cvin,R1_resolve_owner,23,1.316193
cvin,R1_resolve_owner,24,1.693639
cvin,R1_resolve_owner,25,1.399567
cvin,R1_resolve_owner,26,1.487099
cvin,R1_resolve_owner,27,1.497408
cvin,R1_resolve_owner,28,1.517235
cvin,R1_resolve_owner,29,1.377397
cvin,R3_resolve_document,0,12.184726
cvin,R3_resolve_document,1,18.014789
cvin,R3_resolve_document,2,17.110621
cvin,R3_resolve_document,3,13.503857
cvin,R3_resolve_document,4,12.315972
cvin,R3_resolve_document,5,13.298584
cvin,R3_resolve_document,6,12.023015
cvin,R3_resolve_document,7,14.32904
cvin,R3_resolve_document,8,16.428868
cvin,R3_resolve_document,9,13.118846
cvin,R3_resolve_document,10,11.909742
cvin,R3_resolve_document,11,15.152335
cvin,R3_resolve_document,12,15.903476
cvin,R3_resolve_document,13,12.850168
cvin,R3_resolve_document,14,14.851772
cvin,R3_resolve_document,15,15.735737
cvin,R3_resolve_document,16,15.413858
cvin,R3_resolve_document,17,13.523422
cvin,R3_resolve_document,18,13.670159
cvin,R3_resolve_document,19,11.135774
cvin,R3_resolve_document,20,11.159298
cvin,R3_resolve_document,21,23.136115
cvin,R3_resolve_document,22,24.68842
cvin,R3_resolve_document,23,12.116422
cvin,R3_resolve_document,24,10.858547
cvin,R3_resolve_document,25,14.403177
cvin,R3_resolve_document,26,14.127036
cvin,R3_resolve_document,27,13.884385
cvin,R3_resolve_document,28,14.439901
cvin,R3_resolve_document,29,11.736111
cvin,R4_verify_delegate,0,5.420126
cvin,R4_verify_delegate,1,1.993716
cvin,R4_verify_delegate,2,1.854829
cvin,R4_verify_delegate,3,1.93389
cvin,R4_verify_delegate,4,2.105915
cvin,R4_verify_delegate,5,2.273669
cvin,R4_verify_delegate,6,1.990896
cvin,R4_verify_delegate,7,1.73908
cvin,R4_verify_delegate,8,1.954182
cvin,R4_verify_delegate,9,2.08013
cvin,R4_verify_delegate,10,2.169067
cvin,R4_verify_delegate,11,1.870295
cvin,R4_verify_delegate,12,2.060953
cvin,R4_verify_delegate,13,2.023455
cvin,R4_verify_delegate,14,1.676711
cvin,R4_verify_delegate,15,1.78745
cvin,R4_verify_delegate,16,1.54994
cvin,R4_verify_delegate,17,1.713798
cvin,R4_verify_delegate,18,1.683272
cvin,R4_verify_delegate,19,1.70897
cvin,R4_verify_delegate,20,2.166218
cvin,R4_verify_delegate,21,1.749494
cvin,R4_verify_delegate,22,1.692618
cvin,R4_verify_delegate,23,1.933324
cvin,R4_verify_delegate,24,2.288628
cvin,R4_verify_delegate,25,1.952535
cvin,R4_verify_delegate,26,1.785238
cvin,R4_verify_delegate,27,2.036244
cvin,R4_verify_delegate,28,1.960442
cvin,R4_verify_delegate,29,2.452312
cvin,U1_rotate_controller,0,13.55218
cvin,U1_rotate_controller,1,23.101639
cvin,U1_rotate_controller,2,17.881467
cvin,U1_rotate_controller,3,23.286287
cvin,U1_rotate_controller,4,16.738556
cvin,U1_rotate_controller,5,16.755303
cvin,U1_rotate_controller,6,14.037821
cvin,U1_rotate_controller,7,18.512947
cvin,U1_rotate_controller,8,18.015007
cvin,U1_rotate_controller,9,16.440747
cvin,U1_rotate_controller,10,14.753386
cvin,U1_rotate_controller,11,17.428091
cvin,U1_rotate_controller,12,18.405338
cvin,U1_rotate_controller,13,18.602097
cvin,U1_rotate_controller,14,16.013717
cvin,U1_rotate_controller,15,16.7298
cvin,U1_rotate_controller,16,19.318648
cvin,U1_rotate_controller,17,20.150899
cvin,U1_rotate_controller,18,22.397693
cvin,U1_rotate_controller,19,17.721211
cvin,U1_rotate_controller,20,19.383873
cvin,U1_rotate_controller,21,18.287691
cvin,U1_rotate_controller,22,20.155182
cvin,U1_rotate_controller,23,21.386375
cvin,U1_rotate_controller,24,17.177536
cvin,U1_rotate_controller,25,16.586879
cvin,U1_rotate_controller,26,20.566652
cvin,U1_rotate_controller,27,16.954372
cvin,U1_rotate_controller,28,23.092178
cvin,U1_rotate_controller,29,19.152827
cvin,U2_add_delegate,0,18.103718
cvin,U2_add_delegate,1,16.954353
cvin,U2_add_delegate,2,21.609723
cvin,U2_add_delegate,3,21.722315
cvin,U2_add_delegate,4,18.213532
cvin,U2_add_delegate,5,16.586255
cvin,U2_add_delegate,6,20.28045
cvin,U2_add_delegate,7,16.201852
cvin,U2_add_delegate,8,16.073762
cvin,U2_add_delegate,9,19.259176
cvin,U2_add_delegate,10,22.281014
cvin,U2_add_delegate,11,18.768778
cvin,U2_add_delegate,12,20.576009
cvin,U2_add_delegate,13,27.316974
cvin,U2_add_delegate,14,18.144584
cvin,U2_add_delegate,15,18.344044
cvin,U2_add_delegate,16,17.721647
cvin,U2_add_delegate,17,22.314152
cvin,U2_add_delegate,18,22.594478
cvin,U2_add_delegate,19,22.222311
cvin,U2_add_delegate,20,18.480548
cvin,U2_add_delegate,21,24.641611
cvin,U2_add_delegate,22,17.46007
cvin,U2_add_delegate,23,15.664546
cvin,U2_add_delegate,24,14.37274
cvin,U2_add_delegate,25,14.918195
cvin,U2_add_delegate,26,15.367612
cvin,U2_add_delegate,27,13.947598
cvin,U2_add_delegate,28,14.127036
cvin,U2_add_delegate,29,15.199513
cvin,U3_set_attribute,0,20.808722
cvin,U3_set_attribute,1,23.704558
cvin,U3_set_attribute,2,17.703041
cvin,U3_set_attribute,3,17.958867
cvin,U3_set_attribute,4,15.727066
cvin,U3_set_attribute,5,19.395159
cvin,U3_set_attribute,6,18.412397
cvin,U3_set_attribute,7,17.698821
cvin,U3_set_attribute,8,18.266676
cvin,U3_set_attribute,9,16.145831
cvin,U3_set_attribute,10,18.603085
cvin,U3_set_attribute,11,20.808446
cvin,U3_set_attribute,12,20.713115
cvin,U3_set_attribute,13,17.531585
cvin,U3_set_attribute,14,21.087076
cvin,U3_set_attribute,15,14.969147
cvin,U3_set_attribute,16,26.044322
cvin,U3_set_attribute,17,17.378924
cvin,U3_set_attribute,18,16.719767
cvin,U3_set_attribute,19,27.665554
cvin,U3_set_attribute,20,15.666681
cvin,U3_set_attribute,21,23.745959
cvin,U3_set_attribute,22,24.033827
cvin,U3_set_attribute,23,25.12712
cvin,U3_set_attribute,24,17.270735
cvin,U3_set_attribute,25,14.299622
cvin,U3_set_attribute,26,15.052987
cvin,U3_set_attribute,27,21.687729
cvin,U3_set_attribute,28,20.46234
cvin,U3_set_attribute,29,16.668664
cvin,U4_transfer_vehicle,0,16.424423
cvin,U4_transfer_vehicle,1,14.232463
cvin,U4_transfer_vehicle,2,16.951515
cvin,U4_transfer_vehicle,3,14.760356
cvin,U4_transfer_vehicle,4,14.655538
cvin,U4_transfer_vehicle,5,20.172544
cvin,U4_transfer_vehicle,6,19.6649
cvin,U4_transfer_vehicle,7,18.767839
cvin,U4_transfer_vehicle,8,14.387024
cvin,U4_transfer_vehicle,9,24.430432
cvin,U4_transfer_vehicle,10,19.282904
cvin,U4_transfer_vehicle,11,14.185444
cvin,U4_transfer_vehicle,12,13.352075
cvin,U4_transfer_vehicle,13,15.478919
cvin,U4_transfer_vehicle,14,18.266467
cvin,U4_transfer_vehicle,15,15.800314
cvin,U4_transfer_vehicle,16,19.79204
cvin,U4_transfer_vehicle,17,19.323195
cvin,U4_transfer_vehicle,18,20.135146
cvin,U4_transfer_vehicle,19,16.379094
cvin,U4_transfer_vehicle,20,22.125982
cvin,U4_transfer_vehicle,21,14.299774
cvin,U4_transfer_vehicle,22,14.88567
cvin,U4_transfer_vehicle,23,20.464879
cvin,U4_transfer_vehicle,24,13.450178
cvin,U4_transfer_vehicle,25,15.146941
cvin,U4_transfer_vehicle,26,14.713671
cvin,U4_transfer_vehicle,27,15.871334
cvin,U4_transfer_vehicle,28,23.227857
cvin,U4_transfer_vehicle,29,19.702851
cvin,D1_revoke_delegate,0,19.688194
cvin,D1_revoke_delegate,1,16.063772
cvin,D1_revoke_delegate,2,15.740944
cvin,D1_revoke_delegate,3,16.563545
cvin,D1_revoke_delegate,4,22.022056
cvin,D1_revoke_delegate,5,16.052886
cvin,D1_revoke_delegate,6,17.921342
cvin,D1_revoke_delegate,7,25.928621
cvin,D1_revoke_delegate,8,19.364939
cvin,D1_revoke_delegate,9,22.064579
cvin,D1_revoke_delegate,10,14.950511
cvin,D1_revoke_delegate,11,15.865298
cvin,D1_revoke_delegate,12,21.038697
cvin,D1_revoke_delegate,13,14.698002
cvin,D1_revoke_delegate,14,17.583445
cvin,D1_revoke_delegate,15,20.541084
cvin,D1_revoke_delegate,16,17.029635
cvin,D1_revoke_delegate,17,15.893325
cvin,D1_revoke_delegate,18,15.088597
cvin,D1_revoke_delegate,19,15.475484
cvin,D1_revoke_delegate,20,15.354534
cvin,D1_revoke_delegate,21,14.425823
cvin,D1_revoke_delegate,22,21.573191
cvin,D1_revoke_delegate,23,22.031951
cvin,D1_revoke_delegate,24,16.821694
cvin,D1_revoke_delegate,25,15.859733
cvin,D1_revoke_delegate,26,16.909234
cvin,D1_revoke_delegate,27,17.399239
cvin,D1_revoke_delegate,28,17.053388
cvin,D1_revoke_delegate,29,15.89651
cvin,D2_revoke_attribute,0,26.251765
cvin,D2_revoke_attribute,1,17.713238
cvin,D2_revoke_attribute,2,23.779041
cvin,D2_revoke_attribute,3,18.094978
cvin,D2_revoke_attribute,4,19.714107
cvin,D2_revoke_attribute,5,18.968414
cvin,D2_revoke_attribute,6,26.214182
cvin,D2_revoke_attribute,7,23.943404
cvin,D2_revoke_attribute,8,19.584184
cvin,D2_revoke_attribute,9,21.831222
cvin,D2_revoke_attribute,10,21.686793
cvin,D2_revoke_attribute,11,15.461303
cvin,D2_revoke_attribute,12,22.417933
cvin,D2_revoke_attribute,13,19.451823
cvin,D2_revoke_attribute,14,20.256046
cvin,D2_revoke_attribute,15,15.503613
cvin,D2_revoke_attribute,16,19.3953
cvin,D2_revoke_attribute,17,15.501658
cvin,D2_revoke_attribute,18,15.267661
cvin,D2_revoke_attribute,19,16.424769
cvin,D2_revoke_attribute,20,21.860952
cvin,D2_revoke_attribute,21,20.605872
cvin,D2_revoke_attribute,22,22.983177
cvin,D2_revoke_attribute,23,16.994595
cvin,D2_revoke_attribute,24,18.483792
cvin,D2_revoke_attribute,25,16.499395
cvin,D2_revoke_attribute,26,24.029568
cvin,D2_revoke_attribute,27,24.060008
cvin,D2_revoke_attribute,28,24.995998
cvin,D2_revoke_attribute,29,15.675866
cvin,D3_deactivate_identity,0,21.076225
cvin,D3_deactivate_identity,1,16.554484
cvin,D3_deactivate_identity,2,22.256471
cvin,D3_deactivate_identity,3,17.583698
cvin,D3_deactivate_identity,4,17.886057
cvin,D3_deactivate_identity,5,19.961772
cvin,D3_deactivate_identity,6,26.826748
cvin,D3_deactivate_identity,7,17.843669
cvin,D3_deactivate_identity,8,27.055017
cvin,D3_deactivate_identity,9,18.329823
cvin,D3_deactivate_identity,10,24.884711
cvin,D3_deactivate_identity,11,17.693903
cvin,D3_deactivate_identity,12,23.744203
cvin,D3_deactivate_identity,13,18.424041
cvin,D3_deactivate_identity,14,16.204935
cvin,D3_deactivate_identity,15,17.721371
cvin,D3_deactivate_identity,16,19.784409
cvin,D3_deactivate_identity,17,17.009332
cvin,D3_deactivate_identity,18,27.758446
cvin,D3_deactivate_identity,19,19.761111
cvin,D3_deactivate_identity,20,21.281532
cvin,D3_deactivate_identity,21,16.997648
cvin,D3_deactivate_identity,22,21.51766
cvin,D3_deactivate_identity,23,19.128702
cvin,D3_deactivate_identity,24,15.911127
cvin,D3_deactivate_identity,25,20.922705
cvin,D3_deactivate_identity,26,20.074905
cvin,D3_deactivate_identity,27,17.762839
cvin,D3_deactivate_identity,28,17.828244
cvin,D3_deactivate_identity,29,15.444543
cvin,V1_issuer_key_anchor,0,18.346133
cvin,V1_issuer_key_anchor,1,18.138807
cvin,V1_issuer_key_anchor,2,16.176862
cvin,V1_issuer_key_anchor,3,14.879822
cvin,V1_issuer_key_anchor,4,17.460114
cvin,V1_issuer_key_anchor,5,15.665585
cvin,V1_issuer_key_anchor,6,18.97394
cvin,V1_issuer_key_anchor,7,14.773135
cvin,V1_issuer_key_anchor,8,21.392825
cvin,V1_issuer_key_anchor,9,15.998732
cvin,V1_issuer_key_anchor,10,21.013882
cvin,V1_issuer_key_anchor,11,17.716915
cvin,V1_issuer_key_anchor,12,21.910592
cvin,V1_issuer_key_anchor,13,18.725029
cvin,V1_issuer_key_anchor,14,22.805313
cvin,V1_issuer_key_anchor,15,21.666206
cvin,V1_issuer_key_anchor,16,24.457774
cvin,V1_issuer_key_anchor,17,24.422622
cvin,V1_issuer_key_anchor,18,16.066955
cvin,V1_issuer_key_anchor,19,17.051107
cvin,V1_issuer_key_anchor,20,16.025092
cvin,V1_issuer_key_anchor,21,22.539787
cvin,V1_issuer_key_anchor,22,20.544252
cvin,V1_issuer_key_anchor,23,19.902046
cvin,V1_issuer_key_anchor,24,16.902081
cvin,V1_issuer_key_anchor,25,19.208764
cvin,V1_issuer_key_anchor,26,19.270831
cvin,V1_issuer_key_anchor,27,23.412835
cvin,V1_issuer_key_anchor,28,20.69337
cvin,V1_issuer_key_anchor,29,22.198698
cvin,V3_anchor_status,0,26.935227
cvin,V3_anchor_status,1,31.588523
cvin,V3_anchor_status,2,28.883428
cvin,V3_anchor_status,3,33.764957
cvin,V3_anchor_status,4,42.060128
cvin,V3_anchor_status,5,31.764428
cvin,V3_anchor_status,6,33.797953
cvin,V3_anchor_status,7,23.04458
cvin,V3_anchor_status,8,22.621445
cvin,V3_anchor_status,9,31.74184
cvin,V3_anchor_status,10,31.808135
cvin,V3_anchor_status,11,28.918204
cvin,V3_anchor_status,12,24.854117
cvin,V3_anchor_status,13,38.091273
cvin,V3_anchor_status,14,19.678838
cvin,V3_anchor_status,15,38.398176
cvin,V3_anchor_status,16,47.377918
cvin,V3_anchor_status,17,29.583009
cvin,V3_anchor_status,18,22.275386
cvin,V3_anchor_status,19,24.438825
cvin,V3_anchor_status,20,26.742293
cvin,V3_anchor_status,21,26.603066
cvin,V3_anchor_status,22,26.006042
cvin,V3_anchor_status,23,27.975804
cvin,V3_anchor_status,24,22.019183
cvin,V3_anchor_status,25,31.026933
cvin,V3_anchor_status,26,29.731111
cvin,V3_anchor_status,27,26.853324
cvin,V3_anchor_status,28,25.002805
cvin,V3_anchor_status,29,25.026037
cvin,V5_revoke_credential,0,53.512627
cvin,V5_revoke_credential,1,39.439838
cvin,V5_revoke_credential,2,23.998043
cvin,V5_revoke_credential,3,62.428452
cvin,V5_revoke_credential,4,35.638438
cvin,V5_revoke_credential,5,23.411997
cvin,V5_revoke_credential,6,36.768706
cvin,V5_revoke_credential,7,46.531839
cvin,V5_revoke_credential,8,29.178261
cvin,V5_revoke_credential,9,35.257449
cvin,V5_revoke_credential,10,33.323144
cvin,V5_revoke_credential,11,31.76854
cvin,V5_revoke_credential,12,32.30898
cvin,V5_revoke_credential,13,34.802507
cvin,V5_revoke_credential,14,52.420127
cvin,V5_revoke_credential,15,36.341356
cvin,V5_revoke_credential,16,24.042666
cvin,V5_revoke_credential,17,41.767694
cvin,V5_revoke_credential,18,26.53625
cvin,V5_revoke_credential,19,24.400973
cvin,V5_revoke_credential,20,27.399515
cvin,V5_revoke_credential,21,45.222054
cvin,V5_revoke_credential,22,30.973878
cvin,V5_revoke_credential,23,34.869157
cvin,V5_revoke_credential,24,36.836684
cvin,V5_revoke_credential,25,29.676066
cvin,V5_revoke_credential,26,35.538683
cvin,V5_revoke_credential,27,31.579646
cvin,V5_revoke_credential,28,69.619758
cvin,V5_revoke_credential,29,24.833924
cvin,V6_status_check,0,2.402738
cvin,V6_status_check,1,2.093988
cvin,V6_status_check,2,2.087259
cvin,V6_status_check,3,2.323005
cvin,V6_status_check,4,2.534856
cvin,V6_status_check,5,2.287374
cvin,V6_status_check,6,2.164244
cvin,V6_status_check,7,2.353243
cvin,V6_status_check,8,2.453471
cvin,V6_status_check,9,2.743783
cvin,V6_status_check,10,2.390813
cvin,V6_status_check,11,3.130805
cvin,V6_status_check,12,2.106641
cvin,V6_status_check,13,2.005151
cvin,V6_status_check,14,1.841885
cvin,V6_status_check,15,1.744701
cvin,V6_status_check,16,2.204511
cvin,V6_status_check,17,2.14275
cvin,V6_status_check,18,2.094124
cvin,V6_status_check,19,2.341269
cvin,V6_status_check,20,2.667468
cvin,V6_status_check,21,2.714516
cvin,V6_status_check,22,2.716553
cvin,V6_status_check,23,2.599396
cvin,V6_status_check,24,2.723481
cvin,V6_status_check,25,2.476693
cvin,V6_status_check,26,2.455861
cvin,V6_status_check,27,2.417888
cvin,V6_status_check,28,2.561862
cvin,V6_status_check,29,2.502655
erc1056,C1_create_identity,0,35.11597
erc1056,C1_create_identity,1,36.673065
erc1056,C1_create_identity,2,35.485768
erc1056,C1_create_identity,3,39.270845
erc1056,C1_create_identity,4,39.97156
erc1056,C1_create_identity,5,32.694806
erc1056,C1_create_identity,6,34.180234
erc1056,C1_create_identity,7,32.713249
erc1056,C1_create_identity,8,29.520767
erc1056,C1_create_identity,9,28.763719
erc1056,C1_create_identity,10,32.985271
erc1056,C1_create_identity,11,29.840752
erc1056,C1_create_identity,12,30.334882
erc1056,C1_create_identity,13,26.991354
erc1056,C1_create_identity,14,23.274973
erc1056,C1_create_identity,15,21.860411
erc1056,C1_create_identity,16,21.733493
erc1056,C1_create_identity,17,29.089926
erc1056,C1_create_identity,18,32.947944
erc1056,C1_create_identity,19,25.849386
erc1056,C1_create_identity,20,22.525182
erc1056,C1_create_identity,21,25.366385
erc1056,C1_create_identity,22,23.21725
erc1056,C1_create_identity,23,19.97111
erc1056,C1_create_identity,24,23.880974
erc1056,C1_create_identity,25,22.997042
erc1056,C1_create_identity,26,31.056037
erc1056,C1_create_identity,27,27.536364
erc1056,C1_create_identity,28,31.827733
erc1056,C1_create_identity,29,30.943209
erc1056,C2_create_with_attributes,0,195.424651
erc1056,C2_create_with_attributes,1,224.844814
erc1056,C2_create_with_attributes,2,196.312786
erc1056,C2_create_with_attributes,3,194.0266
erc1056,C2_create_with_attributes,4,181.253088
erc1056,C2_create_with_attributes,5,226.172319
erc1056,C2_create_with_attributes,6,204.153898
erc1056,C2_create_with_attributes,7,225.703093
erc1056,C2_create_with_attributes,8,187.182259
erc1056,C2_create_with_attributes,9,171.537463
erc1056,C2_create_with_attributes,10,168.996682
erc1056,C2_create_with_attributes,11,191.815599
erc1056,C2_create_with_attributes,12,161.712811
erc1056,C2_create_with_attributes,13,202.069979
erc1056,C2_create_with_attributes,14,185.618719
erc1056,C2_create_with_attributes,15,177.760243
erc1056,C2_create_with_attributes,16,175.470786
erc1056,C2_create_with_attributes,17,174.424636
erc1056,C2_create_with_attributes,18,183.908608
erc1056,C2_create_with_attributes,19,174.729633
erc1056,C2_create_with_attributes,20,168.587063
erc1056,C2_create_with_attributes,21,158.317166
erc1056,C2_create_with_attributes,22,226.352843
erc1056,C2_create_with_attributes,23,193.196773
erc1056,C2_create_with_attributes,24,194.195738
erc1056,C2_create_with_attributes,25,203.776658
erc1056,C2_create_with_attributes,26,195.469951
erc1056,C2_create_with_attributes,27,161.24389
erc1056,C2_create_with_attributes,28,195.875266
erc1056,C2_create_with_attributes,29,163.527106
erc1056,R1_resolve_owner,0,1.91046
erc1056,R1_resolve_owner,1,1.831119
erc1056,R1_resolve_owner,2,1.762022
erc1056,R1_resolve_owner,3,1.71744
erc1056,R1_resolve_owner,4,1.539239
erc1056,R1_resolve_owner,5,1.722721
erc1056,R1_resolve_owner,6,1.71332
erc1056,R1_resolve_owner,7,1.831186
erc1056,R1_resolve_owner,8,2.153121
erc1056,R1_resolve_owner,9,2.056172
erc1056,R1_resolve_owner,10,2.164653
erc1056,R1_resolve_owner,11,2.275474
erc1056,R1_resolve_owner,12,2.077404
erc1056,R1_resolve_owner,13,2.095283
erc1056,R1_resolve_owner,14,1.966376
erc1056,R1_resolve_owner,15,2.050248
erc1056,R1_resolve_owner,16,1.943402
erc1056,R1_resolve_owner,17,2.058034
erc1056,R1_resolve_owner,18,1.919159
erc1056,R1_resolve_owner,19,1.966615
erc1056,R1_resolve_owner,20,2.130511
erc1056,R1_resolve_owner,21,2.194356
erc1056,R1_resolve_owner,22,2.17404
erc1056,R1_resolve_owner,23,2.222632
erc1056,R1_resolve_owner,24,2.370623
erc1056,R1_resolve_owner,25,1.947689
erc1056,R1_resolve_owner,26,2.06947
erc1056,R1_resolve_owner,27,1.872619
erc1056,R1_resolve_owner,28,2.478044
erc1056,R1_resolve_owner,29,2.001823
erc1056,R2_resolve_by_vin,0,2.107973
erc1056,R2_resolve_by_vin,1,2.150389
erc1056,R2_resolve_by_vin,2,2.263237
erc1056,R2_resolve_by_vin,3,2.396913
erc1056,R2_resolve_by_vin,4,2.815835
erc1056,R2_resolve_by_vin,5,2.871889
erc1056,R2_resolve_by_vin,6,2.619793
erc1056,R2_resolve_by_vin,7,2.293811
erc1056,R2_resolve_by_vin,8,2.764037
erc1056,R2_resolve_by_vin,9,2.535875
erc1056,R2_resolve_by_vin,10,2.798328
erc1056,R2_resolve_by_vin,11,2.232487
erc1056,R2_resolve_by_vin,12,2.328479
erc1056,R2_resolve_by_vin,13,2.937507
erc1056,R2_resolve_by_vin,14,19.263747
erc1056,R2_resolve_by_vin,15,2.086612
erc1056,R2_resolve_by_vin,16,1.895056
erc1056,R2_resolve_by_vin,17,1.779747
erc1056,R2_resolve_by_vin,18,1.991435
erc1056,R2_resolve_by_vin,19,1.631302
erc1056,R2_resolve_by_vin,20,1.800426
erc1056,R2_resolve_by_vin,21,1.75885
erc1056,R2_resolve_by_vin,22,2.728539
erc1056,R2_resolve_by_vin,23,1.772533
erc1056,R2_resolve_by_vin,24,2.106232
erc1056,R2_resolve_by_vin,25,1.942517
erc1056,R2_resolve_by_vin,26,2.208167
erc1056,R2_resolve_by_vin,27,1.933562
erc1056,R2_resolve_by_vin,28,2.032003
erc1056,R2_resolve_by_vin,29,2.031863
erc1056,R3_resolve_document,0,18.153721
erc1056,R3_resolve_document,1,25.081105
erc1056,R3_resolve_document,2,32.66758
erc1056,R3_resolve_document,3,27.899966
erc1056,R3_resolve_document,4,22.220677
erc1056,R3_resolve_document,5,24.51335
erc1056,R3_resolve_document,6,22.884091
erc1056,R3_resolve_document,7,36.426793
erc1056,R3_resolve_document,8,23.117804
erc1056,R3_resolve_document,9,19.062987
erc1056,R3_resolve_document,10,17.829718
erc1056,R3_resolve_document,11,30.484102
erc1056,R3_resolve_document,12,30.459746
erc1056,R3_resolve_document,13,20.405084
erc1056,R3_resolve_document,14,24.416485
erc1056,R3_resolve_document,15,30.033092
erc1056,R3_resolve_document,16,31.326565
erc1056,R3_resolve_document,17,28.692897
erc1056,R3_resolve_document,18,20.696892
erc1056,R3_resolve_document,19,19.929451
erc1056,R3_resolve_document,20,20.813321
erc1056,R3_resolve_document,21,22.092643
erc1056,R3_resolve_document,22,21.13084
erc1056,R3_resolve_document,23,24.28636
erc1056,R3_resolve_document,24,26.02389
erc1056,R3_resolve_document,25,25.960549
erc1056,R3_resolve_document,26,24.758364
erc1056,R3_resolve_document,27,18.435595
erc1056,R3_resolve_document,28,31.234675
erc1056,R3_resolve_document,29,28.699402
erc1056,R4_verify_delegate,0,2.396021
erc1056,R4_verify_delegate,1,2.658394
erc1056,R4_verify_delegate,2,2.504187
erc1056,R4_verify_delegate,3,2.272082
erc1056,R4_verify_delegate,4,2.32226
erc1056,R4_verify_delegate,5,2.424616
erc1056,R4_verify_delegate,6,2.310628
erc1056,R4_verify_delegate,7,2.440473
erc1056,R4_verify_delegate,8,2.285034
erc1056,R4_verify_delegate,9,2.204158
erc1056,R4_verify_delegate,10,2.271019
erc1056,R4_verify_delegate,11,2.337726
erc1056,R4_verify_delegate,12,2.34537
erc1056,R4_verify_delegate,13,2.059429
erc1056,R4_verify_delegate,14,2.202172
erc1056,R4_verify_delegate,15,2.066373
erc1056,R4_verify_delegate,16,2.171647
erc1056,R4_verify_delegate,17,3.279328
erc1056,R4_verify_delegate,18,2.109751
erc1056,R4_verify_delegate,19,2.23888
erc1056,R4_verify_delegate,20,2.378982
erc1056,R4_verify_delegate,21,1.688171
erc1056,R4_verify_delegate,22,2.412234
erc1056,R4_verify_delegate,23,1.87319
erc1056,R4_verify_delegate,24,1.848519
erc1056,R4_verify_delegate,25,2.050077
erc1056,R4_verify_delegate,26,1.750958
erc1056,R4_verify_delegate,27,1.826534
erc1056,R4_verify_delegate,28,1.782475
erc1056,R4_verify_delegate,29,2.448169
erc1056,U1_rotate_controller,0,16.980035
erc1056,U1_rotate_controller,1,21.345559
erc1056,U1_rotate_controller,2,17.426381
erc1056,U1_rotate_controller,3,17.072574
erc1056,U1_rotate_controller,4,19.446329
erc1056,U1_rotate_controller,5,16.904092
erc1056,U1_rotate_controller,6,13.848294
erc1056,U1_rotate_controller,7,20.278551
erc1056,U1_rotate_controller,8,15.138792
erc1056,U1_rotate_controller,9,16.911963
erc1056,U1_rotate_controller,10,16.718499
erc1056,U1_rotate_controller,11,19.095217
erc1056,U1_rotate_controller,12,18.42111
erc1056,U1_rotate_controller,13,15.024165
erc1056,U1_rotate_controller,14,13.361518
erc1056,U1_rotate_controller,15,13.307242
erc1056,U1_rotate_controller,16,14.90091
erc1056,U1_rotate_controller,17,20.992387
erc1056,U1_rotate_controller,18,20.842077
erc1056,U1_rotate_controller,19,16.981199
erc1056,U1_rotate_controller,20,21.959949
erc1056,U1_rotate_controller,21,17.715094
erc1056,U1_rotate_controller,22,20.514779
erc1056,U1_rotate_controller,23,17.012035
erc1056,U1_rotate_controller,24,19.007998
erc1056,U1_rotate_controller,25,18.614113
erc1056,U1_rotate_controller,26,24.11453
erc1056,U1_rotate_controller,27,24.817713
erc1056,U1_rotate_controller,28,18.898066
erc1056,U1_rotate_controller,29,17.913035
erc1056,U2_add_delegate,0,16.385152
erc1056,U2_add_delegate,1,15.764807
erc1056,U2_add_delegate,2,21.440554
erc1056,U2_add_delegate,3,22.782492
erc1056,U2_add_delegate,4,27.454478
erc1056,U2_add_delegate,5,15.604887
erc1056,U2_add_delegate,6,14.870707
erc1056,U2_add_delegate,7,32.676004
erc1056,U2_add_delegate,8,17.665373
erc1056,U2_add_delegate,9,23.567949
erc1056,U2_add_delegate,10,16.676474
erc1056,U2_add_delegate,11,20.660405
erc1056,U2_add_delegate,12,26.923275
erc1056,U2_add_delegate,13,22.141041
erc1056,U2_add_delegate,14,21.977527
erc1056,U2_add_delegate,15,18.091137
erc1056,U2_add_delegate,16,18.837065
erc1056,U2_add_delegate,17,23.366362
erc1056,U2_add_delegate,18,35.503951
erc1056,U2_add_delegate,19,29.192426
erc1056,U2_add_delegate,20,17.257663
erc1056,U2_add_delegate,21,19.766083
erc1056,U2_add_delegate,22,18.416435
erc1056,U2_add_delegate,23,20.461378
erc1056,U2_add_delegate,24,17.002376
erc1056,U2_add_delegate,25,16.047438
erc1056,U2_add_delegate,26,16.944033
erc1056,U2_add_delegate,27,19.810467
erc1056,U2_add_delegate,28,22.185379
erc1056,U2_add_delegate,29,19.308351
erc1056,U3_set_attribute,0,26.80671
erc1056,U3_set_attribute,1,17.650072
erc1056,U3_set_attribute,2,14.933758
erc1056,U3_set_attribute,3,18.582326
erc1056,U3_set_attribute,4,15.965462
erc1056,U3_set_attribute,5,15.773127
erc1056,U3_set_attribute,6,19.085624
erc1056,U3_set_attribute,7,24.974869
erc1056,U3_set_attribute,8,17.255695
erc1056,U3_set_attribute,9,16.147051
erc1056,U3_set_attribute,10,18.08371
erc1056,U3_set_attribute,11,17.479674
erc1056,U3_set_attribute,12,18.03136
erc1056,U3_set_attribute,13,28.97112
erc1056,U3_set_attribute,14,16.096969
erc1056,U3_set_attribute,15,25.886303
erc1056,U3_set_attribute,16,18.620235
erc1056,U3_set_attribute,17,19.81235
erc1056,U3_set_attribute,18,24.952415
erc1056,U3_set_attribute,19,16.438708
erc1056,U3_set_attribute,20,17.767174
erc1056,U3_set_attribute,21,17.736466
erc1056,U3_set_attribute,22,16.911254
erc1056,U3_set_attribute,23,15.20109
erc1056,U3_set_attribute,24,22.81121
erc1056,U3_set_attribute,25,27.141338
erc1056,U3_set_attribute,26,17.288259
erc1056,U3_set_attribute,27,20.787889
erc1056,U3_set_attribute,28,20.721622
erc1056,U3_set_attribute,29,31.128318
erc1056,U4_transfer_vehicle,0,24.889283
erc1056,U4_transfer_vehicle,1,21.74859
erc1056,U4_transfer_vehicle,2,20.555221
erc1056,U4_transfer_vehicle,3,19.46687
erc1056,U4_transfer_vehicle,4,23.282125
erc1056,U4_transfer_vehicle,5,23.35304
erc1056,U4_transfer_vehicle,6,17.506888
erc1056,U4_transfer_vehicle,7,15.975251
erc1056,U4_transfer_vehicle,8,13.672327
erc1056,U4_transfer_vehicle,9,17.462123
erc1056,U4_transfer_vehicle,10,15.058044
erc1056,U4_transfer_vehicle,11,19.281843
erc1056,U4_transfer_vehicle,12,21.887327
erc1056,U4_transfer_vehicle,13,16.889933
erc1056,U4_transfer_vehicle,14,22.941033
erc1056,U4_transfer_vehicle,15,18.854461
erc1056,U4_transfer_vehicle,16,20.183952
erc1056,U4_transfer_vehicle,17,18.371186
erc1056,U4_transfer_vehicle,18,25.859954
erc1056,U4_transfer_vehicle,19,14.978685
erc1056,U4_transfer_vehicle,20,18.739657
erc1056,U4_transfer_vehicle,21,18.403172
erc1056,U4_transfer_vehicle,22,22.855569
erc1056,U4_transfer_vehicle,23,17.575333
erc1056,U4_transfer_vehicle,24,14.344528
erc1056,U4_transfer_vehicle,25,18.111505
erc1056,U4_transfer_vehicle,26,17.119222
erc1056,U4_transfer_vehicle,27,20.487858
erc1056,U4_transfer_vehicle,28,19.134907
erc1056,U4_transfer_vehicle,29,16.799848
erc1056,U5_meta_tx,0,28.980154
erc1056,U5_meta_tx,1,35.073478
erc1056,U5_meta_tx,2,22.942446
erc1056,U5_meta_tx,3,26.060721
erc1056,U5_meta_tx,4,26.747952
erc1056,U5_meta_tx,5,33.176577
erc1056,U5_meta_tx,6,33.006114
erc1056,U5_meta_tx,7,27.607694
erc1056,U5_meta_tx,8,32.468469
erc1056,U5_meta_tx,9,25.49934
erc1056,U5_meta_tx,10,29.301359
erc1056,U5_meta_tx,11,26.209373
erc1056,U5_meta_tx,12,28.879468
erc1056,U5_meta_tx,13,34.857328
erc1056,U5_meta_tx,14,37.128704
erc1056,U5_meta_tx,15,38.642558
erc1056,U5_meta_tx,16,31.300852
erc1056,U5_meta_tx,17,37.84641
erc1056,U5_meta_tx,18,29.778607
erc1056,U5_meta_tx,19,24.601232
erc1056,U5_meta_tx,20,27.794984
erc1056,U5_meta_tx,21,23.516934
erc1056,U5_meta_tx,22,38.592733
erc1056,U5_meta_tx,23,24.261349
erc1056,U5_meta_tx,24,29.683139
erc1056,U5_meta_tx,25,37.675442
erc1056,U5_meta_tx,26,26.579294
erc1056,U5_meta_tx,27,34.754918
erc1056,U5_meta_tx,28,41.092967
erc1056,U5_meta_tx,29,37.276421
erc1056,D1_revoke_delegate,0,23.195529
erc1056,D1_revoke_delegate,1,15.39945
erc1056,D1_revoke_delegate,2,25.294063
erc1056,D1_revoke_delegate,3,17.855279
erc1056,D1_revoke_delegate,4,23.715406
erc1056,D1_revoke_delegate,5,22.298924
erc1056,D1_revoke_delegate,6,19.286033
erc1056,D1_revoke_delegate,7,23.872343
erc1056,D1_revoke_delegate,8,16.673542
erc1056,D1_revoke_delegate,9,18.800166
erc1056,D1_revoke_delegate,10,17.166201
erc1056,D1_revoke_delegate,11,22.194496
erc1056,D1_revoke_delegate,12,32.249228
erc1056,D1_revoke_delegate,13,18.848557
erc1056,D1_revoke_delegate,14,30.528976
erc1056,D1_revoke_delegate,15,17.818291
erc1056,D1_revoke_delegate,16,21.686044
erc1056,D1_revoke_delegate,17,25.905224
erc1056,D1_revoke_delegate,18,26.575572
erc1056,D1_revoke_delegate,19,26.552246
erc1056,D1_revoke_delegate,20,15.200895
erc1056,D1_revoke_delegate,21,16.450402
erc1056,D1_revoke_delegate,22,19.510507
erc1056,D1_revoke_delegate,23,18.698685
erc1056,D1_revoke_delegate,24,21.486924
erc1056,D1_revoke_delegate,25,24.983065
erc1056,D1_revoke_delegate,26,22.308767
erc1056,D1_revoke_delegate,27,21.434601
erc1056,D1_revoke_delegate,28,27.018534
erc1056,D1_revoke_delegate,29,23.921578
erc1056,D2_revoke_attribute,0,28.279621
erc1056,D2_revoke_attribute,1,23.895006
erc1056,D2_revoke_attribute,2,26.916857
erc1056,D2_revoke_attribute,3,27.235237
erc1056,D2_revoke_attribute,4,29.460618
erc1056,D2_revoke_attribute,5,18.307743
erc1056,D2_revoke_attribute,6,25.258963
erc1056,D2_revoke_attribute,7,19.197974
erc1056,D2_revoke_attribute,8,22.366577
erc1056,D2_revoke_attribute,9,19.882098
erc1056,D2_revoke_attribute,10,25.55903
erc1056,D2_revoke_attribute,11,24.45599
erc1056,D2_revoke_attribute,12,26.330961
erc1056,D2_revoke_attribute,13,23.64105
erc1056,D2_revoke_attribute,14,28.863239
erc1056,D2_revoke_attribute,15,19.266046
erc1056,D2_revoke_attribute,16,26.489322
erc1056,D2_revoke_attribute,17,24.014723
erc1056,D2_revoke_attribute,18,22.924447
erc1056,D2_revoke_attribute,19,19.478836
erc1056,D2_revoke_attribute,20,26.560238
erc1056,D2_revoke_attribute,21,22.155747
erc1056,D2_revoke_attribute,22,22.32062
erc1056,D2_revoke_attribute,23,19.825849
erc1056,D2_revoke_attribute,24,30.822766
erc1056,D2_revoke_attribute,25,20.350695
erc1056,D2_revoke_attribute,26,21.006913
erc1056,D2_revoke_attribute,27,21.655886
erc1056,D2_revoke_attribute,28,21.219012
erc1056,D2_revoke_attribute,29,16.209991
erc1056,D3_deactivate_identity,0,18.957984
erc1056,D3_deactivate_identity,1,17.703042
erc1056,D3_deactivate_identity,2,22.178674
erc1056,D3_deactivate_identity,3,21.907279
erc1056,D3_deactivate_identity,4,23.027267
erc1056,D3_deactivate_identity,5,17.956239
erc1056,D3_deactivate_identity,6,20.193793
erc1056,D3_deactivate_identity,7,18.595038
erc1056,D3_deactivate_identity,8,17.913362
erc1056,D3_deactivate_identity,9,15.202942
erc1056,D3_deactivate_identity,10,16.957504
erc1056,D3_deactivate_identity,11,17.011421
erc1056,D3_deactivate_identity,12,18.50146
erc1056,D3_deactivate_identity,13,21.976493
erc1056,D3_deactivate_identity,14,17.422011
erc1056,D3_deactivate_identity,15,17.103297
erc1056,D3_deactivate_identity,16,20.988461
erc1056,D3_deactivate_identity,17,15.990012
erc1056,D3_deactivate_identity,18,23.099473
erc1056,D3_deactivate_identity,19,17.307945
erc1056,D3_deactivate_identity,20,20.060426
erc1056,D3_deactivate_identity,21,28.658638
erc1056,D3_deactivate_identity,22,15.678942
erc1056,D3_deactivate_identity,23,19.43681
erc1056,D3_deactivate_identity,24,16.438329
erc1056,D3_deactivate_identity,25,20.292344
erc1056,D3_deactivate_identity,26,23.36938
erc1056,D3_deactivate_identity,27,16.227934
erc1056,D3_deactivate_identity,28,16.404915
erc1056,D3_deactivate_identity,29,13.772875
erc1056,V1_issuer_key_anchor,0,14.24407
erc1056,V1_issuer_key_anchor,1,14.411768
erc1056,V1_issuer_key_anchor,2,15.499349
erc1056,V1_issuer_key_anchor,3,27.964923
erc1056,V1_issuer_key_anchor,4,25.76716
erc1056,V1_issuer_key_anchor,5,21.884083
erc1056,V1_issuer_key_anchor,6,16.389271
erc1056,V1_issuer_key_anchor,7,20.134753
erc1056,V1_issuer_key_anchor,8,16.539491
erc1056,V1_issuer_key_anchor,9,23.271784
erc1056,V1_issuer_key_anchor,10,20.072213
erc1056,V1_issuer_key_anchor,11,19.907019
erc1056,V1_issuer_key_anchor,12,28.35157
erc1056,V1_issuer_key_anchor,13,17.174624
erc1056,V1_issuer_key_anchor,14,17.59136
erc1056,V1_issuer_key_anchor,15,16.383997
erc1056,V1_issuer_key_anchor,16,17.336475
erc1056,V1_issuer_key_anchor,17,15.044906
erc1056,V1_issuer_key_anchor,18,15.297592
erc1056,V1_issuer_key_anchor,19,19.585848
erc1056,V1_issuer_key_anchor,20,16.83987
erc1056,V1_issuer_key_anchor,21,15.909705
erc1056,V1_issuer_key_anchor,22,18.739432
erc1056,V1_issuer_key_anchor,23,17.376478
erc1056,V1_issuer_key_anchor,24,24.617894
erc1056,V1_issuer_key_anchor,25,24.473658
erc1056,V1_issuer_key_anchor,26,18.540379
erc1056,V1_issuer_key_anchor,27,18.349427
erc1056,V1_issuer_key_anchor,28,22.323445
erc1056,V1_issuer_key_anchor,29,23.86377
erc1056,V3_anchor_status,0,16.292884
erc1056,V3_anchor_status,1,28.139324
erc1056,V3_anchor_status,2,26.168648
erc1056,V3_anchor_status,3,30.516825
erc1056,V3_anchor_status,4,29.682725
erc1056,V3_anchor_status,5,24.165613
erc1056,V3_anchor_status,6,23.332695
erc1056,V3_anchor_status,7,26.967834
erc1056,V3_anchor_status,8,16.16108
erc1056,V3_anchor_status,9,20.491209
erc1056,V3_anchor_status,10,18.902413
erc1056,V3_anchor_status,11,19.167389
erc1056,V3_anchor_status,12,21.437807
erc1056,V3_anchor_status,13,29.240371
erc1056,V3_anchor_status,14,20.610463
erc1056,V3_anchor_status,15,18.283457
erc1056,V3_anchor_status,16,18.106143
erc1056,V3_anchor_status,17,25.591094
erc1056,V3_anchor_status,18,17.293954
erc1056,V3_anchor_status,19,16.697916
erc1056,V3_anchor_status,20,18.703217
erc1056,V3_anchor_status,21,25.468193
erc1056,V3_anchor_status,22,23.784664
erc1056,V3_anchor_status,23,16.613851
erc1056,V3_anchor_status,24,26.351091
erc1056,V3_anchor_status,25,66.064427
erc1056,V3_anchor_status,26,17.730376
erc1056,V3_anchor_status,27,25.446169
erc1056,V3_anchor_status,28,24.227897
erc1056,V3_anchor_status,29,19.279024
erc1056,V5_revoke_credential,0,15.420693
erc1056,V5_revoke_credential,1,16.242791
erc1056,V5_revoke_credential,2,20.417674
erc1056,V5_revoke_credential,3,22.137884
erc1056,V5_revoke_credential,4,17.381061
erc1056,V5_revoke_credential,5,18.961262
erc1056,V5_revoke_credential,6,18.294467
erc1056,V5_revoke_credential,7,16.919584
erc1056,V5_revoke_credential,8,20.579038
erc1056,V5_revoke_credential,9,18.103001
erc1056,V5_revoke_credential,10,19.049748
erc1056,V5_revoke_credential,11,15.862573
erc1056,V5_revoke_credential,12,21.896995
erc1056,V5_revoke_credential,13,16.278776
erc1056,V5_revoke_credential,14,15.769607
erc1056,V5_revoke_credential,15,17.277281
erc1056,V5_revoke_credential,16,22.667579
erc1056,V5_revoke_credential,17,27.023346
erc1056,V5_revoke_credential,18,21.291201
erc1056,V5_revoke_credential,19,23.607282
erc1056,V5_revoke_credential,20,19.518821
erc1056,V5_revoke_credential,21,25.090984
erc1056,V5_revoke_credential,22,22.410446
erc1056,V5_revoke_credential,23,16.886896
erc1056,V5_revoke_credential,24,17.267294
erc1056,V5_revoke_credential,25,16.923438
erc1056,V5_revoke_credential,26,20.491697
erc1056,V5_revoke_credential,27,18.076426
erc1056,V5_revoke_credential,28,25.941886
erc1056,V5_revoke_credential,29,19.240956
erc1056,V6_status_check,0,7.030951
erc1056,V6_status_check,1,6.595235
erc1056,V6_status_check,2,5.811279
erc1056,V6_status_check,3,5.971988
erc1056,V6_status_check,4,6.10702
erc1056,V6_status_check,5,4.752828
erc1056,V6_status_check,6,4.700497
erc1056,V6_status_check,7,4.547814
erc1056,V6_status_check,8,4.754431
erc1056,V6_status_check,9,5.048148
erc1056,V6_status_check,10,4.826025
erc1056,V6_status_check,11,4.45666
erc1056,V6_status_check,12,5.383769
erc1056,V6_status_check,13,6.415033
erc1056,V6_status_check,14,5.974635
erc1056,V6_status_check,15,5.217513
erc1056,V6_status_check,16,6.346115
erc1056,V6_status_check,17,5.697901
erc1056,V6_status_check,18,5.201249
erc1056,V6_status_check,19,5.354387
erc1056,V6_status_check,20,6.487489
erc1056,V6_status_check,21,6.439191
erc1056,V6_status_check,22,7.290149
erc1056,V6_status_check,23,5.741521
erc1056,V6_status_check,24,6.493354
erc1056,V6_status_check,25,6.191301
erc1056,V6_status_check,26,5.529511
erc1056,V6_status_check,27,5.686066
erc1056,V6_status_check,28,5.472775
erc1056,V6_status_check,29,5.460758
erc1056w,C1_create_identity,0,41.748592
erc1056w,C1_create_identity,1,44.65933
erc1056w,C1_create_identity,2,43.459713
erc1056w,C1_create_identity,3,41.20929
erc1056w,C1_create_identity,4,37.228202
erc1056w,C1_create_identity,5,37.636849
erc1056w,C1_create_identity,6,45.108613
erc1056w,C1_create_identity,7,43.119984
erc1056w,C1_create_identity,8,37.253188
erc1056w,C1_create_identity,9,42.802775
erc1056w,C1_create_identity,10,51.339016
erc1056w,C1_create_identity,11,46.055171
erc1056w,C1_create_identity,12,42.211749
erc1056w,C1_create_identity,13,49.858806
erc1056w,C1_create_identity,14,47.490343
erc1056w,C1_create_identity,15,50.160388
erc1056w,C1_create_identity,16,48.799539
erc1056w,C1_create_identity,17,41.293676
erc1056w,C1_create_identity,18,32.821263
erc1056w,C1_create_identity,19,34.086661
erc1056w,C1_create_identity,20,30.5034
erc1056w,C1_create_identity,21,36.967652
erc1056w,C1_create_identity,22,31.797395
erc1056w,C1_create_identity,23,31.212856
erc1056w,C1_create_identity,24,32.134186
erc1056w,C1_create_identity,25,37.223796
erc1056w,C1_create_identity,26,33.100587
erc1056w,C1_create_identity,27,28.708053
erc1056w,C1_create_identity,28,29.382962
erc1056w,C1_create_identity,29,29.883925
erc1056w,C2_create_with_attributes,0,105.130799
erc1056w,C2_create_with_attributes,1,84.626046
erc1056w,C2_create_with_attributes,2,112.689057
erc1056w,C2_create_with_attributes,3,83.656574
erc1056w,C2_create_with_attributes,4,104.10144
erc1056w,C2_create_with_attributes,5,72.046605
erc1056w,C2_create_with_attributes,6,88.376234
erc1056w,C2_create_with_attributes,7,126.639567
erc1056w,C2_create_with_attributes,8,101.213283
erc1056w,C2_create_with_attributes,9,176.985981
erc1056w,C2_create_with_attributes,10,89.62965
erc1056w,C2_create_with_attributes,11,103.09947
erc1056w,C2_create_with_attributes,12,83.472613
erc1056w,C2_create_with_attributes,13,73.120733
erc1056w,C2_create_with_attributes,14,105.257241
erc1056w,C2_create_with_attributes,15,91.775021
erc1056w,C2_create_with_attributes,16,80.155375
erc1056w,C2_create_with_attributes,17,84.178234
erc1056w,C2_create_with_attributes,18,100.796003
erc1056w,C2_create_with_attributes,19,93.85933
erc1056w,C2_create_with_attributes,20,123.503863
erc1056w,C2_create_with_attributes,21,88.196241
erc1056w,C2_create_with_attributes,22,92.971612
erc1056w,C2_create_with_attributes,23,124.306393
erc1056w,C2_create_with_attributes,24,117.630272
erc1056w,C2_create_with_attributes,25,186.595562
erc1056w,C2_create_with_attributes,26,104.704555
erc1056w,C2_create_with_attributes,27,112.538416
erc1056w,C2_create_with_attributes,28,85.807412
erc1056w,C2_create_with_attributes,29,100.430045
erc1056w,R1_resolve_owner,0,2.247238
erc1056w,R1_resolve_owner,1,2.427881
erc1056w,R1_resolve_owner,2,2.900626
erc1056w,R1_resolve_owner,3,4.969273
erc1056w,R1_resolve_owner,4,2.628968
erc1056w,R1_resolve_owner,5,2.673473
erc1056w,R1_resolve_owner,6,2.645848
erc1056w,R1_resolve_owner,7,2.517724
erc1056w,R1_resolve_owner,8,2.358966
erc1056w,R1_resolve_owner,9,2.50915
erc1056w,R1_resolve_owner,10,2.400521
erc1056w,R1_resolve_owner,11,2.508153
erc1056w,R1_resolve_owner,12,2.977398
erc1056w,R1_resolve_owner,13,2.424521
erc1056w,R1_resolve_owner,14,2.28104
erc1056w,R1_resolve_owner,15,2.201883
erc1056w,R1_resolve_owner,16,2.291763
erc1056w,R1_resolve_owner,17,2.345923
erc1056w,R1_resolve_owner,18,2.677668
erc1056w,R1_resolve_owner,19,2.100099
erc1056w,R1_resolve_owner,20,3.166148
erc1056w,R1_resolve_owner,21,2.801084
erc1056w,R1_resolve_owner,22,2.870034
erc1056w,R1_resolve_owner,23,2.689713
erc1056w,R1_resolve_owner,24,2.13604
erc1056w,R1_resolve_owner,25,3.15491
erc1056w,R1_resolve_owner,26,3.68614
erc1056w,R1_resolve_owner,27,3.480171
erc1056w,R1_resolve_owner,28,3.038802
erc1056w,R1_resolve_owner,29,2.61743
erc1056w,R2_resolve_by_vin,0,2.470343
erc1056w,R2_resolve_by_vin,1,4.438817
erc1056w,R2_resolve_by_vin,2,3.457061
erc1056w,R2_resolve_by_vin,3,6.577106
erc1056w,R2_resolve_by_vin,4,2.430641
erc1056w,R2_resolve_by_vin,5,2.123999
erc1056w,R2_resolve_by_vin,6,2.089483
erc1056w,R2_resolve_by_vin,7,2.503328
erc1056w,R2_resolve_by_vin,8,2.135376
erc1056w,R2_resolve_by_vin,9,2.096179
erc1056w,R2_resolve_by_vin,10,2.312806
erc1056w,R2_resolve_by_vin,11,2.328843
erc1056w,R2_resolve_by_vin,12,2.565256
erc1056w,R2_resolve_by_vin,13,1.887237
erc1056w,R2_resolve_by_vin,14,1.802984
erc1056w,R2_resolve_by_vin,15,1.869367
erc1056w,R2_resolve_by_vin,16,1.766022
erc1056w,R2_resolve_by_vin,17,1.834279
erc1056w,R2_resolve_by_vin,18,2.194982
erc1056w,R2_resolve_by_vin,19,1.903632
erc1056w,R2_resolve_by_vin,20,1.951528
erc1056w,R2_resolve_by_vin,21,2.03422
erc1056w,R2_resolve_by_vin,22,1.733728
erc1056w,R2_resolve_by_vin,23,1.803156
erc1056w,R2_resolve_by_vin,24,1.78635
erc1056w,R2_resolve_by_vin,25,1.999842
erc1056w,R2_resolve_by_vin,26,1.678264
erc1056w,R2_resolve_by_vin,27,1.65077
erc1056w,R2_resolve_by_vin,28,2.330371
erc1056w,R2_resolve_by_vin,29,1.935512
erc1056w,R3_resolve_document,0,16.327048
erc1056w,R3_resolve_document,1,14.416637
erc1056w,R3_resolve_document,2,13.798396
erc1056w,R3_resolve_document,3,17.840948
erc1056w,R3_resolve_document,4,18.511709
erc1056w,R3_resolve_document,5,15.282685
erc1056w,R3_resolve_document,6,16.15008
erc1056w,R3_resolve_document,7,17.641674
erc1056w,R3_resolve_document,8,18.034749
erc1056w,R3_resolve_document,9,19.672141
erc1056w,R3_resolve_document,10,23.370296
erc1056w,R3_resolve_document,11,11.772132
erc1056w,R3_resolve_document,12,11.83485
erc1056w,R3_resolve_document,13,12.915892
erc1056w,R3_resolve_document,14,18.818309
erc1056w,R3_resolve_document,15,18.175999
erc1056w,R3_resolve_document,16,18.706504
erc1056w,R3_resolve_document,17,18.099727
erc1056w,R3_resolve_document,18,16.911008
erc1056w,R3_resolve_document,19,16.743948
erc1056w,R3_resolve_document,20,19.070343
erc1056w,R3_resolve_document,21,21.070918
erc1056w,R3_resolve_document,22,13.441932
erc1056w,R3_resolve_document,23,14.096905
erc1056w,R3_resolve_document,24,13.472929
erc1056w,R3_resolve_document,25,18.976848
erc1056w,R3_resolve_document,26,13.07998
erc1056w,R3_resolve_document,27,13.672442
erc1056w,R3_resolve_document,28,20.534608
erc1056w,R3_resolve_document,29,23.129644
erc1056w,R4_verify_delegate,0,1.826271
erc1056w,R4_verify_delegate,1,1.86055
erc1056w,R4_verify_delegate,2,1.889164
erc1056w,R4_verify_delegate,3,1.804051
erc1056w,R4_verify_delegate,4,1.875797
erc1056w,R4_verify_delegate,5,1.723034
erc1056w,R4_verify_delegate,6,1.683037
erc1056w,R4_verify_delegate,7,1.840648
erc1056w,R4_verify_delegate,8,1.707134
erc1056w,R4_verify_delegate,9,1.80823
erc1056w,R4_verify_delegate,10,1.696496
erc1056w,R4_verify_delegate,11,1.717857
erc1056w,R4_verify_delegate,12,1.745357
erc1056w,R4_verify_delegate,13,1.786495
erc1056w,R4_verify_delegate,14,1.770693
erc1056w,R4_verify_delegate,15,1.847795
erc1056w,R4_verify_delegate,16,2.210802
erc1056w,R4_verify_delegate,17,1.946151
erc1056w,R4_verify_delegate,18,1.851467
erc1056w,R4_verify_delegate,19,1.907045
erc1056w,R4_verify_delegate,20,1.883507
erc1056w,R4_verify_delegate,21,1.698548
erc1056w,R4_verify_delegate,22,1.949569
erc1056w,R4_verify_delegate,23,1.81074
erc1056w,R4_verify_delegate,24,1.907322
erc1056w,R4_verify_delegate,25,1.765762
erc1056w,R4_verify_delegate,26,1.844017
erc1056w,R4_verify_delegate,27,2.754635
erc1056w,R4_verify_delegate,28,2.334655
erc1056w,R4_verify_delegate,29,2.465171
erc1056w,U1_rotate_controller,0,22.331301
erc1056w,U1_rotate_controller,1,20.716462
erc1056w,U1_rotate_controller,2,14.607781
erc1056w,U1_rotate_controller,3,24.404029
erc1056w,U1_rotate_controller,4,19.607304
erc1056w,U1_rotate_controller,5,20.690592
erc1056w,U1_rotate_controller,6,20.559699
erc1056w,U1_rotate_controller,7,17.334275
erc1056w,U1_rotate_controller,8,18.666034
erc1056w,U1_rotate_controller,9,15.566878
erc1056w,U1_rotate_controller,10,19.174106
erc1056w,U1_rotate_controller,11,21.883004
erc1056w,U1_rotate_controller,12,20.880515
erc1056w,U1_rotate_controller,13,19.728792
erc1056w,U1_rotate_controller,14,19.730831
erc1056w,U1_rotate_controller,15,20.75228
erc1056w,U1_rotate_controller,16,20.74229
erc1056w,U1_rotate_controller,17,16.452594
erc1056w,U1_rotate_controller,18,34.696275
erc1056w,U1_rotate_controller,19,26.677352
erc1056w,U1_rotate_controller,20,22.986796
erc1056w,U1_rotate_controller,21,33.958165
erc1056w,U1_rotate_controller,22,23.142386
erc1056w,U1_rotate_controller,23,26.261776
erc1056w,U1_rotate_controller,24,30.139966
erc1056w,U1_rotate_controller,25,30.663352
erc1056w,U1_rotate_controller,26,28.520283
erc1056w,U1_rotate_controller,27,28.914711
erc1056w,U1_rotate_controller,28,28.532265
erc1056w,U1_rotate_controller,29,17.918128
erc1056w,U2_add_delegate,0,17.93525
erc1056w,U2_add_delegate,1,29.445648
erc1056w,U2_add_delegate,2,22.870363
erc1056w,U2_add_delegate,3,32.150565
erc1056w,U2_add_delegate,4,21.022248
erc1056w,U2_add_delegate,5,25.621594
erc1056w,U2_add_delegate,6,25.016125
erc1056w,U2_add_delegate,7,26.13349
erc1056w,U2_add_delegate,8,26.195023
erc1056w,U2_add_delegate,9,21.455837
erc1056w,U2_add_delegate,10,24.721499
erc1056w,U2_add_delegate,11,29.245394
erc1056w,U2_add_delegate,12,25.613196
erc1056w,U2_add_delegate,13,19.41753
erc1056w,U2_add_delegate,14,28.305862
erc1056w,U2_add_delegate,15,29.219915
erc1056w,U2_add_delegate,16,21.308705
erc1056w,U2_add_delegate,17,25.668437
erc1056w,U2_add_delegate,18,27.242408
erc1056w,U2_add_delegate,19,28.310158
erc1056w,U2_add_delegate,20,23.68438
erc1056w,U2_add_delegate,21,32.272425
erc1056w,U2_add_delegate,22,21.182236
erc1056w,U2_add_delegate,23,26.437615
erc1056w,U2_add_delegate,24,23.190021
erc1056w,U2_add_delegate,25,29.393246
erc1056w,U2_add_delegate,26,25.23439
erc1056w,U2_add_delegate,27,27.881709
erc1056w,U2_add_delegate,28,24.614201
erc1056w,U2_add_delegate,29,21.653545
erc1056w,U3_set_attribute,0,25.736805
erc1056w,U3_set_attribute,1,42.55014
erc1056w,U3_set_attribute,2,30.885403
erc1056w,U3_set_attribute,3,30.58649
erc1056w,U3_set_attribute,4,29.358566
erc1056w,U3_set_attribute,5,23.022194
erc1056w,U3_set_attribute,6,18.893206
erc1056w,U3_set_attribute,7,35.136654
erc1056w,U3_set_attribute,8,29.563631
erc1056w,U3_set_attribute,9,21.695336
erc1056w,U3_set_attribute,10,34.387042
erc1056w,U3_set_attribute,11,24.553755
erc1056w,U3_set_attribute,12,25.510596
erc1056w,U3_set_attribute,13,28.843754
erc1056w,U3_set_attribute,14,21.715741
erc1056w,U3_set_attribute,15,21.457999
erc1056w,U3_set_attribute,16,33.426825
erc1056w,U3_set_attribute,17,35.519743
erc1056w,U3_set_attribute,18,21.833415
erc1056w,U3_set_attribute,19,53.758426
erc1056w,U3_set_attribute,20,31.922123
erc1056w,U3_set_attribute,21,35.772051
erc1056w,U3_set_attribute,22,28.96063
erc1056w,U3_set_attribute,23,26.549455
erc1056w,U3_set_attribute,24,29.363425
erc1056w,U3_set_attribute,25,27.396265
erc1056w,U3_set_attribute,26,31.085954
erc1056w,U3_set_attribute,27,31.234884
erc1056w,U3_set_attribute,28,48.234231
erc1056w,U3_set_attribute,29,21.593266
erc1056w,U4_transfer_vehicle,0,26.078628
erc1056w,U4_transfer_vehicle,1,20.042431
erc1056w,U4_transfer_vehicle,2,21.663443
erc1056w,U4_transfer_vehicle,3,16.833283
erc1056w,U4_transfer_vehicle,4,18.086388
erc1056w,U4_transfer_vehicle,5,16.809187
erc1056w,U4_transfer_vehicle,6,17.034128
erc1056w,U4_transfer_vehicle,7,23.914924
erc1056w,U4_transfer_vehicle,8,20.191009
erc1056w,U4_transfer_vehicle,9,18.977474
erc1056w,U4_transfer_vehicle,10,21.910759
erc1056w,U4_transfer_vehicle,11,31.227435
erc1056w,U4_transfer_vehicle,12,18.177542
erc1056w,U4_transfer_vehicle,13,19.117719
erc1056w,U4_transfer_vehicle,14,21.108817
erc1056w,U4_transfer_vehicle,15,18.421264
erc1056w,U4_transfer_vehicle,16,20.450171
erc1056w,U4_transfer_vehicle,17,20.601444
erc1056w,U4_transfer_vehicle,18,19.720613
erc1056w,U4_transfer_vehicle,19,22.028068
erc1056w,U4_transfer_vehicle,20,19.525005
erc1056w,U4_transfer_vehicle,21,20.483427
erc1056w,U4_transfer_vehicle,22,19.408759
erc1056w,U4_transfer_vehicle,23,17.122023
erc1056w,U4_transfer_vehicle,24,19.84636
erc1056w,U4_transfer_vehicle,25,19.086206
erc1056w,U4_transfer_vehicle,26,24.169122
erc1056w,U4_transfer_vehicle,27,16.060304
erc1056w,U4_transfer_vehicle,28,27.709746
erc1056w,U4_transfer_vehicle,29,19.673781
erc1056w,D1_revoke_delegate,0,26.537118
erc1056w,D1_revoke_delegate,1,24.691127
erc1056w,D1_revoke_delegate,2,23.89686
erc1056w,D1_revoke_delegate,3,34.240864
erc1056w,D1_revoke_delegate,4,24.02667
erc1056w,D1_revoke_delegate,5,26.471313
erc1056w,D1_revoke_delegate,6,25.448449
erc1056w,D1_revoke_delegate,7,30.989085
erc1056w,D1_revoke_delegate,8,29.06607
erc1056w,D1_revoke_delegate,9,29.448638
erc1056w,D1_revoke_delegate,10,61.852677
erc1056w,D1_revoke_delegate,11,31.724458
erc1056w,D1_revoke_delegate,12,22.525492
erc1056w,D1_revoke_delegate,13,27.502086
erc1056w,D1_revoke_delegate,14,21.329542
erc1056w,D1_revoke_delegate,15,44.933202
erc1056w,D1_revoke_delegate,16,43.295081
erc1056w,D1_revoke_delegate,17,26.664741
erc1056w,D1_revoke_delegate,18,21.192217
erc1056w,D1_revoke_delegate,19,26.02474
erc1056w,D1_revoke_delegate,20,25.89346
erc1056w,D1_revoke_delegate,21,18.980307
erc1056w,D1_revoke_delegate,22,25.083074
erc1056w,D1_revoke_delegate,23,18.612778
erc1056w,D1_revoke_delegate,24,17.607997
erc1056w,D1_revoke_delegate,25,16.009183
erc1056w,D1_revoke_delegate,26,21.834927
erc1056w,D1_revoke_delegate,27,20.329515
erc1056w,D1_revoke_delegate,28,28.483635
erc1056w,D1_revoke_delegate,29,19.745142
erc1056w,D3_deactivate_identity,0,20.472087
erc1056w,D3_deactivate_identity,1,19.481326
erc1056w,D3_deactivate_identity,2,23.419277
erc1056w,D3_deactivate_identity,3,26.329525
erc1056w,D3_deactivate_identity,4,22.744287
erc1056w,D3_deactivate_identity,5,24.952586
erc1056w,D3_deactivate_identity,6,20.793411
erc1056w,D3_deactivate_identity,7,25.681333
erc1056w,D3_deactivate_identity,8,30.30702
erc1056w,D3_deactivate_identity,9,23.477262
erc1056w,D3_deactivate_identity,10,23.064823
erc1056w,D3_deactivate_identity,11,25.798139
erc1056w,D3_deactivate_identity,12,20.616261
erc1056w,D3_deactivate_identity,13,26.083135
erc1056w,D3_deactivate_identity,14,21.798801
erc1056w,D3_deactivate_identity,15,23.191554
erc1056w,D3_deactivate_identity,16,25.24518
erc1056w,D3_deactivate_identity,17,24.043934
erc1056w,D3_deactivate_identity,18,20.641579
erc1056w,D3_deactivate_identity,19,24.487928
erc1056w,D3_deactivate_identity,20,21.087273
erc1056w,D3_deactivate_identity,21,24.00309
erc1056w,D3_deactivate_identity,22,23.339738
erc1056w,D3_deactivate_identity,23,31.118595
erc1056w,D3_deactivate_identity,24,32.796411
erc1056w,D3_deactivate_identity,25,22.213709
erc1056w,D3_deactivate_identity,26,32.195771
erc1056w,D3_deactivate_identity,27,28.11349
erc1056w,D3_deactivate_identity,28,27.813103
erc1056w,D3_deactivate_identity,29,28.196122
erc1056w,V1_issuer_key_anchor,0,18.337017
erc1056w,V1_issuer_key_anchor,1,15.896723
erc1056w,V1_issuer_key_anchor,2,18.095029
erc1056w,V1_issuer_key_anchor,3,20.623439
erc1056w,V1_issuer_key_anchor,4,20.145316
erc1056w,V1_issuer_key_anchor,5,21.088993
erc1056w,V1_issuer_key_anchor,6,21.102348
erc1056w,V1_issuer_key_anchor,7,19.27226
erc1056w,V1_issuer_key_anchor,8,32.700969
erc1056w,V1_issuer_key_anchor,9,28.802902
erc1056w,V1_issuer_key_anchor,10,20.207187
erc1056w,V1_issuer_key_anchor,11,22.22099
erc1056w,V1_issuer_key_anchor,12,16.148047
erc1056w,V1_issuer_key_anchor,13,19.561665
erc1056w,V1_issuer_key_anchor,14,18.147405
erc1056w,V1_issuer_key_anchor,15,26.621189
erc1056w,V1_issuer_key_anchor,16,22.540248
erc1056w,V1_issuer_key_anchor,17,16.288842
erc1056w,V1_issuer_key_anchor,18,34.170378
erc1056w,V1_issuer_key_anchor,19,46.390508
erc1056w,V1_issuer_key_anchor,20,18.6396
erc1056w,V1_issuer_key_anchor,21,21.304848
erc1056w,V1_issuer_key_anchor,22,24.102837
erc1056w,V1_issuer_key_anchor,23,24.871448
erc1056w,V1_issuer_key_anchor,24,22.78804
erc1056w,V1_issuer_key_anchor,25,21.815691
erc1056w,V1_issuer_key_anchor,26,18.633679
erc1056w,V1_issuer_key_anchor,27,18.231529
erc1056w,V1_issuer_key_anchor,28,23.567981
erc1056w,V1_issuer_key_anchor,29,25.905436
erc1056w,V3_anchor_status,0,45.147228
erc1056w,V3_anchor_status,1,19.177011
erc1056w,V3_anchor_status,2,24.399826
erc1056w,V3_anchor_status,3,25.886988
erc1056w,V3_anchor_status,4,22.373228
erc1056w,V3_anchor_status,5,28.397281
erc1056w,V3_anchor_status,6,20.766556
erc1056w,V3_anchor_status,7,19.210387
erc1056w,V3_anchor_status,8,30.668694
erc1056w,V3_anchor_status,9,26.632599
erc1056w,V3_anchor_status,10,27.390889
erc1056w,V3_anchor_status,11,26.998728
erc1056w,V3_anchor_status,12,27.997039
erc1056w,V3_anchor_status,13,45.761857
erc1056w,V3_anchor_status,14,28.655432
erc1056w,V3_anchor_status,15,22.873615
erc1056w,V3_anchor_status,16,20.271771
erc1056w,V3_anchor_status,17,17.565293
erc1056w,V3_anchor_status,18,18.724711
erc1056w,V3_anchor_status,19,17.429612
erc1056w,V3_anchor_status,20,19.336362
erc1056w,V3_anchor_status,21,18.145431
erc1056w,V3_anchor_status,22,18.01179
erc1056w,V3_anchor_status,23,17.670459
erc1056w,V3_anchor_status,24,23.558777
erc1056w,V3_anchor_status,25,21.131557
erc1056w,V3_anchor_status,26,16.96348
erc1056w,V3_anchor_status,27,16.759949
erc1056w,V3_anchor_status,28,21.659429
erc1056w,V3_anchor_status,29,26.019353
erc1056w,V5_revoke_credential,0,21.769126
erc1056w,V5_revoke_credential,1,19.241993
erc1056w,V5_revoke_credential,2,24.469746
erc1056w,V5_revoke_credential,3,18.62393
erc1056w,V5_revoke_credential,4,14.221811
erc1056w,V5_revoke_credential,5,15.979072
erc1056w,V5_revoke_credential,6,21.304029
erc1056w,V5_revoke_credential,7,15.541316
erc1056w,V5_revoke_credential,8,14.095969
erc1056w,V5_revoke_credential,9,15.603348
erc1056w,V5_revoke_credential,10,13.831159
erc1056w,V5_revoke_credential,11,23.841234
erc1056w,V5_revoke_credential,12,25.735232
erc1056w,V5_revoke_credential,13,24.825186
erc1056w,V5_revoke_credential,14,20.311991
erc1056w,V5_revoke_credential,15,18.559136
erc1056w,V5_revoke_credential,16,21.935183
erc1056w,V5_revoke_credential,17,16.84203
erc1056w,V5_revoke_credential,18,21.386499
erc1056w,V5_revoke_credential,19,15.371573
erc1056w,V5_revoke_credential,20,17.020043
erc1056w,V5_revoke_credential,21,18.278788
erc1056w,V5_revoke_credential,22,22.821783
erc1056w,V5_revoke_credential,23,22.649742
erc1056w,V5_revoke_credential,24,20.749417
erc1056w,V5_revoke_credential,25,21.592439
erc1056w,V5_revoke_credential,26,17.97453
erc1056w,V5_revoke_credential,27,23.942382
erc1056w,V5_revoke_credential,28,21.137082
erc1056w,V5_revoke_credential,29,28.592109
erc1056w,V6_status_check,0,4.354184
erc1056w,V6_status_check,1,3.503478
erc1056w,V6_status_check,2,3.380631
erc1056w,V6_status_check,3,3.310629
erc1056w,V6_status_check,4,2.850245
erc1056w,V6_status_check,5,3.020258
erc1056w,V6_status_check,6,2.862078
erc1056w,V6_status_check,7,2.51936
erc1056w,V6_status_check,8,2.244004
erc1056w,V6_status_check,9,2.224049
erc1056w,V6_status_check,10,2.114654
erc1056w,V6_status_check,11,2.237953
erc1056w,V6_status_check,12,2.223144
erc1056w,V6_status_check,13,3.033153
erc1056w,V6_status_check,14,3.046027
erc1056w,V6_status_check,15,2.778723
erc1056w,V6_status_check,16,2.913758
erc1056w,V6_status_check,17,2.641953
erc1056w,V6_status_check,18,2.800649
erc1056w,V6_status_check,19,3.195198
erc1056w,V6_status_check,20,2.563142
erc1056w,V6_status_check,21,2.860459
erc1056w,V6_status_check,22,5.218556
erc1056w,V6_status_check,23,2.862524
erc1056w,V6_status_check,24,2.859482
erc1056w,V6_status_check,25,2.625399
erc1056w,V6_status_check,26,2.295797
erc1056w,V6_status_check,27,2.347525
erc1056w,V6_status_check,28,2.100314
erc1056w,V6_status_check,29,2.142744
erc1155,C1_create_identity,0,16.951515
erc1155,C1_create_identity,1,31.366397
erc1155,C1_create_identity,2,23.723549
erc1155,C1_create_identity,3,16.251225
erc1155,C1_create_identity,4,17.431247
erc1155,C1_create_identity,5,18.758076
erc1155,C1_create_identity,6,18.106895
erc1155,C1_create_identity,7,18.034187
erc1155,C1_create_identity,8,17.644699
erc1155,C1_create_identity,9,22.158513
erc1155,C1_create_identity,10,20.376932
erc1155,C1_create_identity,11,21.449481
erc1155,C1_create_identity,12,18.308883
erc1155,C1_create_identity,13,19.06145
erc1155,C1_create_identity,14,18.791432
erc1155,C1_create_identity,15,18.999575
erc1155,C1_create_identity,16,19.463918
erc1155,C1_create_identity,17,21.007907
erc1155,C1_create_identity,18,21.366525
erc1155,C1_create_identity,19,19.151696
erc1155,C1_create_identity,20,19.420511
erc1155,C1_create_identity,21,20.686667
erc1155,C1_create_identity,22,16.123614
erc1155,C1_create_identity,23,26.36369
erc1155,C1_create_identity,24,16.492908
erc1155,C1_create_identity,25,14.781685
erc1155,C1_create_identity,26,21.012522
erc1155,C1_create_identity,27,20.331761
erc1155,C1_create_identity,28,23.840986
erc1155,C1_create_identity,29,24.009704
erc1155,C2_create_with_attributes,0,16.472123
erc1155,C2_create_with_attributes,1,19.111157
erc1155,C2_create_with_attributes,2,20.959697
erc1155,C2_create_with_attributes,3,35.203965
erc1155,C2_create_with_attributes,4,23.550692
erc1155,C2_create_with_attributes,5,16.747482
erc1155,C2_create_with_attributes,6,16.80453
erc1155,C2_create_with_attributes,7,23.954258
erc1155,C2_create_with_attributes,8,23.45762
erc1155,C2_create_with_attributes,9,28.155405
erc1155,C2_create_with_attributes,10,20.22032
erc1155,C2_create_with_attributes,11,23.074623
erc1155,C2_create_with_attributes,12,16.854092
erc1155,C2_create_with_attributes,13,21.430932
erc1155,C2_create_with_attributes,14,25.875958
erc1155,C2_create_with_attributes,15,20.168862
erc1155,C2_create_with_attributes,16,18.202254
erc1155,C2_create_with_attributes,17,18.642973
erc1155,C2_create_with_attributes,18,17.107669
erc1155,C2_create_with_attributes,19,21.324423
erc1155,C2_create_with_attributes,20,20.249152
erc1155,C2_create_with_attributes,21,23.287815
erc1155,C2_create_with_attributes,22,24.526482
erc1155,C2_create_with_attributes,23,23.036177
erc1155,C2_create_with_attributes,24,24.724278
erc1155,C2_create_with_attributes,25,15.097328
erc1155,C2_create_with_attributes,26,15.648209
erc1155,C2_create_with_attributes,27,17.406081
erc1155,C2_create_with_attributes,28,15.626635
erc1155,C2_create_with_attributes,29,20.490431
erc1155,R1_resolve_owner,0,1.543697
erc1155,R1_resolve_owner,1,1.50812
erc1155,R1_resolve_owner,2,1.333205
erc1155,R1_resolve_owner,3,1.388598
erc1155,R1_resolve_owner,4,1.400255
erc1155,R1_resolve_owner,5,1.388082
erc1155,R1_resolve_owner,6,1.471033
erc1155,R1_resolve_owner,7,1.332678
erc1155,R1_resolve_owner,8,1.311026
erc1155,R1_resolve_owner,9,2.187928
erc1155,R1_resolve_owner,10,1.442328
erc1155,R1_resolve_owner,11,1.572034
erc1155,R1_resolve_owner,12,1.312512
erc1155,R1_resolve_owner,13,1.262422
erc1155,R1_resolve_owner,14,1.412075
erc1155,R1_resolve_owner,15,1.280286
erc1155,R1_resolve_owner,16,1.45679
erc1155,R1_resolve_owner,17,1.67038
erc1155,R1_resolve_owner,18,1.607679
erc1155,R1_resolve_owner,19,1.437812
erc1155,R1_resolve_owner,20,1.456469
erc1155,R1_resolve_owner,21,1.228291
erc1155,R1_resolve_owner,22,1.617315
erc1155,R1_resolve_owner,23,1.767282
erc1155,R1_resolve_owner,24,2.13539
erc1155,R1_resolve_owner,25,1.950139
erc1155,R1_resolve_owner,26,2.159919
erc1155,R1_resolve_owner,27,1.972397
erc1155,R1_resolve_owner,28,1.951952
erc1155,R1_resolve_owner,29,1.884253
erc1155,R2_resolve_by_vin,0,2.015634
erc1155,R2_resolve_by_vin,1,1.834537
erc1155,R2_resolve_by_vin,2,2.018538
erc1155,R2_resolve_by_vin,3,2.198109
erc1155,R2_resolve_by_vin,4,1.974025
erc1155,R2_resolve_by_vin,5,1.986408
erc1155,R2_resolve_by_vin,6,2.193568
erc1155,R2_resolve_by_vin,7,2.103632
erc1155,R2_resolve_by_vin,8,2.133156
erc1155,R2_resolve_by_vin,9,1.836672
erc1155,R2_resolve_by_vin,10,2.140114
erc1155,R2_resolve_by_vin,11,1.9626
erc1155,R2_resolve_by_vin,12,2.998637
erc1155,R2_resolve_by_vin,13,2.01009
erc1155,R2_resolve_by_vin,14,2.218651
erc1155,R2_resolve_by_vin,15,2.162787
erc1155,R2_resolve_by_vin,16,1.985425
erc1155,R2_resolve_by_vin,17,2.165929
erc1155,R2_resolve_by_vin,18,1.667634
erc1155,R2_resolve_by_vin,19,1.611283
erc1155,R2_resolve_by_vin,20,1.673272
erc1155,R2_resolve_by_vin,21,1.54455
erc1155,R2_resolve_by_vin,22,1.528689
erc1155,R2_resolve_by_vin,23,1.516401
erc1155,R2_resolve_by_vin,24,1.532897
erc1155,R2_resolve_by_vin,25,1.66499
erc1155,R2_resolve_by_vin,26,1.495558
erc1155,R2_resolve_by_vin,27,1.5002
erc1155,R2_resolve_by_vin,28,1.482891
erc1155,R2_resolve_by_vin,29,1.681697
erc1155,R3_resolve_document,0,6.492367
erc1155,R3_resolve_document,1,5.402544
erc1155,R3_resolve_document,2,4.06885
erc1155,R3_resolve_document,3,4.957754
erc1155,R3_resolve_document,4,5.024346
erc1155,R3_resolve_document,5,5.615365
erc1155,R3_resolve_document,6,6.013016
erc1155,R3_resolve_document,7,3.930209
erc1155,R3_resolve_document,8,3.65905
erc1155,R3_resolve_document,9,15.814937
erc1155,R3_resolve_document,10,5.692459
erc1155,R3_resolve_document,11,3.729519
erc1155,R3_resolve_document,12,4.18717
erc1155,R3_resolve_document,13,4.696891
erc1155,R3_resolve_document,14,3.554103
erc1155,R3_resolve_document,15,3.374214
erc1155,R3_resolve_document,16,16.447371
erc1155,R3_resolve_document,17,3.908906
erc1155,R3_resolve_document,18,4.248914
erc1155,R3_resolve_document,19,3.956572
erc1155,R3_resolve_document,20,3.687062
erc1155,R3_resolve_document,21,3.65776
erc1155,R3_resolve_document,22,4.788
erc1155,R3_resolve_document,23,16.808641
erc1155,R3_resolve_document,24,6.513044
erc1155,R3_resolve_document,25,4.207367
erc1155,R3_resolve_document,26,4.466623
erc1155,R3_resolve_document,27,3.554155
erc1155,R3_resolve_document,28,4.035069
erc1155,R3_resolve_document,29,4.111066
erc1155,U1_rotate_controller,0,24.796756
erc1155,U1_rotate_controller,1,26.653785
erc1155,U1_rotate_controller,2,25.825136
erc1155,U1_rotate_controller,3,24.855891
erc1155,U1_rotate_controller,4,23.087665
erc1155,U1_rotate_controller,5,24.942759
erc1155,U1_rotate_controller,6,27.885576
erc1155,U1_rotate_controller,7,22.693144
erc1155,U1_rotate_controller,8,40.446133
erc1155,U1_rotate_controller,9,24.142311
erc1155,U1_rotate_controller,10,16.555933
erc1155,U1_rotate_controller,11,16.997001
erc1155,U1_rotate_controller,12,18.593061
erc1155,U1_rotate_controller,13,18.847703
erc1155,U1_rotate_controller,14,19.593111
erc1155,U1_rotate_controller,15,19.802206
erc1155,U1_rotate_controller,16,23.127636
erc1155,U1_rotate_controller,17,24.615496
erc1155,U1_rotate_controller,18,22.435555
erc1155,U1_rotate_controller,19,19.448395
erc1155,U1_rotate_controller,20,18.481948
erc1155,U1_rotate_controller,21,19.14958
erc1155,U1_rotate_controller,22,24.053551
erc1155,U1_rotate_controller,23,17.477366
erc1155,U1_rotate_controller,24,20.774843
erc1155,U1_rotate_controller,25,27.771658
erc1155,U1_rotate_controller,26,22.931679
erc1155,U1_rotate_controller,27,20.440627
erc1155,U1_rotate_controller,28,23.370565
erc1155,U1_rotate_controller,29,24.496735
erc1155,U3_set_attribute,0,15.010507
erc1155,U3_set_attribute,1,17.273502
erc1155,U3_set_attribute,2,19.235109
erc1155,U3_set_attribute,3,19.244769
erc1155,U3_set_attribute,4,19.506075
erc1155,U3_set_attribute,5,23.694205
erc1155,U3_set_attribute,6,16.967441
erc1155,U3_set_attribute,7,23.572645
erc1155,U3_set_attribute,8,14.994882
erc1155,U3_set_attribute,9,16.114683
erc1155,U3_set_attribute,10,18.773519
erc1155,U3_set_attribute,11,19.323971
erc1155,U3_set_attribute,12,15.154689
erc1155,U3_set_attribute,13,17.560665
erc1155,U3_set_attribute,14,22.411358
erc1155,U3_set_attribute,15,17.069119
erc1155,U3_set_attribute,16,14.957925
erc1155,U3_set_attribute,17,14.97781
erc1155,U3_set_attribute,18,15.366763
erc1155,U3_set_attribute,19,15.889487
erc1155,U3_set_attribute,20,17.99144
erc1155,U3_set_attribute,21,18.846404
erc1155,U3_set_attribute,22,21.335004
erc1155,U3_set_attribute,23,17.726387
erc1155,U3_set_attribute,24,18.315101
erc1155,U3_set_attribute,25,18.379817
erc1155,U3_set_attribute,26,21.871053
erc1155,U3_set_attribute,27,26.327451
erc1155,U3_set_attribute,28,18.741886
erc1155,U3_set_attribute,29,20.655866
erc1155,U4_transfer_vehicle,0,37.270442
erc1155,U4_transfer_vehicle,1,45.56061
erc1155,U4_transfer_vehicle,2,21.708913
erc1155,U4_transfer_vehicle,3,20.536364
erc1155,U4_transfer_vehicle,4,19.088103
erc1155,U4_transfer_vehicle,5,19.46237
erc1155,U4_transfer_vehicle,6,21.322014
erc1155,U4_transfer_vehicle,7,21.324272
erc1155,U4_transfer_vehicle,8,19.767025
erc1155,U4_transfer_vehicle,9,19.740135
erc1155,U4_transfer_vehicle,10,45.255055
erc1155,U4_transfer_vehicle,11,58.06197
erc1155,U4_transfer_vehicle,12,21.867292
erc1155,U4_transfer_vehicle,13,26.177537
erc1155,U4_transfer_vehicle,14,24.268178
erc1155,U4_transfer_vehicle,15,22.243434
erc1155,U4_transfer_vehicle,16,23.02709
erc1155,U4_transfer_vehicle,17,19.448077
erc1155,U4_transfer_vehicle,18,23.320158
erc1155,U4_transfer_vehicle,19,20.498186
erc1155,U4_transfer_vehicle,20,22.81201
erc1155,U4_transfer_vehicle,21,22.13083
erc1155,U4_transfer_vehicle,22,22.078381
erc1155,U4_transfer_vehicle,23,21.655853
erc1155,U4_transfer_vehicle,24,20.405284
erc1155,U4_transfer_vehicle,25,25.22148
erc1155,U4_transfer_vehicle,26,19.614696
erc1155,U4_transfer_vehicle,27,21.086514
erc1155,U4_transfer_vehicle,28,18.999808
erc1155,U4_transfer_vehicle,29,20.759184
erc1155,D2_revoke_attribute,0,17.226435
erc1155,D2_revoke_attribute,1,18.622391
erc1155,D2_revoke_attribute,2,22.435229
erc1155,D2_revoke_attribute,3,24.549029
erc1155,D2_revoke_attribute,4,19.924486
erc1155,D2_revoke_attribute,5,19.430594
erc1155,D2_revoke_attribute,6,21.172435
erc1155,D2_revoke_attribute,7,19.956804
erc1155,D2_revoke_attribute,8,19.021298
erc1155,D2_revoke_attribute,9,17.727239
erc1155,D2_revoke_attribute,10,22.778697
erc1155,D2_revoke_attribute,11,21.211221
erc1155,D2_revoke_attribute,12,24.072525
erc1155,D2_revoke_attribute,13,20.957877
erc1155,D2_revoke_attribute,14,19.330054
erc1155,D2_revoke_attribute,15,18.88197
erc1155,D2_revoke_attribute,16,15.803202
erc1155,D2_revoke_attribute,17,20.163973
erc1155,D2_revoke_attribute,18,23.617701
erc1155,D2_revoke_attribute,19,18.394326
erc1155,D2_revoke_attribute,20,21.850948
erc1155,D2_revoke_attribute,21,16.446715
erc1155,D2_revoke_attribute,22,36.649286
erc1155,D2_revoke_attribute,23,18.549699
erc1155,D2_revoke_attribute,24,16.858576
erc1155,D2_revoke_attribute,25,17.38314
erc1155,D2_revoke_attribute,26,20.788597
erc1155,D2_revoke_attribute,27,18.625184
erc1155,D2_revoke_attribute,28,20.290658
erc1155,D2_revoke_attribute,29,16.221792
erc1155,D3_deactivate_identity,0,23.467297
erc1155,D3_deactivate_identity,1,21.08617
erc1155,D3_deactivate_identity,2,27.307608
erc1155,D3_deactivate_identity,3,24.315271
erc1155,D3_deactivate_identity,4,20.173512
erc1155,D3_deactivate_identity,5,16.050565
erc1155,D3_deactivate_identity,6,16.453123
erc1155,D3_deactivate_identity,7,19.463182
erc1155,D3_deactivate_identity,8,18.049761
erc1155,D3_deactivate_identity,9,19.948073
erc1155,D3_deactivate_identity,10,33.195314
erc1155,D3_deactivate_identity,11,19.000337
erc1155,D3_deactivate_identity,12,17.54693
erc1155,D3_deactivate_identity,13,19.09102
erc1155,D3_deactivate_identity,14,18.531716
erc1155,D3_deactivate_identity,15,19.990151
erc1155,D3_deactivate_identity,16,22.3788
erc1155,D3_deactivate_identity,17,18.483218
erc1155,D3_deactivate_identity,18,22.343618
erc1155,D3_deactivate_identity,19,17.612587
erc1155,D3_deactivate_identity,20,23.731207
erc1155,D3_deactivate_identity,21,24.119211
erc1155,D3_deactivate_identity,22,22.09333
erc1155,D3_deactivate_identity,23,22.643679
erc1155,D3_deactivate_identity,24,23.13116
erc1155,D3_deactivate_identity,25,24.163644
erc1155,D3_deactivate_identity,26,21.719202
erc1155,D3_deactivate_identity,27,19.228409
erc1155,D3_deactivate_identity,28,21.490264
erc1155,D3_deactivate_identity,29,21.671172
erc1155,V1_issuer_key_anchor,0,15.158033
erc1155,V1_issuer_key_anchor,1,22.770314
erc1155,V1_issuer_key_anchor,2,21.144193
erc1155,V1_issuer_key_anchor,3,17.943332
erc1155,V1_issuer_key_anchor,4,23.885362
erc1155,V1_issuer_key_anchor,5,15.030287
erc1155,V1_issuer_key_anchor,6,14.588252
erc1155,V1_issuer_key_anchor,7,13.416606
erc1155,V1_issuer_key_anchor,8,21.804705
erc1155,V1_issuer_key_anchor,9,23.351546
erc1155,V1_issuer_key_anchor,10,15.580015
erc1155,V1_issuer_key_anchor,11,19.064309
erc1155,V1_issuer_key_anchor,12,15.343532
erc1155,V1_issuer_key_anchor,13,14.817126
erc1155,V1_issuer_key_anchor,14,15.164886
erc1155,V1_issuer_key_anchor,15,16.080022
erc1155,V1_issuer_key_anchor,16,15.1576
erc1155,V1_issuer_key_anchor,17,19.06991
erc1155,V1_issuer_key_anchor,18,20.092283
erc1155,V1_issuer_key_anchor,19,14.972685
erc1155,V1_issuer_key_anchor,20,15.401548
erc1155,V1_issuer_key_anchor,21,17.36703
erc1155,V1_issuer_key_anchor,22,17.302738
erc1155,V1_issuer_key_anchor,23,17.746064
erc1155,V1_issuer_key_anchor,24,16.305058
erc1155,V1_issuer_key_anchor,25,14.819576
erc1155,V1_issuer_key_anchor,26,17.600704
erc1155,V1_issuer_key_anchor,27,17.259599
erc1155,V1_issuer_key_anchor,28,21.472093
erc1155,V1_issuer_key_anchor,29,14.040131
erc1155,V3_anchor_status,0,23.485931
erc1155,V3_anchor_status,1,17.733585
erc1155,V3_anchor_status,2,16.924242
erc1155,V3_anchor_status,3,20.962877
erc1155,V3_anchor_status,4,18.722032
erc1155,V3_anchor_status,5,21.590084
erc1155,V3_anchor_status,6,15.378095
erc1155,V3_anchor_status,7,22.987108
erc1155,V3_anchor_status,8,18.188276
erc1155,V3_anchor_status,9,17.112166
erc1155,V3_anchor_status,10,16.445811
erc1155,V3_anchor_status,11,17.683675
erc1155,V3_anchor_status,12,16.772745
erc1155,V3_anchor_status,13,16.04428
erc1155,V3_anchor_status,14,15.499196
erc1155,V3_anchor_status,15,18.149743
erc1155,V3_anchor_status,16,22.902911
erc1155,V3_anchor_status,17,17.096351
erc1155,V3_anchor_status,18,15.747255
erc1155,V3_anchor_status,19,21.751693
erc1155,V3_anchor_status,20,19.898184
erc1155,V3_anchor_status,21,16.256734
erc1155,V3_anchor_status,22,25.039094
erc1155,V3_anchor_status,23,16.296069
erc1155,V3_anchor_status,24,19.80898
erc1155,V3_anchor_status,25,27.373975
erc1155,V3_anchor_status,26,24.922104
erc1155,V3_anchor_status,27,24.157153
erc1155,V3_anchor_status,28,16.302039
erc1155,V3_anchor_status,29,17.906414
erc1155,V5_revoke_credential,0,18.47547
erc1155,V5_revoke_credential,1,26.17997
erc1155,V5_revoke_credential,2,26.515411
erc1155,V5_revoke_credential,3,21.860593
erc1155,V5_revoke_credential,4,21.951228
erc1155,V5_revoke_credential,5,18.433367
erc1155,V5_revoke_credential,6,20.574612
erc1155,V5_revoke_credential,7,24.201288
erc1155,V5_revoke_credential,8,18.565006
erc1155,V5_revoke_credential,9,26.769094
erc1155,V5_revoke_credential,10,24.048718
erc1155,V5_revoke_credential,11,19.578926
erc1155,V5_revoke_credential,12,17.714249
erc1155,V5_revoke_credential,13,17.311127
erc1155,V5_revoke_credential,14,22.429229
erc1155,V5_revoke_credential,15,19.277797
erc1155,V5_revoke_credential,16,19.775264
erc1155,V5_revoke_credential,17,17.683055
erc1155,V5_revoke_credential,18,17.614083
erc1155,V5_revoke_credential,19,21.535159
erc1155,V5_revoke_credential,20,17.512091
erc1155,V5_revoke_credential,21,16.920623
erc1155,V5_revoke_credential,22,15.706123
erc1155,V5_revoke_credential,23,15.467596
erc1155,V5_revoke_credential,24,16.167288
erc1155,V5_revoke_credential,25,15.727922
erc1155,V5_revoke_credential,26,15.698539
erc1155,V5_revoke_credential,27,19.474348
erc1155,V5_revoke_credential,28,20.120014
erc1155,V5_revoke_credential,29,20.9054
erc1155,V6_status_check,0,2.490482
erc1155,V6_status_check,1,1.732606
erc1155,V6_status_check,2,2.096655
erc1155,V6_status_check,3,1.689471
erc1155,V6_status_check,4,1.91018
erc1155,V6_status_check,5,1.858428
erc1155,V6_status_check,6,1.896867
erc1155,V6_status_check,7,1.697174
erc1155,V6_status_check,8,1.974078
erc1155,V6_status_check,9,1.814367
erc1155,V6_status_check,10,1.806353
erc1155,V6_status_check,11,1.748399
erc1155,V6_status_check,12,1.867596
erc1155,V6_status_check,13,2.005683
erc1155,V6_status_check,14,1.781068
erc1155,V6_status_check,15,1.315742
erc1155,V6_status_check,16,1.472573
erc1155,V6_status_check,17,1.708
erc1155,V6_status_check,18,1.593297
erc1155,V6_status_check,19,1.631098
erc1155,V6_status_check,20,1.585068
erc1155,V6_status_check,21,1.460052
erc1155,V6_status_check,22,1.694799
erc1155,V6_status_check,23,1.412211
erc1155,V6_status_check,24,1.387686
erc1155,V6_status_check,25,1.564182
erc1155,V6_status_check,26,1.29368
erc1155,V6_status_check,27,1.245717
erc1155,V6_status_check,28,1.363568
erc1155,V6_status_check,29,1.401785
erc4337,C1_create_identity,0,64.490531
erc4337,C1_create_identity,1,74.427252
erc4337,C1_create_identity,2,73.935404
erc4337,C1_create_identity,3,51.634302
erc4337,C1_create_identity,4,52.011187
erc4337,C1_create_identity,5,66.251028
erc4337,C1_create_identity,6,63.940373
erc4337,C1_create_identity,7,49.625027
erc4337,C1_create_identity,8,51.762308
erc4337,C1_create_identity,9,45.161708
erc4337,C1_create_identity,10,47.906322
erc4337,C1_create_identity,11,44.784267
erc4337,C1_create_identity,12,54.088168
erc4337,C1_create_identity,13,52.937421
erc4337,C1_create_identity,14,70.202452
erc4337,C1_create_identity,15,49.708379
erc4337,C1_create_identity,16,43.462077
erc4337,C1_create_identity,17,46.118547
erc4337,C1_create_identity,18,47.917964
erc4337,C1_create_identity,19,43.452978
erc4337,C1_create_identity,20,63.444432
erc4337,C1_create_identity,21,65.022423
erc4337,C1_create_identity,22,46.051929
erc4337,C1_create_identity,23,56.943984
erc4337,C1_create_identity,24,57.943472
erc4337,C1_create_identity,25,58.310922
erc4337,C1_create_identity,26,58.157168
erc4337,C1_create_identity,27,48.684848
erc4337,C1_create_identity,28,61.350694
erc4337,C1_create_identity,29,51.743823
erc4337,C2_create_with_attributes,0,151.224474
erc4337,C2_create_with_attributes,1,184.187361
erc4337,C2_create_with_attributes,2,168.232127
erc4337,C2_create_with_attributes,3,157.240098
erc4337,C2_create_with_attributes,4,155.415164
erc4337,C2_create_with_attributes,5,171.072208
erc4337,C2_create_with_attributes,6,172.199535
erc4337,C2_create_with_attributes,7,162.911856
erc4337,C2_create_with_attributes,8,150.996503
erc4337,C2_create_with_attributes,9,158.107059
erc4337,C2_create_with_attributes,10,164.746502
erc4337,C2_create_with_attributes,11,183.959961
erc4337,C2_create_with_attributes,12,171.06216
erc4337,C2_create_with_attributes,13,145.044464
erc4337,C2_create_with_attributes,14,136.324583
erc4337,C2_create_with_attributes,15,188.59196
erc4337,C2_create_with_attributes,16,162.895224
erc4337,C2_create_with_attributes,17,165.365326
erc4337,C2_create_with_attributes,18,184.516973
erc4337,C2_create_with_attributes,19,185.706131
erc4337,C2_create_with_attributes,20,178.814993
erc4337,C2_create_with_attributes,21,170.102372
erc4337,C2_create_with_attributes,22,163.172456
erc4337,C2_create_with_attributes,23,188.463275
erc4337,C2_create_with_attributes,24,177.222527
erc4337,C2_create_with_attributes,25,217.613171
erc4337,C2_create_with_attributes,26,172.373283
erc4337,C2_create_with_attributes,27,163.871492
erc4337,C2_create_with_attributes,28,154.262799
erc4337,C2_create_with_attributes,29,189.264879
erc4337,R1_resolve_owner,0,1.579533
erc4337,R1_resolve_owner,1,1.558576
erc4337,R1_resolve_owner,2,1.697563
erc4337,R1_resolve_owner,3,1.615649
erc4337,R1_resolve_owner,4,1.467423
erc4337,R1_resolve_owner,5,1.455818
erc4337,R1_resolve_owner,6,1.947014
erc4337,R1_resolve_owner,7,1.795083
erc4337,R1_resolve_owner,8,1.890503
erc4337,R1_resolve_owner,9,1.89629
erc4337,R1_resolve_owner,10,1.889731
erc4337,R1_resolve_owner,11,1.651317
erc4337,R1_resolve_owner,12,1.813121
erc4337,R1_resolve_owner,13,1.639178
erc4337,R1_resolve_owner,14,1.668336
erc4337,R1_resolve_owner,15,1.829438
erc4337,R1_resolve_owner,16,1.702515
erc4337,R1_resolve_owner,17,2.42143
erc4337,R1_resolve_owner,18,4.681331
erc4337,R1_resolve_owner,19,1.973999
erc4337,R1_resolve_owner,20,1.795519
erc4337,R1_resolve_owner,21,2.094068
erc4337,R1_resolve_owner,22,2.096931
erc4337,R1_resolve_owner,23,1.77113
erc4337,R1_resolve_owner,24,2.747836
erc4337,R1_resolve_owner,25,1.936367
erc4337,R1_resolve_owner,26,1.636924
erc4337,R1_resolve_owner,27,1.582727
erc4337,R1_resolve_owner,28,1.642556
erc4337,R1_resolve_owner,29,1.692966
erc4337,R3_resolve_document,0,24.515394
erc4337,R3_resolve_document,1,25.066357
erc4337,R3_resolve_document,2,10.420547
erc4337,R3_resolve_document,3,10.512647
erc4337,R3_resolve_document,4,10.561198
erc4337,R3_resolve_document,5,8.903716
erc4337,R3_resolve_document,6,8.159753
erc4337,R3_resolve_document,7,9.810701
erc4337,R3_resolve_document,8,9.711772
erc4337,R3_resolve_document,9,13.269195
erc4337,R3_resolve_document,10,9.751857
erc4337,R3_resolve_document,11,9.224077
erc4337,R3_resolve_document,12,9.324237
erc4337,R3_resolve_document,13,8.224703
erc4337,R3_resolve_document,14,21.22683
erc4337,R3_resolve_document,15,30.051591
erc4337,R3_resolve_document,16,10.302033
erc4337,R3_resolve_document,17,22.889943
erc4337,R3_resolve_document,18,9.016542
erc4337,R3_resolve_document,19,9.226699
erc4337,R3_resolve_document,20,9.97865
erc4337,R3_resolve_document,21,33.580831
erc4337,R3_resolve_document,22,13.455816
erc4337,R3_resolve_document,23,12.440441
erc4337,R3_resolve_document,24,26.500206
erc4337,R3_resolve_document,25,27.541966
erc4337,R3_resolve_document,26,10.776909
erc4337,R3_resolve_document,27,9.754429
erc4337,R3_resolve_document,28,10.614198
erc4337,R3_resolve_document,29,9.51872
erc4337,R4_verify_delegate,0,1.516341
erc4337,R4_verify_delegate,1,1.584645
erc4337,R4_verify_delegate,2,1.476149
erc4337,R4_verify_delegate,3,1.717079
erc4337,R4_verify_delegate,4,1.714475
erc4337,R4_verify_delegate,5,1.58699
erc4337,R4_verify_delegate,6,1.944066
erc4337,R4_verify_delegate,7,1.66747
erc4337,R4_verify_delegate,8,1.90512
erc4337,R4_verify_delegate,9,1.838573
erc4337,R4_verify_delegate,10,1.888177
erc4337,R4_verify_delegate,11,1.784597
erc4337,R4_verify_delegate,12,1.996237
erc4337,R4_verify_delegate,13,1.929748
erc4337,R4_verify_delegate,14,1.994358
erc4337,R4_verify_delegate,15,1.894806
erc4337,R4_verify_delegate,16,1.866312
erc4337,R4_verify_delegate,17,1.927541
erc4337,R4_verify_delegate,18,1.665609
erc4337,R4_verify_delegate,19,1.653986
erc4337,R4_verify_delegate,20,1.567862
erc4337,R4_verify_delegate,21,1.676856
erc4337,R4_verify_delegate,22,1.733561
erc4337,R4_verify_delegate,23,2.042642
erc4337,R4_verify_delegate,24,1.742059
erc4337,R4_verify_delegate,25,1.913335
erc4337,R4_verify_delegate,26,1.873231
erc4337,R4_verify_delegate,27,1.698788
erc4337,R4_verify_delegate,28,1.812933
erc4337,R4_verify_delegate,29,1.824855
erc4337,U1_rotate_controller,0,14.092094
erc4337,U1_rotate_controller,1,15.829562
erc4337,U1_rotate_controller,2,14.002782
erc4337,U1_rotate_controller,3,22.3736
erc4337,U1_rotate_controller,4,14.946564
erc4337,U1_rotate_controller,5,16.647596
erc4337,U1_rotate_controller,6,17.406398
erc4337,U1_rotate_controller,7,20.081213
erc4337,U1_rotate_controller,8,18.692808
erc4337,U1_rotate_controller,9,16.95985
erc4337,U1_rotate_controller,10,16.160515
erc4337,U1_rotate_controller,11,22.0106
erc4337,U1_rotate_controller,12,16.235032
erc4337,U1_rotate_controller,13,17.434463
erc4337,U1_rotate_controller,14,28.446498
erc4337,U1_rotate_controller,15,19.477331
erc4337,U1_rotate_controller,16,20.044535
erc4337,U1_rotate_controller,17,23.951469
erc4337,U1_rotate_controller,18,21.715492
erc4337,U1_rotate_controller,19,17.570352
erc4337,U1_rotate_controller,20,25.683351
erc4337,U1_rotate_controller,21,12.841981
erc4337,U1_rotate_controller,22,20.531879
erc4337,U1_rotate_controller,23,25.150002
erc4337,U1_rotate_controller,24,21.537257
erc4337,U1_rotate_controller,25,24.704769
erc4337,U1_rotate_controller,26,17.142557
erc4337,U1_rotate_controller,27,20.654057
erc4337,U1_rotate_controller,28,24.208994
erc4337,U1_rotate_controller,29,15.760178
erc4337,U2_add_delegate,0,21.473292
erc4337,U2_add_delegate,1,15.071234
erc4337,U2_add_delegate,2,20.34292
erc4337,U2_add_delegate,3,16.743357
erc4337,U2_add_delegate,4,16.585611
erc4337,U2_add_delegate,5,17.020114
erc4337,U2_add_delegate,6,18.476666
erc4337,U2_add_delegate,7,15.28506
erc4337,U2_add_delegate,8,21.674445
erc4337,U2_add_delegate,9,17.218443
erc4337,U2_add_delegate,10,21.012141
erc4337,U2_add_delegate,11,19.86462
erc4337,U2_add_delegate,12,16.471642
erc4337,U2_add_delegate,13,19.803221
erc4337,U2_add_delegate,14,16.131966
erc4337,U2_add_delegate,15,22.943702
erc4337,U2_add_delegate,16,15.686301
erc4337,U2_add_delegate,17,13.517626
erc4337,U2_add_delegate,18,21.790684
erc4337,U2_add_delegate,19,13.911242
erc4337,U2_add_delegate,20,20.554836
erc4337,U2_add_delegate,21,14.820246
erc4337,U2_add_delegate,22,12.597812
erc4337,U2_add_delegate,23,13.113378
erc4337,U2_add_delegate,24,13.231027
erc4337,U2_add_delegate,25,14.197083
erc4337,U2_add_delegate,26,21.765616
erc4337,U2_add_delegate,27,13.935062
erc4337,U2_add_delegate,28,15.798579
erc4337,U2_add_delegate,29,15.158974
erc4337,U3_set_attribute,0,17.875948
erc4337,U3_set_attribute,1,21.593582
erc4337,U3_set_attribute,2,17.41991
erc4337,U3_set_attribute,3,30.82991
erc4337,U3_set_attribute,4,18.875466
erc4337,U3_set_attribute,5,17.812265
erc4337,U3_set_attribute,6,19.878115
erc4337,U3_set_attribute,7,15.884864
erc4337,U3_set_attribute,8,19.997232
erc4337,U3_set_attribute,9,19.780468
erc4337,U3_set_attribute,10,16.042669
erc4337,U3_set_attribute,11,14.596561
erc4337,U3_set_attribute,12,16.846092
erc4337,U3_set_attribute,13,16.457524
erc4337,U3_set_attribute,14,16.711796
erc4337,U3_set_attribute,15,27.384861
erc4337,U3_set_attribute,16,20.628755
erc4337,U3_set_attribute,17,16.683249
erc4337,U3_set_attribute,18,23.476169
erc4337,U3_set_attribute,19,23.335367
erc4337,U3_set_attribute,20,16.025699
erc4337,U3_set_attribute,21,16.578993
erc4337,U3_set_attribute,22,16.526488
erc4337,U3_set_attribute,23,16.872248
erc4337,U3_set_attribute,24,23.428884
erc4337,U3_set_attribute,25,16.852681
erc4337,U3_set_attribute,26,19.791102
erc4337,U3_set_attribute,27,33.126809
erc4337,U3_set_attribute,28,16.157674
erc4337,U3_set_attribute,29,14.040569
erc4337,U4_transfer_vehicle,0,16.356091
erc4337,U4_transfer_vehicle,1,15.402279
erc4337,U4_transfer_vehicle,2,15.216433
erc4337,U4_transfer_vehicle,3,16.626259
erc4337,U4_transfer_vehicle,4,19.045818
erc4337,U4_transfer_vehicle,5,14.150206
erc4337,U4_transfer_vehicle,6,20.091964
erc4337,U4_transfer_vehicle,7,13.60493
erc4337,U4_transfer_vehicle,8,18.441699
erc4337,U4_transfer_vehicle,9,19.849598
erc4337,U4_transfer_vehicle,10,16.690958
erc4337,U4_transfer_vehicle,11,16.122979
erc4337,U4_transfer_vehicle,12,17.441453
erc4337,U4_transfer_vehicle,13,16.865596
erc4337,U4_transfer_vehicle,14,14.532304
erc4337,U4_transfer_vehicle,15,16.758313
erc4337,U4_transfer_vehicle,16,21.198967
erc4337,U4_transfer_vehicle,17,15.847935
erc4337,U4_transfer_vehicle,18,18.582896
erc4337,U4_transfer_vehicle,19,18.338488
erc4337,U4_transfer_vehicle,20,23.04631
erc4337,U4_transfer_vehicle,21,17.932854
erc4337,U4_transfer_vehicle,22,18.526003
erc4337,U4_transfer_vehicle,23,16.161644
erc4337,U4_transfer_vehicle,24,15.459945
erc4337,U4_transfer_vehicle,25,20.712585
erc4337,U4_transfer_vehicle,26,14.431798
erc4337,U4_transfer_vehicle,27,15.203384
erc4337,U4_transfer_vehicle,28,19.742697
erc4337,U4_transfer_vehicle,29,22.080629
erc4337,U5_meta_tx,0,32.614995
erc4337,U5_meta_tx,1,29.468
erc4337,U5_meta_tx,2,30.716674
erc4337,U5_meta_tx,3,47.274548
erc4337,U5_meta_tx,4,26.783323
erc4337,U5_meta_tx,5,27.589779
erc4337,U5_meta_tx,6,25.525524
erc4337,U5_meta_tx,7,31.860441
erc4337,U5_meta_tx,8,40.486272
erc4337,U5_meta_tx,9,32.887842
erc4337,U5_meta_tx,10,31.151421
erc4337,U5_meta_tx,11,33.684191
erc4337,U5_meta_tx,12,44.609324
erc4337,U5_meta_tx,13,44.703896
erc4337,U5_meta_tx,14,41.731954
erc4337,U5_meta_tx,15,27.957535
erc4337,U5_meta_tx,16,31.356428
erc4337,U5_meta_tx,17,42.751483
erc4337,U5_meta_tx,18,38.058537
erc4337,U5_meta_tx,19,35.746229
erc4337,U5_meta_tx,20,32.400396
erc4337,U5_meta_tx,21,33.696906
erc4337,U5_meta_tx,22,57.320522
erc4337,U5_meta_tx,23,49.873094
erc4337,U5_meta_tx,24,38.037928
erc4337,U5_meta_tx,25,44.384678
erc4337,U5_meta_tx,26,42.54258
erc4337,U5_meta_tx,27,45.404524
erc4337,U5_meta_tx,28,40.404447
erc4337,U5_meta_tx,29,41.695897
erc4337,D1_revoke_delegate,0,16.97383
erc4337,D1_revoke_delegate,1,22.014079
erc4337,D1_revoke_delegate,2,18.120598
erc4337,D1_revoke_delegate,3,23.397942
erc4337,D1_revoke_delegate,4,21.683715
erc4337,D1_revoke_delegate,5,19.726812
erc4337,D1_revoke_delegate,6,14.375965
erc4337,D1_revoke_delegate,7,18.154124
erc4337,D1_revoke_delegate,8,15.929397
erc4337,D1_revoke_delegate,9,26.129367
erc4337,D1_revoke_delegate,10,22.44061
erc4337,D1_revoke_delegate,11,16.033328
erc4337,D1_revoke_delegate,12,18.812602
erc4337,D1_revoke_delegate,13,17.907807
erc4337,D1_revoke_delegate,14,15.264666
erc4337,D1_revoke_delegate,15,18.542938
erc4337,D1_revoke_delegate,16,22.545269
erc4337,D1_revoke_delegate,17,15.885053
erc4337,D1_revoke_delegate,18,17.327065
erc4337,D1_revoke_delegate,19,25.122499
erc4337,D1_revoke_delegate,20,17.620896
erc4337,D1_revoke_delegate,21,18.757264
erc4337,D1_revoke_delegate,22,16.808091
erc4337,D1_revoke_delegate,23,19.828886
erc4337,D1_revoke_delegate,24,14.59615
erc4337,D1_revoke_delegate,25,22.849347
erc4337,D1_revoke_delegate,26,21.28259
erc4337,D1_revoke_delegate,27,15.071587
erc4337,D1_revoke_delegate,28,25.073245
erc4337,D1_revoke_delegate,29,24.127217
erc4337,D2_revoke_attribute,0,24.357933
erc4337,D2_revoke_attribute,1,17.938961
erc4337,D2_revoke_attribute,2,19.987699
erc4337,D2_revoke_attribute,3,28.114756
erc4337,D2_revoke_attribute,4,20.178607
erc4337,D2_revoke_attribute,5,16.223788
erc4337,D2_revoke_attribute,6,17.422617
erc4337,D2_revoke_attribute,7,27.504935
erc4337,D2_revoke_attribute,8,16.829234
erc4337,D2_revoke_attribute,9,17.21031
erc4337,D2_revoke_attribute,10,17.224178
erc4337,D2_revoke_attribute,11,18.943004
erc4337,D2_revoke_attribute,12,20.130348
erc4337,D2_revoke_attribute,13,23.326912
erc4337,D2_revoke_attribute,14,18.557453
erc4337,D2_revoke_attribute,15,16.85899
erc4337,D2_revoke_attribute,16,20.185615
erc4337,D2_revoke_attribute,17,20.491009
erc4337,D2_revoke_attribute,18,18.975732
erc4337,D2_revoke_attribute,19,21.275933
erc4337,D2_revoke_attribute,20,23.641445
erc4337,D2_revoke_attribute,21,17.426404
erc4337,D2_revoke_attribute,22,17.83661
erc4337,D2_revoke_attribute,23,27.976495
erc4337,D2_revoke_attribute,24,16.657708
erc4337,D2_revoke_attribute,25,22.573872
erc4337,D2_revoke_attribute,26,17.00641
erc4337,D2_revoke_attribute,27,17.932358
erc4337,D2_revoke_attribute,28,16.218803
erc4337,D2_revoke_attribute,29,16.397829
erc4337,D3_deactivate_identity,0,19.596498
erc4337,D3_deactivate_identity,1,19.218756
erc4337,D3_deactivate_identity,2,18.170658
erc4337,D3_deactivate_identity,3,16.921333
erc4337,D3_deactivate_identity,4,15.325397
erc4337,D3_deactivate_identity,5,17.882289
erc4337,D3_deactivate_identity,6,15.837326
erc4337,D3_deactivate_identity,7,20.67345
erc4337,D3_deactivate_identity,8,20.387243
erc4337,D3_deactivate_identity,9,19.538112
erc4337,D3_deactivate_identity,10,17.374396
erc4337,D3_deactivate_identity,11,21.705356
erc4337,D3_deactivate_identity,12,16.334247
erc4337,D3_deactivate_identity,13,16.27164
erc4337,D3_deactivate_identity,14,15.50346
erc4337,D3_deactivate_identity,15,18.458473
erc4337,D3_deactivate_identity,16,12.666253
erc4337,D3_deactivate_identity,17,13.99785
erc4337,D3_deactivate_identity,18,17.414996
erc4337,D3_deactivate_identity,19,16.38001
erc4337,D3_deactivate_identity,20,19.795703
erc4337,D3_deactivate_identity,21,16.85397
erc4337,D3_deactivate_identity,22,13.455976
erc4337,D3_deactivate_identity,23,14.18963
erc4337,D3_deactivate_identity,24,14.558055
erc4337,D3_deactivate_identity,25,14.027135
erc4337,D3_deactivate_identity,26,14.269246
erc4337,D3_deactivate_identity,27,15.518738
erc4337,D3_deactivate_identity,28,15.806818
erc4337,D3_deactivate_identity,29,13.701121
erc4337,V1_issuer_key_anchor,0,16.286
erc4337,V1_issuer_key_anchor,1,16.2409
erc4337,V1_issuer_key_anchor,2,16.527661
erc4337,V1_issuer_key_anchor,3,15.51061
erc4337,V1_issuer_key_anchor,4,14.329995
erc4337,V1_issuer_key_anchor,5,15.851031
erc4337,V1_issuer_key_anchor,6,21.934693
erc4337,V1_issuer_key_anchor,7,14.961869
erc4337,V1_issuer_key_anchor,8,22.458039
erc4337,V1_issuer_key_anchor,9,15.821773
erc4337,V1_issuer_key_anchor,10,27.787993
erc4337,V1_issuer_key_anchor,11,18.535407
erc4337,V1_issuer_key_anchor,12,16.62588
erc4337,V1_issuer_key_anchor,13,17.777694
erc4337,V1_issuer_key_anchor,14,15.248328
erc4337,V1_issuer_key_anchor,15,17.752111
erc4337,V1_issuer_key_anchor,16,20.260037
erc4337,V1_issuer_key_anchor,17,16.688985
erc4337,V1_issuer_key_anchor,18,17.691087
erc4337,V1_issuer_key_anchor,19,16.45758
erc4337,V1_issuer_key_anchor,20,16.922555
erc4337,V1_issuer_key_anchor,21,14.346726
erc4337,V1_issuer_key_anchor,22,16.732554
erc4337,V1_issuer_key_anchor,23,17.401367
erc4337,V1_issuer_key_anchor,24,17.411115
erc4337,V1_issuer_key_anchor,25,17.285027
erc4337,V1_issuer_key_anchor,26,28.675734
erc4337,V1_issuer_key_anchor,27,16.908109
erc4337,V1_issuer_key_anchor,28,20.382466
erc4337,V1_issuer_key_anchor,29,19.709609
erc4337,V3_anchor_status,0,16.664963
erc4337,V3_anchor_status,1,21.721371
erc4337,V3_anchor_status,2,20.424369
erc4337,V3_anchor_status,3,16.582314
erc4337,V3_anchor_status,4,24.197196
erc4337,V3_anchor_status,5,22.890611
erc4337,V3_anchor_status,6,16.506558
erc4337,V3_anchor_status,7,21.356719
erc4337,V3_anchor_status,8,14.774912
erc4337,V3_anchor_status,9,17.433821
erc4337,V3_anchor_status,10,16.134279
erc4337,V3_anchor_status,11,18.285433
erc4337,V3_anchor_status,12,16.209649
erc4337,V3_anchor_status,13,14.88316
erc4337,V3_anchor_status,14,20.177701
erc4337,V3_anchor_status,15,17.881667
erc4337,V3_anchor_status,16,16.288439
erc4337,V3_anchor_status,17,15.424546
erc4337,V3_anchor_status,18,16.689805
erc4337,V3_anchor_status,19,16.281271
erc4337,V3_anchor_status,20,15.581408
erc4337,V3_anchor_status,21,16.0169
erc4337,V3_anchor_status,22,26.945824
erc4337,V3_anchor_status,23,23.298916
erc4337,V3_anchor_status,24,16.396861
erc4337,V3_anchor_status,25,20.039609
erc4337,V3_anchor_status,26,17.115783
erc4337,V3_anchor_status,27,18.665189
erc4337,V3_anchor_status,28,16.726829
erc4337,V3_anchor_status,29,21.893992
erc4337,V5_revoke_credential,0,19.058694
erc4337,V5_revoke_credential,1,15.687887
erc4337,V5_revoke_credential,2,17.406471
erc4337,V5_revoke_credential,3,17.873106
erc4337,V5_revoke_credential,4,18.807397
erc4337,V5_revoke_credential,5,20.890568
erc4337,V5_revoke_credential,6,27.777555
erc4337,V5_revoke_credential,7,37.701198
erc4337,V5_revoke_credential,8,19.27252
erc4337,V5_revoke_credential,9,16.715319
erc4337,V5_revoke_credential,10,16.329944
erc4337,V5_revoke_credential,11,24.924179
erc4337,V5_revoke_credential,12,19.523517
erc4337,V5_revoke_credential,13,16.410958
erc4337,V5_revoke_credential,14,18.455559
erc4337,V5_revoke_credential,15,17.60218
erc4337,V5_revoke_credential,16,16.570244
erc4337,V5_revoke_credential,17,19.186872
erc4337,V5_revoke_credential,18,23.25565
erc4337,V5_revoke_credential,19,23.375752
erc4337,V5_revoke_credential,20,25.935519
erc4337,V5_revoke_credential,21,17.16102
erc4337,V5_revoke_credential,22,24.019114
erc4337,V5_revoke_credential,23,23.956562
erc4337,V5_revoke_credential,24,18.419934
erc4337,V5_revoke_credential,25,18.614816
erc4337,V5_revoke_credential,26,39.45095
erc4337,V5_revoke_credential,27,25.727167
erc4337,V5_revoke_credential,28,16.187597
erc4337,V5_revoke_credential,29,17.956053
erc4337,V6_status_check,0,2.277065
erc4337,V6_status_check,1,3.01964
erc4337,V6_status_check,2,1.983509
erc4337,V6_status_check,3,1.997748
erc4337,V6_status_check,4,2.298081
erc4337,V6_status_check,5,2.435907
erc4337,V6_status_check,6,2.331456
erc4337,V6_status_check,7,2.217397
erc4337,V6_status_check,8,1.919447
erc4337,V6_status_check,9,1.862117
erc4337,V6_status_check,10,2.289762
erc4337,V6_status_check,11,2.310698
erc4337,V6_status_check,12,2.378388
erc4337,V6_status_check,13,2.201192
erc4337,V6_status_check,14,1.979566
erc4337,V6_status_check,15,2.025688
erc4337,V6_status_check,16,1.950442
erc4337,V6_status_check,17,1.846365
erc4337,V6_status_check,18,1.848569
erc4337,V6_status_check,19,1.999701
erc4337,V6_status_check,20,1.806626
erc4337,V6_status_check,21,1.559789
erc4337,V6_status_check,22,1.779585
erc4337,V6_status_check,23,14.574718
erc4337,V6_status_check,24,2.276856
erc4337,V6_status_check,25,2.065437
erc4337,V6_status_check,26,2.918077
erc4337,V6_status_check,27,2.567867
erc4337,V6_status_check,28,1.859854
erc4337,V6_status_check,29,1.92102
erc721,C1_create_identity,0,29.013458
erc721,C1_create_identity,1,24.281951
erc721,C1_create_identity,2,31.001635
erc721,C1_create_identity,3,31.413968
erc721,C1_create_identity,4,32.183535
erc721,C1_create_identity,5,26.398489
erc721,C1_create_identity,6,32.027343
erc721,C1_create_identity,7,21.679472
erc721,C1_create_identity,8,23.766312
erc721,C1_create_identity,9,23.980517
erc721,C1_create_identity,10,21.306356
erc721,C1_create_identity,11,23.720709
erc721,C1_create_identity,12,32.048368
erc721,C1_create_identity,13,30.116883
erc721,C1_create_identity,14,24.092551
erc721,C1_create_identity,15,28.040533
erc721,C1_create_identity,16,29.706588
erc721,C1_create_identity,17,26.396903
erc721,C1_create_identity,18,22.609545
erc721,C1_create_identity,19,24.013416
erc721,C1_create_identity,20,27.048798
erc721,C1_create_identity,21,29.075867
erc721,C1_create_identity,22,28.584683
erc721,C1_create_identity,23,31.008121
erc721,C1_create_identity,24,27.804373
erc721,C1_create_identity,25,28.344536
erc721,C1_create_identity,26,27.729264
erc721,C1_create_identity,27,25.441889
erc721,C1_create_identity,28,27.57885
erc721,C1_create_identity,29,25.432316
erc721,C2_create_with_attributes,0,31.793297
erc721,C2_create_with_attributes,1,39.944157
erc721,C2_create_with_attributes,2,45.16398
erc721,C2_create_with_attributes,3,43.827153
erc721,C2_create_with_attributes,4,42.931256
erc721,C2_create_with_attributes,5,44.455289
erc721,C2_create_with_attributes,6,42.083905
erc721,C2_create_with_attributes,7,39.663687
erc721,C2_create_with_attributes,8,46.597207
erc721,C2_create_with_attributes,9,46.5546
erc721,C2_create_with_attributes,10,46.938853
erc721,C2_create_with_attributes,11,43.321635
erc721,C2_create_with_attributes,12,42.925836
erc721,C2_create_with_attributes,13,42.685916
erc721,C2_create_with_attributes,14,46.483944
erc721,C2_create_with_attributes,15,46.28186
erc721,C2_create_with_attributes,16,32.702294
erc721,C2_create_with_attributes,17,29.269418
erc721,C2_create_with_attributes,18,35.348096
erc721,C2_create_with_attributes,19,32.84603
erc721,C2_create_with_attributes,20,26.291927
erc721,C2_create_with_attributes,21,25.955364
erc721,C2_create_with_attributes,22,38.771846
erc721,C2_create_with_attributes,23,40.507721
erc721,C2_create_with_attributes,24,41.352353
erc721,C2_create_with_attributes,25,27.563353
erc721,C2_create_with_attributes,26,27.783968
erc721,C2_create_with_attributes,27,29.025856
erc721,C2_create_with_attributes,28,35.982208
erc721,C2_create_with_attributes,29,36.852904
erc721,R1_resolve_owner,0,2.636929
erc721,R1_resolve_owner,1,2.54982
erc721,R1_resolve_owner,2,2.339949
erc721,R1_resolve_owner,3,2.817269
erc721,R1_resolve_owner,4,2.611382
erc721,R1_resolve_owner,5,2.708431
erc721,R1_resolve_owner,6,2.459324
erc721,R1_resolve_owner,7,2.743695
erc721,R1_resolve_owner,8,2.7482
erc721,R1_resolve_owner,9,3.288146
erc721,R1_resolve_owner,10,2.614557
erc721,R1_resolve_owner,11,2.254154
erc721,R1_resolve_owner,12,2.647869
erc721,R1_resolve_owner,13,2.217568
erc721,R1_resolve_owner,14,2.087561
erc721,R1_resolve_owner,15,2.454296
erc721,R1_resolve_owner,16,2.507444
erc721,R1_resolve_owner,17,2.17594
erc721,R1_resolve_owner,18,2.677256
erc721,R1_resolve_owner,19,2.471729
erc721,R1_resolve_owner,20,2.453545
erc721,R1_resolve_owner,21,2.424599
erc721,R1_resolve_owner,22,2.349663
erc721,R1_resolve_owner,23,2.648261
erc721,R1_resolve_owner,24,2.994288
erc721,R1_resolve_owner,25,2.420189
erc721,R1_resolve_owner,26,2.351771
erc721,R1_resolve_owner,27,2.625495
erc721,R1_resolve_owner,28,2.904444
erc721,R1_resolve_owner,29,2.336383
erc721,R2_resolve_by_vin,0,2.488367
erc721,R2_resolve_by_vin,1,2.535204
erc721,R2_resolve_by_vin,2,2.660962
erc721,R2_resolve_by_vin,3,2.675007
erc721,R2_resolve_by_vin,4,2.734716
erc721,R2_resolve_by_vin,5,2.640286
erc721,R2_resolve_by_vin,6,2.50719
erc721,R2_resolve_by_vin,7,2.560697
erc721,R2_resolve_by_vin,8,2.622419
erc721,R2_resolve_by_vin,9,2.660386
erc721,R2_resolve_by_vin,10,2.974716
erc721,R2_resolve_by_vin,11,2.502478
erc721,R2_resolve_by_vin,12,2.414087
erc721,R2_resolve_by_vin,13,2.838423
erc721,R2_resolve_by_vin,14,3.648831
erc721,R2_resolve_by_vin,15,2.59988
erc721,R2_resolve_by_vin,16,2.548298
erc721,R2_resolve_by_vin,17,2.208178
erc721,R2_resolve_by_vin,18,2.230074
erc721,R2_resolve_by_vin,19,2.467956
erc721,R2_resolve_by_vin,20,2.106827
erc721,R2_resolve_by_vin,21,1.9449
erc721,R2_resolve_by_vin,22,2.517633
erc721,R2_resolve_by_vin,23,3.253535
erc721,R2_resolve_by_vin,24,2.376159
erc721,R2_resolve_by_vin,25,2.838601
erc721,R2_resolve_by_vin,26,2.20819
erc721,R2_resolve_by_vin,27,2.083976
erc721,R2_resolve_by_vin,28,2.594387
erc721,R2_resolve_by_vin,29,2.059075
erc721,R3_resolve_document,0,11.545311
erc721,R3_resolve_document,1,11.74276
erc721,R3_resolve_document,2,24.375169
erc721,R3_resolve_document,3,9.629781
erc721,R3_resolve_document,4,7.932444
erc721,R3_resolve_document,5,7.835826
erc721,R3_resolve_document,6,32.720801
erc721,R3_resolve_document,7,27.985002
erc721,R3_resolve_document,8,29.195122
erc721,R3_resolve_document,9,9.744832
erc721,R3_resolve_document,10,7.204145
erc721,R3_resolve_document,11,9.002623
erc721,R3_resolve_document,12,8.093864
erc721,R3_resolve_document,13,7.751275
erc721,R3_resolve_document,14,7.901246
erc721,R3_resolve_document,15,7.136903
erc721,R3_resolve_document,16,21.397163
erc721,R3_resolve_document,17,9.431824
erc721,R3_resolve_document,18,28.534166
erc721,R3_resolve_document,19,9.549726
erc721,R3_resolve_document,20,19.240352
erc721,R3_resolve_document,21,7.452147
erc721,R3_resolve_document,22,21.769203
erc721,R3_resolve_document,23,28.309917
erc721,R3_resolve_document,24,7.083512
erc721,R3_resolve_document,25,7.598122
erc721,R3_resolve_document,26,7.553201
erc721,R3_resolve_document,27,20.029077
erc721,R3_resolve_document,28,7.746771
erc721,R3_resolve_document,29,9.666648
erc721,R4_verify_delegate,0,2.141324
erc721,R4_verify_delegate,1,15.739831
erc721,R4_verify_delegate,2,3.158309
erc721,R4_verify_delegate,3,2.760963
erc721,R4_verify_delegate,4,2.157826
erc721,R4_verify_delegate,5,2.543973
erc721,R4_verify_delegate,6,2.138113
erc721,R4_verify_delegate,7,2.376691
erc721,R4_verify_delegate,8,3.48077
erc721,R4_verify_delegate,9,2.533343
erc721,R4_verify_delegate,10,2.312374
erc721,R4_verify_delegate,11,2.278354
erc721,R4_verify_delegate,12,2.592908
erc721,R4_verify_delegate,13,2.120823
erc721,R4_verify_delegate,14,2.347429
erc721,R4_verify_delegate,15,2.021659
erc721,R4_verify_delegate,16,2.295363
erc721,R4_verify_delegate,17,2.081928
erc721,R4_verify_delegate,18,1.992026
erc721,R4_verify_delegate,19,2.315825
erc721,R4_verify_delegate,20,2.145238
erc721,R4_verify_delegate,21,2.188031
erc721,R4_verify_delegate,22,2.038268
erc721,R4_verify_delegate,23,2.113952
erc721,R4_verify_delegate,24,2.378544
erc721,R4_verify_delegate,25,2.183097
erc721,R4_verify_delegate,26,2.060675
erc721,R4_verify_delegate,27,2.203367
erc721,R4_verify_delegate,28,2.122863
erc721,R4_verify_delegate,29,2.565231
erc721,U1_rotate_controller,0,19.262424
erc721,U1_rotate_controller,1,22.855472
erc721,U1_rotate_controller,2,24.319805
erc721,U1_rotate_controller,3,23.746871
erc721,U1_rotate_controller,4,37.609768
erc721,U1_rotate_controller,5,19.156859
erc721,U1_rotate_controller,6,45.696747
erc721,U1_rotate_controller,7,30.847487
erc721,U1_rotate_controller,8,32.723465
erc721,U1_rotate_controller,9,23.888122
erc721,U1_rotate_controller,10,22.616706
erc721,U1_rotate_controller,11,24.081416
erc721,U1_rotate_controller,12,19.525697
erc721,U1_rotate_controller,13,20.720944
erc721,U1_rotate_controller,14,23.328196
erc721,U1_rotate_controller,15,23.292001
erc721,U1_rotate_controller,16,23.088132
erc721,U1_rotate_controller,17,21.884623
erc721,U1_rotate_controller,18,22.317292
erc721,U1_rotate_controller,19,20.90453
erc721,U1_rotate_controller,20,20.280884
erc721,U1_rotate_controller,21,27.559721
erc721,U1_rotate_controller,22,24.246824
erc721,U1_rotate_controller,23,19.149647
erc721,U1_rotate_controller,24,20.110284
erc721,U1_rotate_controller,25,23.610752
erc721,U1_rotate_controller,26,20.981689
erc721,U1_rotate_controller,27,22.190918
erc721,U1_rotate_controller,28,27.447414
erc721,U1_rotate_controller,29,20.136041
erc721,U2_add_delegate,0,13.990564
erc721,U2_add_delegate,1,18.308989
erc721,U2_add_delegate,2,15.339461
erc721,U2_add_delegate,3,16.087728
erc721,U2_add_delegate,4,15.731329
erc721,U2_add_delegate,5,22.731954
erc721,U2_add_delegate,6,21.814899
erc721,U2_add_delegate,7,16.678208
erc721,U2_add_delegate,8,15.269381
erc721,U2_add_delegate,9,16.574011
erc721,U2_add_delegate,10,15.596618
erc721,U2_add_delegate,11,18.130106
erc721,U2_add_delegate,12,21.572878
erc721,U2_add_delegate,13,27.611856
erc721,U2_add_delegate,14,22.023372
erc721,U2_add_delegate,15,21.867321
erc721,U2_add_delegate,16,18.331574
erc721,U2_add_delegate,17,19.657659
erc721,U2_add_delegate,18,20.55011
erc721,U2_add_delegate,19,17.107994
erc721,U2_add_delegate,20,15.044283
erc721,U2_add_delegate,21,23.388139
erc721,U2_add_delegate,22,19.029822
erc721,U2_add_delegate,23,16.146198
erc721,U2_add_delegate,24,16.179002
erc721,U2_add_delegate,25,21.49026
erc721,U2_add_delegate,26,19.825896
erc721,U2_add_delegate,27,25.240336
erc721,U2_add_delegate,28,17.184948
erc721,U2_add_delegate,29,18.832065
erc721,U3_set_attribute,0,17.863187
erc721,U3_set_attribute,1,22.500326
erc721,U3_set_attribute,2,29.036054
erc721,U3_set_attribute,3,22.026796
erc721,U3_set_attribute,4,19.677571
erc721,U3_set_attribute,5,23.188375
erc721,U3_set_attribute,6,16.747357
erc721,U3_set_attribute,7,24.244092
erc721,U3_set_attribute,8,16.856168
erc721,U3_set_attribute,9,26.502272
erc721,U3_set_attribute,10,21.764243
erc721,U3_set_attribute,11,26.575138
erc721,U3_set_attribute,12,19.509437
erc721,U3_set_attribute,13,17.109746
erc721,U3_set_attribute,14,21.761409
erc721,U3_set_attribute,15,19.91322
erc721,U3_set_attribute,16,27.3809
erc721,U3_set_attribute,17,21.147986
erc721,U3_set_attribute,18,19.639809
erc721,U3_set_attribute,19,25.723402
erc721,U3_set_attribute,20,22.019658
erc721,U3_set_attribute,21,23.795232
erc721,U3_set_attribute,22,17.7029
erc721,U3_set_attribute,23,17.673807
erc721,U3_set_attribute,24,19.718565
erc721,U3_set_attribute,25,20.033417
erc721,U3_set_attribute,26,20.00829
erc721,U3_set_attribute,27,18.012121
erc721,U3_set_attribute,28,17.134862
erc721,U3_set_attribute,29,19.237522
erc721,U4_transfer_vehicle,0,30.35431
erc721,U4_transfer_vehicle,1,32.935922
erc721,U4_transfer_vehicle,2,34.84361
erc721,U4_transfer_vehicle,3,33.170016
erc721,U4_transfer_vehicle,4,30.221482
erc721,U4_transfer_vehicle,5,34.205427
erc721,U4_transfer_vehicle,6,55.191855
erc721,U4_transfer_vehicle,7,21.412408
erc721,U4_transfer_vehicle,8,29.387769
erc721,U4_transfer_vehicle,9,25.477268
erc721,U4_transfer_vehicle,10,17.73321
erc721,U4_transfer_vehicle,11,28.4508
erc721,U4_transfer_vehicle,12,21.340794
erc721,U4_transfer_vehicle,13,35.576758
erc721,U4_transfer_vehicle,14,22.380447
erc721,U4_transfer_vehicle,15,26.535881
erc721,U4_transfer_vehicle,16,28.394874
erc721,U4_transfer_vehicle,17,26.217441
erc721,U4_transfer_vehicle,18,37.856952
erc721,U4_transfer_vehicle,19,28.533633
erc721,U4_transfer_vehicle,20,42.797809
erc721,U4_transfer_vehicle,21,19.984692
erc721,U4_transfer_vehicle,22,21.423963
erc721,U4_transfer_vehicle,23,22.726248
erc721,U4_transfer_vehicle,24,30.932248
erc721,U4_transfer_vehicle,25,29.469977
erc721,U4_transfer_vehicle,26,32.112732
erc721,U4_transfer_vehicle,27,40.249276
erc721,U4_transfer_vehicle,28,28.702691
erc721,U4_transfer_vehicle,29,23.12687
erc721,D1_revoke_delegate,0,22.656277
erc721,D1_revoke_delegate,1,17.96186
erc721,D1_revoke_delegate,2,17.242566
erc721,D1_revoke_delegate,3,17.007808
erc721,D1_revoke_delegate,4,20.091104
erc721,D1_revoke_delegate,5,24.959322
erc721,D1_revoke_delegate,6,19.305633
erc721,D1_revoke_delegate,7,14.629785
erc721,D1_revoke_delegate,8,31.964699
erc721,D1_revoke_delegate,9,16.785576
erc721,D1_revoke_delegate,10,21.478863
erc721,D1_revoke_delegate,11,37.441895
erc721,D1_revoke_delegate,12,17.870271
erc721,D1_revoke_delegate,13,20.596451
erc721,D1_revoke_delegate,14,28.157602
erc721,D1_revoke_delegate,15,24.049199
erc721,D1_revoke_delegate,16,19.250458
erc721,D1_revoke_delegate,17,16.950525
erc721,D1_revoke_delegate,18,25.811644
erc721,D1_revoke_delegate,19,24.019736
erc721,D1_revoke_delegate,20,23.968349
erc721,D1_revoke_delegate,21,27.727577
erc721,D1_revoke_delegate,22,24.586589
erc721,D1_revoke_delegate,23,37.962964
erc721,D1_revoke_delegate,24,23.521058
erc721,D1_revoke_delegate,25,22.741749
erc721,D1_revoke_delegate,26,25.900205
erc721,D1_revoke_delegate,27,24.946402
erc721,D1_revoke_delegate,28,23.761904
erc721,D1_revoke_delegate,29,50.652315
erc721,D3_deactivate_identity,0,23.519197
erc721,D3_deactivate_identity,1,21.69835
erc721,D3_deactivate_identity,2,48.78342
erc721,D3_deactivate_identity,3,16.456485
erc721,D3_deactivate_identity,4,16.969591
erc721,D3_deactivate_identity,5,21.621438
erc721,D3_deactivate_identity,6,23.63209
erc721,D3_deactivate_identity,7,22.950829
erc721,D3_deactivate_identity,8,21.427403
erc721,D3_deactivate_identity,9,17.922256
erc721,D3_deactivate_identity,10,25.018864
erc721,D3_deactivate_identity,11,18.261038
erc721,D3_deactivate_identity,12,28.171628
erc721,D3_deactivate_identity,13,15.246836
erc721,D3_deactivate_identity,14,14.345339
erc721,D3_deactivate_identity,15,31.117102
erc721,D3_deactivate_identity,16,21.762231
erc721,D3_deactivate_identity,17,20.293328
erc721,D3_deactivate_identity,18,18.498725
erc721,D3_deactivate_identity,19,22.395242
erc721,D3_deactivate_identity,20,19.786006
erc721,D3_deactivate_identity,21,18.583525
erc721,D3_deactivate_identity,22,18.261578
erc721,D3_deactivate_identity,23,16.568037
erc721,D3_deactivate_identity,24,19.312906
erc721,D3_deactivate_identity,25,17.715058
erc721,D3_deactivate_identity,26,18.64174
erc721,D3_deactivate_identity,27,23.398059
erc721,D3_deactivate_identity,28,21.525348
erc721,D3_deactivate_identity,29,21.001944
erc721,V1_issuer_key_anchor,0,33.309266
erc721,V1_issuer_key_anchor,1,30.314675
erc721,V1_issuer_key_anchor,2,27.861246
erc721,V1_issuer_key_anchor,3,24.537605
erc721,V1_issuer_key_anchor,4,24.763523
erc721,V1_issuer_key_anchor,5,26.855003
erc721,V1_issuer_key_anchor,6,26.942374
erc721,V1_issuer_key_anchor,7,23.777696
erc721,V1_issuer_key_anchor,8,34.767697
erc721,V1_issuer_key_anchor,9,28.512337
erc721,V1_issuer_key_anchor,10,32.108276
erc721,V1_issuer_key_anchor,11,32.447881
erc721,V1_issuer_key_anchor,12,31.683244
erc721,V1_issuer_key_anchor,13,31.379314
erc721,V1_issuer_key_anchor,14,36.91822
erc721,V1_issuer_key_anchor,15,33.237129
erc721,V1_issuer_key_anchor,16,24.283621
erc721,V1_issuer_key_anchor,17,23.504713
erc721,V1_issuer_key_anchor,18,33.055247
erc721,V1_issuer_key_anchor,19,25.457789
erc721,V1_issuer_key_anchor,20,27.036571
erc721,V1_issuer_key_anchor,21,26.084642
erc721,V1_issuer_key_anchor,22,31.451375
erc721,V1_issuer_key_anchor,23,34.053177
erc721,V1_issuer_key_anchor,24,25.039563
erc721,V1_issuer_key_anchor,25,25.698364
erc721,V1_issuer_key_anchor,26,30.226057
erc721,V1_issuer_key_anchor,27,31.314425
erc721,V1_issuer_key_anchor,28,26.555043
erc721,V1_issuer_key_anchor,29,21.179514
erc721,V3_anchor_status,0,20.331861
erc721,V3_anchor_status,1,27.414337
erc721,V3_anchor_status,2,21.810175
erc721,V3_anchor_status,3,19.308909
erc721,V3_anchor_status,4,19.371184
erc721,V3_anchor_status,5,27.14188
erc721,V3_anchor_status,6,20.921736
erc721,V3_anchor_status,7,24.13482
erc721,V3_anchor_status,8,18.194897
erc721,V3_anchor_status,9,20.058265
erc721,V3_anchor_status,10,18.643256
erc721,V3_anchor_status,11,17.401416
erc721,V3_anchor_status,12,18.961685
erc721,V3_anchor_status,13,16.565191
erc721,V3_anchor_status,14,25.648669
erc721,V3_anchor_status,15,19.286828
erc721,V3_anchor_status,16,20.086249
erc721,V3_anchor_status,17,23.834244
erc721,V3_anchor_status,18,27.450591
erc721,V3_anchor_status,19,27.225608
erc721,V3_anchor_status,20,24.848093
erc721,V3_anchor_status,21,25.176148
erc721,V3_anchor_status,22,19.284678
erc721,V3_anchor_status,23,21.847114
erc721,V3_anchor_status,24,19.549399
erc721,V3_anchor_status,25,33.824505
erc721,V3_anchor_status,26,18.207818
erc721,V3_anchor_status,27,21.001904
erc721,V3_anchor_status,28,23.351469
erc721,V3_anchor_status,29,21.750132
erc721,V5_revoke_credential,0,24.136184
erc721,V5_revoke_credential,1,24.591643
erc721,V5_revoke_credential,2,22.341736
erc721,V5_revoke_credential,3,31.107761
erc721,V5_revoke_credential,4,15.953219
erc721,V5_revoke_credential,5,17.293035
erc721,V5_revoke_credential,6,15.813422
erc721,V5_revoke_credential,7,18.282458
erc721,V5_revoke_credential,8,22.376971
erc721,V5_revoke_credential,9,14.754707
erc721,V5_revoke_credential,10,24.768227
erc721,V5_revoke_credential,11,20.120439
erc721,V5_revoke_credential,12,37.623508
erc721,V5_revoke_credential,13,25.90585
erc721,V5_revoke_credential,14,22.051332
erc721,V5_revoke_credential,15,20.1823
erc721,V5_revoke_credential,16,20.030631
erc721,V5_revoke_credential,17,20.190353
erc721,V5_revoke_credential,18,17.876944
erc721,V5_revoke_credential,19,17.494691
erc721,V5_revoke_credential,20,19.508521
erc721,V5_revoke_credential,21,19.894726
erc721,V5_revoke_credential,22,23.785018
erc721,V5_revoke_credential,23,23.373638
erc721,V5_revoke_credential,24,21.147819
erc721,V5_revoke_credential,25,22.292414
erc721,V5_revoke_credential,26,21.74601
erc721,V5_revoke_credential,27,27.654765
erc721,V5_revoke_credential,28,21.500447
erc721,V5_revoke_credential,29,19.919577
erc721,V6_status_check,0,2.35196
erc721,V6_status_check,1,4.371897
erc721,V6_status_check,2,5.404652
erc721,V6_status_check,3,5.050652
erc721,V6_status_check,4,3.027513
erc721,V6_status_check,5,3.286438
erc721,V6_status_check,6,7.382008
erc721,V6_status_check,7,3.965306
erc721,V6_status_check,8,3.387644
erc721,V6_status_check,9,2.582232
erc721,V6_status_check,10,2.651719
erc721,V6_status_check,11,2.678285
erc721,V6_status_check,12,3.60216
erc721,V6_status_check,13,2.85208
erc721,V6_status_check,14,3.471695
erc721,V6_status_check,15,2.805837
erc721,V6_status_check,16,2.568194
erc721,V6_status_check,17,2.421706
erc721,V6_status_check,18,2.369902
erc721,V6_status_check,19,2.154375
erc721,V6_status_check,20,1.738983
erc721,V6_status_check,21,1.766781
erc721,V6_status_check,22,1.647374
erc721,V6_status_check,23,1.497484
erc721,V6_status_check,24,1.613038
erc721,V6_status_check,25,1.463794
erc721,V6_status_check,26,1.802903
erc721,V6_status_check,27,2.069534
erc721,V6_status_check,28,2.371571
erc721,V6_status_check,29,2.256321
erc725,C1_create_identity,0,41.1647
erc725,C1_create_identity,1,44.838641
erc725,C1_create_identity,2,60.565251
erc725,C1_create_identity,3,46.304873
erc725,C1_create_identity,4,42.281385
erc725,C1_create_identity,5,43.16805
erc725,C1_create_identity,6,49.718598
erc725,C1_create_identity,7,45.143963
erc725,C1_create_identity,8,47.644756
erc725,C1_create_identity,9,57.13792
erc725,C1_create_identity,10,48.878908
erc725,C1_create_identity,11,42.418728
erc725,C1_create_identity,12,63.009849
erc725,C1_create_identity,13,40.5371
erc725,C1_create_identity,14,40.254377
erc725,C1_create_identity,15,42.892394
erc725,C1_create_identity,16,46.140235
erc725,C1_create_identity,17,45.969359
erc725,C1_create_identity,18,39.222992
erc725,C1_create_identity,19,40.039991
erc725,C1_create_identity,20,39.805838
erc725,C1_create_identity,21,39.516863
erc725,C1_create_identity,22,46.673704
erc725,C1_create_identity,23,47.442784
erc725,C1_create_identity,24,63.355476
erc725,C1_create_identity,25,56.297599
erc725,C1_create_identity,26,54.579821
erc725,C1_create_identity,27,45.533847
erc725,C1_create_identity,28,38.106192
erc725,C1_create_identity,29,52.390597
erc725,C2_create_with_attributes,0,196.669372
erc725,C2_create_with_attributes,1,156.352233
erc725,C2_create_with_attributes,2,151.583207
erc725,C2_create_with_attributes,3,149.896563
erc725,C2_create_with_attributes,4,152.833029
erc725,C2_create_with_attributes,5,179.215448
erc725,C2_create_with_attributes,6,183.127675
erc725,C2_create_with_attributes,7,180.894581
erc725,C2_create_with_attributes,8,189.370152
erc725,C2_create_with_attributes,9,212.643231
erc725,C2_create_with_attributes,10,198.702939
erc725,C2_create_with_attributes,11,155.743241
erc725,C2_create_with_attributes,12,219.799373
erc725,C2_create_with_attributes,13,227.124246
erc725,C2_create_with_attributes,14,209.290225
erc725,C2_create_with_attributes,15,189.404983
erc725,C2_create_with_attributes,16,177.914622
erc725,C2_create_with_attributes,17,175.927696
erc725,C2_create_with_attributes,18,165.607001
erc725,C2_create_with_attributes,19,199.515955
erc725,C2_create_with_attributes,20,216.991125
erc725,C2_create_with_attributes,21,189.456782
erc725,C2_create_with_attributes,22,204.591566
erc725,C2_create_with_attributes,23,178.408022
erc725,C2_create_with_attributes,24,233.498611
erc725,C2_create_with_attributes,25,250.590248
erc725,C2_create_with_attributes,26,189.04321
erc725,C2_create_with_attributes,27,247.60791
erc725,C2_create_with_attributes,28,185.532173
erc725,C2_create_with_attributes,29,190.174662
erc725,R1_resolve_owner,0,1.558035
erc725,R1_resolve_owner,1,1.43767
erc725,R1_resolve_owner,2,1.486845
erc725,R1_resolve_owner,3,1.583247
erc725,R1_resolve_owner,4,1.472
erc725,R1_resolve_owner,5,1.83077
erc725,R1_resolve_owner,6,1.510004
erc725,R1_resolve_owner,7,1.706112
erc725,R1_resolve_owner,8,1.81299
erc725,R1_resolve_owner,9,1.636801
erc725,R1_resolve_owner,10,1.642398
erc725,R1_resolve_owner,11,1.595263
erc725,R1_resolve_owner,12,1.271315
erc725,R1_resolve_owner,13,1.392346
erc725,R1_resolve_owner,14,1.242803
erc725,R1_resolve_owner,15,1.504094
erc725,R1_resolve_owner,16,1.49802
erc725,R1_resolve_owner,17,1.83316
erc725,R1_resolve_owner,18,1.692066
erc725,R1_resolve_owner,19,1.664251
erc725,R1_resolve_owner,20,1.710584
erc725,R1_resolve_owner,21,1.720261
erc725,R1_resolve_owner,22,1.870125
erc725,R1_resolve_owner,23,1.779795
erc725,R1_resolve_owner,24,1.683981
erc725,R1_resolve_owner,25,1.672557
erc725,R1_resolve_owner,26,1.711891
erc725,R1_resolve_owner,27,1.793875
erc725,R1_resolve_owner,28,1.412889
erc725,R1_resolve_owner,29,1.287158
erc725,R3_resolve_document,0,19.161345
erc725,R3_resolve_document,1,19.574464
erc725,R3_resolve_document,2,17.339704
erc725,R3_resolve_document,3,18.276955
erc725,R3_resolve_document,4,20.446275
erc725,R3_resolve_document,5,17.64113
erc725,R3_resolve_document,6,16.69686
erc725,R3_resolve_document,7,16.63295
erc725,R3_resolve_document,8,16.158212
erc725,R3_resolve_document,9,25.247938
erc725,R3_resolve_document,10,18.955053
erc725,R3_resolve_document,11,23.412229
erc725,R3_resolve_document,12,28.134492
erc725,R3_resolve_document,13,24.326733
erc725,R3_resolve_document,14,32.780997
erc725,R3_resolve_document,15,22.860734
erc725,R3_resolve_document,16,24.266018
erc725,R3_resolve_document,17,41.611695
erc725,R3_resolve_document,18,23.601512
erc725,R3_resolve_document,19,28.062296
erc725,R3_resolve_document,20,30.433562
erc725,R3_resolve_document,21,29.427886
erc725,R3_resolve_document,22,30.572737
erc725,R3_resolve_document,23,26.748718
erc725,R3_resolve_document,24,25.977318
erc725,R3_resolve_document,25,41.063438
erc725,R3_resolve_document,26,23.33642
erc725,R3_resolve_document,27,21.905233
erc725,R3_resolve_document,28,19.058768
erc725,R3_resolve_document,29,20.643883
erc725,R4_verify_delegate,0,1.816114
erc725,R4_verify_delegate,1,1.892712
erc725,R4_verify_delegate,2,2.134773
erc725,R4_verify_delegate,3,2.09393
erc725,R4_verify_delegate,4,1.96052
erc725,R4_verify_delegate,5,2.096858
erc725,R4_verify_delegate,6,1.822034
erc725,R4_verify_delegate,7,2.012611
erc725,R4_verify_delegate,8,1.859722
erc725,R4_verify_delegate,9,1.700031
erc725,R4_verify_delegate,10,1.947166
erc725,R4_verify_delegate,11,1.796099
erc725,R4_verify_delegate,12,1.729734
erc725,R4_verify_delegate,13,1.466461
erc725,R4_verify_delegate,14,1.627702
erc725,R4_verify_delegate,15,1.81086
erc725,R4_verify_delegate,16,1.516334
erc725,R4_verify_delegate,17,1.715471
erc725,R4_verify_delegate,18,1.578082
erc725,R4_verify_delegate,19,1.50465
erc725,R4_verify_delegate,20,1.61678
erc725,R4_verify_delegate,21,1.337272
erc725,R4_verify_delegate,22,1.56234
erc725,R4_verify_delegate,23,1.424471
erc725,R4_verify_delegate,24,1.455768
erc725,R4_verify_delegate,25,1.439587
erc725,R4_verify_delegate,26,1.463856
erc725,R4_verify_delegate,27,1.331044
erc725,R4_verify_delegate,28,1.60219
erc725,R4_verify_delegate,29,1.488677
erc725,U1_rotate_controller,0,28.328012
erc725,U1_rotate_controller,1,26.029038
erc725,U1_rotate_controller,2,22.775371
erc725,U1_rotate_controller,3,19.597075
erc725,U1_rotate_controller,4,20.628139
erc725,U1_rotate_controller,5,18.497601
erc725,U1_rotate_controller,6,22.448969
erc725,U1_rotate_controller,7,17.845057
erc725,U1_rotate_controller,8,27.335947
erc725,U1_rotate_controller,9,19.185112
erc725,U1_rotate_controller,10,18.304236
erc725,U1_rotate_controller,11,16.503493
erc725,U1_rotate_controller,12,15.19161
erc725,U1_rotate_controller,13,20.598569
erc725,U1_rotate_controller,14,17.305901
erc725,U1_rotate_controller,15,24.107654
erc725,U1_rotate_controller,16,21.478683
erc725,U1_rotate_controller,17,15.27658
erc725,U1_rotate_controller,18,16.021226
erc725,U1_rotate_controller,19,17.261274
erc725,U1_rotate_controller,20,14.795867
erc725,U1_rotate_controller,21,16.637478
erc725,U1_rotate_controller,22,15.882452
erc725,U1_rotate_controller,23,16.250246
erc725,U1_rotate_controller,24,18.547793
erc725,U1_rotate_controller,25,21.22954
erc725,U1_rotate_controller,26,18.517831
erc725,U1_rotate_controller,27,16.386014
erc725,U1_rotate_controller,28,19.036246
erc725,U1_rotate_controller,29,17.248362
erc725,U2_add_delegate,0,18.769898
erc725,U2_add_delegate,1,21.289422
erc725,U2_add_delegate,2,37.984704
erc725,U2_add_delegate,3,23.307703
erc725,U2_add_delegate,4,18.211573
erc725,U2_add_delegate,5,23.674192
erc725,U2_add_delegate,6,16.555602
erc725,U2_add_delegate,7,17.993149
erc725,U2_add_delegate,8,26.070069
erc725,U2_add_delegate,9,23.647811
erc725,U2_add_delegate,10,20.465114
erc725,U2_add_delegate,11,16.242457
erc725,U2_add_delegate,12,16.246658
erc725,U2_add_delegate,13,18.307055
erc725,U2_add_delegate,14,18.593284
erc725,U2_add_delegate,15,20.777881
erc725,U2_add_delegate,16,23.925915
erc725,U2_add_delegate,17,18.422703
erc725,U2_add_delegate,18,17.989253
erc725,U2_add_delegate,19,21.777567
erc725,U2_add_delegate,20,19.451409
erc725,U2_add_delegate,21,20.565755
erc725,U2_add_delegate,22,18.836121
erc725,U2_add_delegate,23,26.434447
erc725,U2_add_delegate,24,19.434572
erc725,U2_add_delegate,25,14.280289
erc725,U2_add_delegate,26,15.444545
erc725,U2_add_delegate,27,15.222493
erc725,U2_add_delegate,28,18.882012
erc725,U2_add_delegate,29,18.780604
erc725,U3_set_attribute,0,17.431423
erc725,U3_set_attribute,1,22.750334
erc725,U3_set_attribute,2,19.666243
erc725,U3_set_attribute,3,17.091735
erc725,U3_set_attribute,4,16.319859
erc725,U3_set_attribute,5,14.019676
erc725,U3_set_attribute,6,20.992337
erc725,U3_set_attribute,7,25.31051
erc725,U3_set_attribute,8,22.586372
erc725,U3_set_attribute,9,17.482536
erc725,U3_set_attribute,10,17.343252
erc725,U3_set_attribute,11,14.611062
erc725,U3_set_attribute,12,20.52073
erc725,U3_set_attribute,13,20.434821
erc725,U3_set_attribute,14,29.91985
erc725,U3_set_attribute,15,21.200708
erc725,U3_set_attribute,16,19.673643
erc725,U3_set_attribute,17,15.552611
erc725,U3_set_attribute,18,15.853561
erc725,U3_set_attribute,19,13.961093
erc725,U3_set_attribute,20,17.910099
erc725,U3_set_attribute,21,17.719668
erc725,U3_set_attribute,22,17.005699
erc725,U3_set_attribute,23,19.158931
erc725,U3_set_attribute,24,16.956269
erc725,U3_set_attribute,25,15.853703
erc725,U3_set_attribute,26,18.972436
erc725,U3_set_attribute,27,16.922936
erc725,U3_set_attribute,28,16.094571
erc725,U3_set_attribute,29,16.607183
erc725,U4_transfer_vehicle,0,19.975032
erc725,U4_transfer_vehicle,1,21.402161
erc725,U4_transfer_vehicle,2,23.084116
erc725,U4_transfer_vehicle,3,18.012991
erc725,U4_transfer_vehicle,4,16.86191
erc725,U4_transfer_vehicle,5,22.491078
erc725,U4_transfer_vehicle,6,18.680314
erc725,U4_transfer_vehicle,7,17.146473
erc725,U4_transfer_vehicle,8,20.67404
erc725,U4_transfer_vehicle,9,21.515059
erc725,U4_transfer_vehicle,10,18.790168
erc725,U4_transfer_vehicle,11,17.884044
erc725,U4_transfer_vehicle,12,18.750188
erc725,U4_transfer_vehicle,13,17.626155
erc725,U4_transfer_vehicle,14,27.997368
erc725,U4_transfer_vehicle,15,15.032895
erc725,U4_transfer_vehicle,16,13.718558
erc725,U4_transfer_vehicle,17,27.766884
erc725,U4_transfer_vehicle,18,14.757732
erc725,U4_transfer_vehicle,19,15.11494
erc725,U4_transfer_vehicle,20,18.334256
erc725,U4_transfer_vehicle,21,13.458976
erc725,U4_transfer_vehicle,22,15.975642
erc725,U4_transfer_vehicle,23,16.198633
erc725,U4_transfer_vehicle,24,15.397622
erc725,U4_transfer_vehicle,25,18.231224
erc725,U4_transfer_vehicle,26,22.561921
erc725,U4_transfer_vehicle,27,19.503743
erc725,U4_transfer_vehicle,28,19.861909
erc725,U4_transfer_vehicle,29,21.083139
erc725,D1_revoke_delegate,0,69.997507
erc725,D1_revoke_delegate,1,28.223978
erc725,D1_revoke_delegate,2,25.998733
erc725,D1_revoke_delegate,3,27.672399
erc725,D1_revoke_delegate,4,31.765501
erc725,D1_revoke_delegate,5,23.840577
erc725,D1_revoke_delegate,6,17.051493
erc725,D1_revoke_delegate,7,20.031595
erc725,D1_revoke_delegate,8,17.740965
erc725,D1_revoke_delegate,9,20.283205
erc725,D1_revoke_delegate,10,28.010265
erc725,D1_revoke_delegate,11,26.406066
erc725,D1_revoke_delegate,12,26.054904
erc725,D1_revoke_delegate,13,27.747611
erc725,D1_revoke_delegate,14,34.06262
erc725,D1_revoke_delegate,15,16.521602
erc725,D1_revoke_delegate,16,24.141532
erc725,D1_revoke_delegate,17,24.895765
erc725,D1_revoke_delegate,18,22.702826
erc725,D1_revoke_delegate,19,27.850216
erc725,D1_revoke_delegate,20,18.698793
erc725,D1_revoke_delegate,21,24.351112
erc725,D1_revoke_delegate,22,37.917152
erc725,D1_revoke_delegate,23,26.414783
erc725,D1_revoke_delegate,24,22.928683
erc725,D1_revoke_delegate,25,33.989369
erc725,D1_revoke_delegate,26,20.382003
erc725,D1_revoke_delegate,27,17.971224
erc725,D1_revoke_delegate,28,18.718893
erc725,D1_revoke_delegate,29,30.2917
erc725,D2_revoke_attribute,0,41.573041
erc725,D2_revoke_attribute,1,21.942531
erc725,D2_revoke_attribute,2,26.167058
erc725,D2_revoke_attribute,3,43.823179
erc725,D2_revoke_attribute,4,19.625336
erc725,D2_revoke_attribute,5,26.266192
erc725,D2_revoke_attribute,6,20.156896
erc725,D2_revoke_attribute,7,20.878101
erc725,D2_revoke_attribute,8,26.393816
erc725,D2_revoke_attribute,9,21.65046
erc725,D2_revoke_attribute,10,21.326352
erc725,D2_revoke_attribute,11,29.094042
erc725,D2_revoke_attribute,12,22.08266
erc725,D2_revoke_attribute,13,22.798602
erc725,D2_revoke_attribute,14,20.958314
erc725,D2_revoke_attribute,15,24.846939
erc725,D2_revoke_attribute,16,23.859339
erc725,D2_revoke_attribute,17,22.247818
erc725,D2_revoke_attribute,18,21.919462
erc725,D2_revoke_attribute,19,20.915675
erc725,D2_revoke_attribute,20,32.098893
erc725,D2_revoke_attribute,21,24.665833
erc725,D2_revoke_attribute,22,22.083386
erc725,D2_revoke_attribute,23,32.373273
erc725,D2_revoke_attribute,24,35.960739
erc725,D2_revoke_attribute,25,21.863018
erc725,D2_revoke_attribute,26,20.480937
erc725,D2_revoke_attribute,27,26.968984
erc725,D2_revoke_attribute,28,24.552509
erc725,D2_revoke_attribute,29,19.477133
erc725,D3_deactivate_identity,0,18.967572
erc725,D3_deactivate_identity,1,19.364592
erc725,D3_deactivate_identity,2,19.096517
erc725,D3_deactivate_identity,3,21.488006
erc725,D3_deactivate_identity,4,21.775158
erc725,D3_deactivate_identity,5,19.899131
erc725,D3_deactivate_identity,6,17.695273
erc725,D3_deactivate_identity,7,20.029888
erc725,D3_deactivate_identity,8,17.076343
erc725,D3_deactivate_identity,9,21.338508
erc725,D3_deactivate_identity,10,15.527966
erc725,D3_deactivate_identity,11,15.950675
erc725,D3_deactivate_identity,12,18.198633
erc725,D3_deactivate_identity,13,15.022327
erc725,D3_deactivate_identity,14,25.85474
erc725,D3_deactivate_identity,15,20.705519
erc725,D3_deactivate_identity,16,16.529873
erc725,D3_deactivate_identity,17,16.577785
erc725,D3_deactivate_identity,18,18.726535
erc725,D3_deactivate_identity,19,23.34933
erc725,D3_deactivate_identity,20,15.096111
erc725,D3_deactivate_identity,21,20.025119
erc725,D3_deactivate_identity,22,15.361188
erc725,D3_deactivate_identity,23,14.34278
erc725,D3_deactivate_identity,24,14.431726
erc725,D3_deactivate_identity,25,19.773984
erc725,D3_deactivate_identity,26,13.970512
erc725,D3_deactivate_identity,27,23.526233
erc725,D3_deactivate_identity,28,16.947354
erc725,D3_deactivate_identity,29,17.350122
erc725,V1_issuer_key_anchor,0,35.396491
erc725,V1_issuer_key_anchor,1,18.652574
erc725,V1_issuer_key_anchor,2,22.218861
erc725,V1_issuer_key_anchor,3,25.419691
erc725,V1_issuer_key_anchor,4,21.692312
erc725,V1_issuer_key_anchor,5,21.613323
erc725,V1_issuer_key_anchor,6,25.024354
erc725,V1_issuer_key_anchor,7,20.480613
erc725,V1_issuer_key_anchor,8,24.97638
erc725,V1_issuer_key_anchor,9,20.605945
erc725,V1_issuer_key_anchor,10,24.426192
erc725,V1_issuer_key_anchor,11,16.478678
erc725,V1_issuer_key_anchor,12,19.591893
erc725,V1_issuer_key_anchor,13,18.027615
erc725,V1_issuer_key_anchor,14,23.710433
erc725,V1_issuer_key_anchor,15,21.694804
erc725,V1_issuer_key_anchor,16,22.738387
erc725,V1_issuer_key_anchor,17,22.659942
erc725,V1_issuer_key_anchor,18,20.090661
erc725,V1_issuer_key_anchor,19,21.837449
erc725,V1_issuer_key_anchor,20,25.372632
erc725,V1_issuer_key_anchor,21,23.903208
erc725,V1_issuer_key_anchor,22,16.621525
erc725,V1_issuer_key_anchor,23,19.321656
erc725,V1_issuer_key_anchor,24,18.064381
erc725,V1_issuer_key_anchor,25,14.202933
erc725,V1_issuer_key_anchor,26,20.001881
erc725,V1_issuer_key_anchor,27,14.941646
erc725,V1_issuer_key_anchor,28,18.033206
erc725,V1_issuer_key_anchor,29,21.313373
erc725,V3_anchor_status,0,17.599928
erc725,V3_anchor_status,1,16.700613
erc725,V3_anchor_status,2,17.687229
erc725,V3_anchor_status,3,19.903294
erc725,V3_anchor_status,4,28.488924
erc725,V3_anchor_status,5,20.449907
erc725,V3_anchor_status,6,26.225826
erc725,V3_anchor_status,7,19.331948
erc725,V3_anchor_status,8,19.136293
erc725,V3_anchor_status,9,20.938187
erc725,V3_anchor_status,10,22.562933
erc725,V3_anchor_status,11,18.446283
erc725,V3_anchor_status,12,23.321387
erc725,V3_anchor_status,13,26.238929
erc725,V3_anchor_status,14,22.43019
erc725,V3_anchor_status,15,17.152445
erc725,V3_anchor_status,16,23.567597
erc725,V3_anchor_status,17,16.557735
erc725,V3_anchor_status,18,21.950164
erc725,V3_anchor_status,19,21.050663
erc725,V3_anchor_status,20,14.117269
erc725,V3_anchor_status,21,16.850029
erc725,V3_anchor_status,22,18.331917
erc725,V3_anchor_status,23,25.316638
erc725,V3_anchor_status,24,16.162393
erc725,V3_anchor_status,25,19.344433
erc725,V3_anchor_status,26,15.311887
erc725,V3_anchor_status,27,14.679865
erc725,V3_anchor_status,28,25.842889
erc725,V3_anchor_status,29,17.679662
erc725,V5_revoke_credential,0,24.388906
erc725,V5_revoke_credential,1,15.567399
erc725,V5_revoke_credential,2,16.343138
erc725,V5_revoke_credential,3,23.050023
erc725,V5_revoke_credential,4,24.534577
erc725,V5_revoke_credential,5,22.652394
erc725,V5_revoke_credential,6,24.84153
erc725,V5_revoke_credential,7,25.586543
erc725,V5_revoke_credential,8,39.238681
erc725,V5_revoke_credential,9,23.018271
erc725,V5_revoke_credential,10,24.547578
erc725,V5_revoke_credential,11,20.958959
erc725,V5_revoke_credential,12,18.060448
erc725,V5_revoke_credential,13,21.084706
erc725,V5_revoke_credential,14,35.034095
erc725,V5_revoke_credential,15,23.830605
erc725,V5_revoke_credential,16,24.169312
erc725,V5_revoke_credential,17,29.29274
erc725,V5_revoke_credential,18,24.32328
erc725,V5_revoke_credential,19,24.581397
erc725,V5_revoke_credential,20,16.894415
erc725,V5_revoke_credential,21,17.514487
erc725,V5_revoke_credential,22,35.465683
erc725,V5_revoke_credential,23,20.598533
erc725,V5_revoke_credential,24,19.491831
erc725,V5_revoke_credential,25,16.696641
erc725,V5_revoke_credential,26,22.647904
erc725,V5_revoke_credential,27,17.254243
erc725,V5_revoke_credential,28,19.460905
erc725,V5_revoke_credential,29,34.964155
erc725,V6_status_check,0,1.395052
erc725,V6_status_check,1,1.4408
erc725,V6_status_check,2,1.226971
erc725,V6_status_check,3,1.563469
erc725,V6_status_check,4,1.697401
erc725,V6_status_check,5,2.548547
erc725,V6_status_check,6,1.979939
erc725,V6_status_check,7,1.436639
erc725,V6_status_check,8,2.19702
erc725,V6_status_check,9,1.732241
erc725,V6_status_check,10,1.844097
erc725,V6_status_check,11,1.563774
erc725,V6_status_check,12,1.573518
erc725,V6_status_check,13,1.520354
erc725,V6_status_check,14,1.393983
erc725,V6_status_check,15,1.751095
erc725,V6_status_check,16,1.338275
erc725,V6_status_check,17,1.584973
erc725,V6_status_check,18,1.467783
erc725,V6_status_check,19,1.745372
erc725,V6_status_check,20,1.553567
erc725,V6_status_check,21,1.426127
erc725,V6_status_check,22,1.56191
erc725,V6_status_check,23,1.158573
erc725,V6_status_check,24,1.579429
erc725,V6_status_check,25,1.3204
erc725,V6_status_check,26,1.521451
erc725,V6_status_check,27,1.345187
erc725,V6_status_check,28,1.240083
erc725,V6_status_check,29,1.759718
erc725xy,C1_create_identity,0,65.161521
erc725xy,C1_create_identity,1,99.622964
erc725xy,C1_create_identity,2,85.17225
erc725xy,C1_create_identity,3,106.209432
erc725xy,C1_create_identity,4,70.447559
erc725xy,C1_create_identity,5,82.94758
erc725xy,C1_create_identity,6,73.673139
erc725xy,C1_create_identity,7,74.74402
erc725xy,C1_create_identity,8,72.065233
erc725xy,C1_create_identity,9,68.702399
erc725xy,C1_create_identity,10,81.172317
erc725xy,C1_create_identity,11,76.364184
erc725xy,C1_create_identity,12,105.061796
erc725xy,C1_create_identity,13,74.698686
erc725xy,C1_create_identity,14,98.811198
erc725xy,C1_create_identity,15,93.370103
erc725xy,C1_create_identity,16,76.352032
erc725xy,C1_create_identity,17,75.845096
erc725xy,C1_create_identity,18,82.376202
erc725xy,C1_create_identity,19,69.169056
erc725xy,C1_create_identity,20,94.771654
erc725xy,C1_create_identity,21,82.4788
erc725xy,C1_create_identity,22,88.784722
erc725xy,C1_create_identity,23,68.594904
erc725xy,C1_create_identity,24,72.458816
erc725xy,C1_create_identity,25,74.825543
erc725xy,C1_create_identity,26,59.499773
erc725xy,C1_create_identity,27,63.820586
erc725xy,C1_create_identity,28,59.731406
erc725xy,C1_create_identity,29,59.214567
erc725xy,C2_create_with_attributes,0,85.273236
erc725xy,C2_create_with_attributes,1,85.574404
erc725xy,C2_create_with_attributes,2,94.628395
erc725xy,C2_create_with_attributes,3,75.643939
erc725xy,C2_create_with_attributes,4,75.778454
erc725xy,C2_create_with_attributes,5,89.343796
erc725xy,C2_create_with_attributes,6,73.850958
erc725xy,C2_create_with_attributes,7,84.528202
erc725xy,C2_create_with_attributes,8,93.506248
erc725xy,C2_create_with_attributes,9,104.792465
erc725xy,C2_create_with_attributes,10,108.450753
erc725xy,C2_create_with_attributes,11,105.327029
erc725xy,C2_create_with_attributes,12,81.720206
erc725xy,C2_create_with_attributes,13,84.737436
erc725xy,C2_create_with_attributes,14,86.806358
erc725xy,C2_create_with_attributes,15,91.518566
erc725xy,C2_create_with_attributes,16,95.026673
erc725xy,C2_create_with_attributes,17,92.528064
erc725xy,C2_create_with_attributes,18,89.632757
erc725xy,C2_create_with_attributes,19,82.615181
erc725xy,C2_create_with_attributes,20,84.845706
erc725xy,C2_create_with_attributes,21,87.461947
erc725xy,C2_create_with_attributes,22,90.678566
erc725xy,C2_create_with_attributes,23,92.807406
erc725xy,C2_create_with_attributes,24,115.623948
erc725xy,C2_create_with_attributes,25,102.554694
erc725xy,C2_create_with_attributes,26,80.686971
erc725xy,C2_create_with_attributes,27,120.535518
erc725xy,C2_create_with_attributes,28,124.652679
erc725xy,C2_create_with_attributes,29,88.1266
erc725xy,R1_resolve_owner,0,1.648105
erc725xy,R1_resolve_owner,1,1.33991
erc725xy,R1_resolve_owner,2,1.452269
erc725xy,R1_resolve_owner,3,1.367961
erc725xy,R1_resolve_owner,4,1.211926
erc725xy,R1_resolve_owner,5,1.273454
erc725xy,R1_resolve_owner,6,1.357529
erc725xy,R1_resolve_owner,7,1.343195
erc725xy,R1_resolve_owner,8,1.415997
erc725xy,R1_resolve_owner,9,1.266128
erc725xy,R1_resolve_owner,10,1.239475
erc725xy,R1_resolve_owner,11,1.201727
erc725xy,R1_resolve_owner,12,1.279116
erc725xy,R1_resolve_owner,13,1.157786
erc725xy,R1_resolve_owner,14,1.23812
erc725xy,R1_resolve_owner,15,1.180758
erc725xy,R1_resolve_owner,16,1.219949
erc725xy,R1_resolve_owner,17,1.290954
erc725xy,R1_resolve_owner,18,1.319272
erc725xy,R1_resolve_owner,19,1.246718
erc725xy,R1_resolve_owner,20,1.447822
erc725xy,R1_resolve_owner,21,1.384827
erc725xy,R1_resolve_owner,22,1.460011
erc725xy,R1_resolve_owner,23,1.754245
erc725xy,R1_resolve_owner,24,1.695317
erc725xy,R1_resolve_owner,25,1.428904
erc725xy,R1_resolve_owner,26,1.283533
erc725xy,R1_resolve_owner,27,1.228298
erc725xy,R1_resolve_owner,28,1.577419
erc725xy,R1_resolve_owner,29,1.503831
erc725xy,R3_resolve_document,0,8.580132
erc725xy,R3_resolve_document,1,5.270311
erc725xy,R3_resolve_document,2,5.315737
erc725xy,R3_resolve_document,3,7.404772
erc725xy,R3_resolve_document,4,5.175451
erc725xy,R3_resolve_document,5,5.052203
erc725xy,R3_resolve_document,6,3.590177
erc725xy,R3_resolve_document,7,3.921973
erc725xy,R3_resolve_document,8,3.570764
erc725xy,R3_resolve_document,9,4.342109
erc725xy,R3_resolve_document,10,3.886937
erc725xy,R3_resolve_document,11,3.218792
erc725xy,R3_resolve_document,12,16.687632
erc725xy,R3_resolve_document,13,4.240508
erc725xy,R3_resolve_document,14,3.015028
erc725xy,R3_resolve_document,15,4.137071
erc725xy,R3_resolve_document,16,4.10426
erc725xy,R3_resolve_document,17,5.448011
erc725xy,R3_resolve_document,18,4.430849
erc725xy,R3_resolve_document,19,19.306581
erc725xy,R3_resolve_document,20,4.237027
erc725xy,R3_resolve_document,21,3.892706
erc725xy,R3_resolve_document,22,3.142657
erc725xy,R3_resolve_document,23,16.102602
erc725xy,R3_resolve_document,24,3.62156
erc725xy,R3_resolve_document,25,43.298027
erc725xy,R3_resolve_document,26,4.031528
erc725xy,R3_resolve_document,27,3.446741
erc725xy,R3_resolve_document,28,16.448609
erc725xy,R3_resolve_document,29,4.420046
erc725xy,U1_rotate_controller,0,14.713554
erc725xy,U1_rotate_controller,1,18.34651
erc725xy,U1_rotate_controller,2,18.734011
erc725xy,U1_rotate_controller,3,17.363669
erc725xy,U1_rotate_controller,4,21.248913
erc725xy,U1_rotate_controller,5,21.877066
erc725xy,U1_rotate_controller,6,21.597753
erc725xy,U1_rotate_controller,7,19.71809
erc725xy,U1_rotate_controller,8,15.452008
erc725xy,U1_rotate_controller,9,12.385006
erc725xy,U1_rotate_controller,10,12.81979
erc725xy,U1_rotate_controller,11,12.903812
erc725xy,U1_rotate_controller,12,13.339808
erc725xy,U1_rotate_controller,13,13.576079
erc725xy,U1_rotate_controller,14,13.509939
erc725xy,U1_rotate_controller,15,17.805617
erc725xy,U1_rotate_controller,16,14.458385
erc725xy,U1_rotate_controller,17,15.458169
erc725xy,U1_rotate_controller,18,14.266755
erc725xy,U1_rotate_controller,19,18.669573
erc725xy,U1_rotate_controller,20,15.508597
erc725xy,U1_rotate_controller,21,20.805646
erc725xy,U1_rotate_controller,22,19.852432
erc725xy,U1_rotate_controller,23,13.81361
erc725xy,U1_rotate_controller,24,18.595402
erc725xy,U1_rotate_controller,25,15.192142
erc725xy,U1_rotate_controller,26,17.858137
erc725xy,U1_rotate_controller,27,15.269809
erc725xy,U1_rotate_controller,28,17.966459
erc725xy,U1_rotate_controller,29,19.924025
erc725xy,U3_set_attribute,0,17.203353
erc725xy,U3_set_attribute,1,18.05703
erc725xy,U3_set_attribute,2,24.562279
erc725xy,U3_set_attribute,3,15.029069
erc725xy,U3_set_attribute,4,16.9158
erc725xy,U3_set_attribute,5,17.026607
erc725xy,U3_set_attribute,6,20.856379
erc725xy,U3_set_attribute,7,19.619716
erc725xy,U3_set_attribute,8,24.184967
erc725xy,U3_set_attribute,9,17.500555
erc725xy,U3_set_attribute,10,18.560514
erc725xy,U3_set_attribute,11,16.978595
erc725xy,U3_set_attribute,12,20.307805
erc725xy,U3_set_attribute,13,16.436656
erc725xy,U3_set_attribute,14,16.675489
erc725xy,U3_set_attribute,15,16.089421
erc725xy,U3_set_attribute,16,22.314362
erc725xy,U3_set_attribute,17,17.922897
erc725xy,U3_set_attribute,18,17.478545
erc725xy,U3_set_attribute,19,16.987848
erc725xy,U3_set_attribute,20,17.239155
erc725xy,U3_set_attribute,21,25.786458
erc725xy,U3_set_attribute,22,17.773225
erc725xy,U3_set_attribute,23,24.248411
erc725xy,U3_set_attribute,24,25.849251
erc725xy,U3_set_attribute,25,21.719733
erc725xy,U3_set_attribute,26,18.155749
erc725xy,U3_set_attribute,27,19.761132
erc725xy,U3_set_attribute,28,27.717686
erc725xy,U3_set_attribute,29,21.613589
erc725xy,U4_transfer_vehicle,0,15.425704
erc725xy,U4_transfer_vehicle,1,13.397419
erc725xy,U4_transfer_vehicle,2,19.951579
erc725xy,U4_transfer_vehicle,3,12.99819
erc725xy,U4_transfer_vehicle,4,15.0201
erc725xy,U4_transfer_vehicle,5,18.56936
erc725xy,U4_transfer_vehicle,6,14.761384
erc725xy,U4_transfer_vehicle,7,15.158831
erc725xy,U4_transfer_vehicle,8,20.270144
erc725xy,U4_transfer_vehicle,9,16.158497
erc725xy,U4_transfer_vehicle,10,14.78945
erc725xy,U4_transfer_vehicle,11,13.953784
erc725xy,U4_transfer_vehicle,12,18.991068
erc725xy,U4_transfer_vehicle,13,16.947597
erc725xy,U4_transfer_vehicle,14,15.160689
erc725xy,U4_transfer_vehicle,15,20.17089
erc725xy,U4_transfer_vehicle,16,15.235904
erc725xy,U4_transfer_vehicle,17,15.59236
erc725xy,U4_transfer_vehicle,18,14.600557
erc725xy,U4_transfer_vehicle,19,19.894097
erc725xy,U4_transfer_vehicle,20,15.851743
erc725xy,U4_transfer_vehicle,21,17.340364
erc725xy,U4_transfer_vehicle,22,14.527979
erc725xy,U4_transfer_vehicle,23,16.111339
erc725xy,U4_transfer_vehicle,24,16.880451
erc725xy,U4_transfer_vehicle,25,15.35918
erc725xy,U4_transfer_vehicle,26,21.712978
erc725xy,U4_transfer_vehicle,27,31.364292
erc725xy,U4_transfer_vehicle,28,14.276636
erc725xy,U4_transfer_vehicle,29,13.463348
erc725xy,D2_revoke_attribute,0,28.46131
erc725xy,D2_revoke_attribute,1,17.596176
erc725xy,D2_revoke_attribute,2,18.299058
erc725xy,D2_revoke_attribute,3,21.466045
erc725xy,D2_revoke_attribute,4,27.546932
erc725xy,D2_revoke_attribute,5,17.382082
erc725xy,D2_revoke_attribute,6,17.595912
erc725xy,D2_revoke_attribute,7,18.573104
erc725xy,D2_revoke_attribute,8,19.925019
erc725xy,D2_revoke_attribute,9,18.284676
erc725xy,D2_revoke_attribute,10,17.444382
erc725xy,D2_revoke_attribute,11,25.683168
erc725xy,D2_revoke_attribute,12,21.418814
erc725xy,D2_revoke_attribute,13,15.551324
erc725xy,D2_revoke_attribute,14,16.654062
erc725xy,D2_revoke_attribute,15,18.138329
erc725xy,D2_revoke_attribute,16,15.57007
erc725xy,D2_revoke_attribute,17,16.453982
erc725xy,D2_revoke_attribute,18,24.210142
erc725xy,D2_revoke_attribute,19,22.348597
erc725xy,D2_revoke_attribute,20,24.152401
erc725xy,D2_revoke_attribute,21,15.859321
erc725xy,D2_revoke_attribute,22,16.641545
erc725xy,D2_revoke_attribute,23,17.702511
erc725xy,D2_revoke_attribute,24,22.780856
erc725xy,D2_revoke_attribute,25,27.798298
erc725xy,D2_revoke_attribute,26,16.998582
erc725xy,D2_revoke_attribute,27,21.595061
erc725xy,D2_revoke_attribute,28,25.166415
erc725xy,D2_revoke_attribute,29,23.013163
erc725xy,D3_deactivate_identity,0,17.880816
erc725xy,D3_deactivate_identity,1,14.863587
erc725xy,D3_deactivate_identity,2,15.811564
erc725xy,D3_deactivate_identity,3,19.307826
erc725xy,D3_deactivate_identity,4,16.748676
erc725xy,D3_deactivate_identity,5,16.629382
erc725xy,D3_deactivate_identity,6,19.349221
erc725xy,D3_deactivate_identity,7,19.205894
erc725xy,D3_deactivate_identity,8,18.067339
erc725xy,D3_deactivate_identity,9,17.808449
erc725xy,D3_deactivate_identity,10,13.496303
erc725xy,D3_deactivate_identity,11,19.370695
erc725xy,D3_deactivate_identity,12,16.617282
erc725xy,D3_deactivate_identity,13,22.620278
erc725xy,D3_deactivate_identity,14,17.239919
erc725xy,D3_deactivate_identity,15,25.384524
erc725xy,D3_deactivate_identity,16,17.384135
erc725xy,D3_deactivate_identity,17,20.993809
erc725xy,D3_deactivate_identity,18,16.987198
erc725xy,D3_deactivate_identity,19,17.716215
erc725xy,D3_deactivate_identity,20,15.914606
erc725xy,D3_deactivate_identity,21,22.765663
erc725xy,D3_deactivate_identity,22,14.993842
erc725xy,D3_deactivate_identity,23,16.029222
erc725xy,D3_deactivate_identity,24,16.398412
erc725xy,D3_deactivate_identity,25,15.214724
erc725xy,D3_deactivate_identity,26,13.976515
erc725xy,D3_deactivate_identity,27,14.227454
erc725xy,D3_deactivate_identity,28,15.648854
erc725xy,D3_deactivate_identity,29,13.375125
erc725xy,V1_issuer_key_anchor,0,14.66439
erc725xy,V1_issuer_key_anchor,1,15.194733
erc725xy,V1_issuer_key_anchor,2,15.174036
erc725xy,V1_issuer_key_anchor,3,15.210822
erc725xy,V1_issuer_key_anchor,4,19.949232
erc725xy,V1_issuer_key_anchor,5,17.356252
erc725xy,V1_issuer_key_anchor,6,27.708168
erc725xy,V1_issuer_key_anchor,7,20.71989
erc725xy,V1_issuer_key_anchor,8,19.363258
erc725xy,V1_issuer_key_anchor,9,23.830845
erc725xy,V1_issuer_key_anchor,10,17.534597
erc725xy,V1_issuer_key_anchor,11,27.053153
erc725xy,V1_issuer_key_anchor,12,21.075125
erc725xy,V1_issuer_key_anchor,13,16.82394
erc725xy,V1_issuer_key_anchor,14,15.163769
erc725xy,V1_issuer_key_anchor,15,15.454704
erc725xy,V1_issuer_key_anchor,16,14.350056
erc725xy,V1_issuer_key_anchor,17,16.606501
erc725xy,V1_issuer_key_anchor,18,16.704209
erc725xy,V1_issuer_key_anchor,19,17.867097
erc725xy,V1_issuer_key_anchor,20,15.749685
erc725xy,V1_issuer_key_anchor,21,19.11533
erc725xy,V1_issuer_key_anchor,22,17.083626
erc725xy,V1_issuer_key_anchor,23,15.038935
erc725xy,V1_issuer_key_anchor,24,16.642018
erc725xy,V1_issuer_key_anchor,25,17.907246
erc725xy,V1_issuer_key_anchor,26,16.137291
erc725xy,V1_issuer_key_anchor,27,15.796464
erc725xy,V1_issuer_key_anchor,28,16.287147
erc725xy,V1_issuer_key_anchor,29,14.91596
erc725xy,V3_anchor_status,0,16.238129
erc725xy,V3_anchor_status,1,24.279386
erc725xy,V3_anchor_status,2,19.399123
erc725xy,V3_anchor_status,3,15.966179
erc725xy,V3_anchor_status,4,14.513527
erc725xy,V3_anchor_status,5,22.621133
erc725xy,V3_anchor_status,6,20.058766
erc725xy,V3_anchor_status,7,17.670441
erc725xy,V3_anchor_status,8,23.616744
erc725xy,V3_anchor_status,9,25.796667
erc725xy,V3_anchor_status,10,19.94711
erc725xy,V3_anchor_status,11,15.373302
erc725xy,V3_anchor_status,12,14.538114
erc725xy,V3_anchor_status,13,18.060155
erc725xy,V3_anchor_status,14,18.267689
erc725xy,V3_anchor_status,15,16.959882
erc725xy,V3_anchor_status,16,17.341465
erc725xy,V3_anchor_status,17,21.891054
erc725xy,V3_anchor_status,18,14.292097
erc725xy,V3_anchor_status,19,14.22694
erc725xy,V3_anchor_status,20,16.052663
erc725xy,V3_anchor_status,21,13.726875
erc725xy,V3_anchor_status,22,15.010134
erc725xy,V3_anchor_status,23,24.073708
erc725xy,V3_anchor_status,24,22.03195
erc725xy,V3_anchor_status,25,23.067131
erc725xy,V3_anchor_status,26,25.535904
erc725xy,V3_anchor_status,27,19.641445
erc725xy,V3_anchor_status,28,19.189223
erc725xy,V3_anchor_status,29,15.211061
erc725xy,V5_revoke_credential,0,16.668848
erc725xy,V5_revoke_credential,1,18.122146
erc725xy,V5_revoke_credential,2,16.698898
erc725xy,V5_revoke_credential,3,24.00014
erc725xy,V5_revoke_credential,4,18.52617
erc725xy,V5_revoke_credential,5,21.52568
erc725xy,V5_revoke_credential,6,15.560362
erc725xy,V5_revoke_credential,7,21.305516
erc725xy,V5_revoke_credential,8,20.973468
erc725xy,V5_revoke_credential,9,18.131715
erc725xy,V5_revoke_credential,10,16.65721
erc725xy,V5_revoke_credential,11,19.553915
erc725xy,V5_revoke_credential,12,16.090598
erc725xy,V5_revoke_credential,13,19.422134
erc725xy,V5_revoke_credential,14,26.964468
erc725xy,V5_revoke_credential,15,17.995964
erc725xy,V5_revoke_credential,16,17.239325
erc725xy,V5_revoke_credential,17,16.841059
erc725xy,V5_revoke_credential,18,21.748368
erc725xy,V5_revoke_credential,19,17.844093
erc725xy,V5_revoke_credential,20,14.704171
erc725xy,V5_revoke_credential,21,17.353129
erc725xy,V5_revoke_credential,22,14.553792
erc725xy,V5_revoke_credential,23,19.023911
erc725xy,V5_revoke_credential,24,16.645221
erc725xy,V5_revoke_credential,25,20.922965
erc725xy,V5_revoke_credential,26,19.518847
erc725xy,V5_revoke_credential,27,17.779573
erc725xy,V5_revoke_credential,28,16.103551
erc725xy,V5_revoke_credential,29,15.844557
erc725xy,V6_status_check,0,1.682978
erc725xy,V6_status_check,1,1.801977
erc725xy,V6_status_check,2,1.392927
erc725xy,V6_status_check,3,1.431439
erc725xy,V6_status_check,4,1.45745
erc725xy,V6_status_check,5,1.319332
erc725xy,V6_status_check,6,7.568249
erc725xy,V6_status_check,7,1.900066
erc725xy,V6_status_check,8,1.776494
erc725xy,V6_status_check,9,1.497451
erc725xy,V6_status_check,10,1.475841
erc725xy,V6_status_check,11,1.607566
erc725xy,V6_status_check,12,1.442389
erc725xy,V6_status_check,13,1.60256
erc725xy,V6_status_check,14,2.270439
erc725xy,V6_status_check,15,1.707638
erc725xy,V6_status_check,16,1.765945
erc725xy,V6_status_check,17,2.325326
erc725xy,V6_status_check,18,1.848888
erc725xy,V6_status_check,19,1.683371
erc725xy,V6_status_check,20,1.623231
erc725xy,V6_status_check,21,1.669431
erc725xy,V6_status_check,22,1.482001
erc725xy,V6_status_check,23,1.974757
erc725xy,V6_status_check,24,1.588767
erc725xy,V6_status_check,25,1.576621
erc725xy,V6_status_check,26,1.461949
erc725xy,V6_status_check,27,1.378845
erc725xy,V6_status_check,28,1.681136
erc725xy,V6_status_check,29,2.141713
erc735,C1_create_identity,0,55.704346
erc735,C1_create_identity,1,57.825105
erc735,C1_create_identity,2,52.253264
erc735,C1_create_identity,3,71.053532
erc735,C1_create_identity,4,56.985996
erc735,C1_create_identity,5,55.214569
erc735,C1_create_identity,6,76.498627
erc735,C1_create_identity,7,82.664752
erc735,C1_create_identity,8,44.481475
erc735,C1_create_identity,9,46.722234
erc735,C1_create_identity,10,44.945472
erc735,C1_create_identity,11,45.048999
erc735,C1_create_identity,12,42.610178
erc735,C1_create_identity,13,43.086138
erc735,C1_create_identity,14,42.114732
erc735,C1_create_identity,15,50.973734
erc735,C1_create_identity,16,61.189928
erc735,C1_create_identity,17,47.378431
erc735,C1_create_identity,18,48.291498
erc735,C1_create_identity,19,51.601142
erc735,C1_create_identity,20,56.999049
erc735,C1_create_identity,21,49.423958
erc735,C1_create_identity,22,49.089878
erc735,C1_create_identity,23,65.040331
erc735,C1_create_identity,24,79.904634
erc735,C1_create_identity,25,80.823189
erc735,C1_create_identity,26,47.571462
erc735,C1_create_identity,27,68.320019
erc735,C1_create_identity,28,45.662307
erc735,C1_create_identity,29,51.870898
erc735,C2_create_with_attributes,0,104.729476
erc735,C2_create_with_attributes,1,95.782963
erc735,C2_create_with_attributes,2,132.538898
erc735,C2_create_with_attributes,3,119.197652
erc735,C2_create_with_attributes,4,111.921456
erc735,C2_create_with_attributes,5,108.416284
erc735,C2_create_with_attributes,6,95.753936
erc735,C2_create_with_attributes,7,77.917262
erc735,C2_create_with_attributes,8,107.063515
erc735,C2_create_with_attributes,9,90.97478
erc735,C2_create_with_attributes,10,86.611417
erc735,C2_create_with_attributes,11,100.518413
erc735,C2_create_with_attributes,12,105.420062
erc735,C2_create_with_attributes,13,76.25451
erc735,C2_create_with_attributes,14,79.513939
erc735,C2_create_with_attributes,15,124.934735
erc735,C2_create_with_attributes,16,79.405059
erc735,C2_create_with_attributes,17,68.267342
erc735,C2_create_with_attributes,18,123.461819
erc735,C2_create_with_attributes,19,125.978574
erc735,C2_create_with_attributes,20,120.290974
erc735,C2_create_with_attributes,21,109.996874
erc735,C2_create_with_attributes,22,110.196358
erc735,C2_create_with_attributes,23,107.411715
erc735,C2_create_with_attributes,24,87.490213
erc735,C2_create_with_attributes,25,105.633969
erc735,C2_create_with_attributes,26,76.613491
erc735,C2_create_with_attributes,27,106.730399
erc735,C2_create_with_attributes,28,99.791833
erc735,C2_create_with_attributes,29,80.759981
erc735,R1_resolve_owner,0,1.406644
erc735,R1_resolve_owner,1,2.302439
erc735,R1_resolve_owner,2,1.451915
erc735,R1_resolve_owner,3,1.2058
erc735,R1_resolve_owner,4,1.188172
erc735,R1_resolve_owner,5,1.500508
erc735,R1_resolve_owner,6,1.254151
erc735,R1_resolve_owner,7,1.167452
erc735,R1_resolve_owner,8,1.657623
erc735,R1_resolve_owner,9,1.512249
erc735,R1_resolve_owner,10,1.378086
erc735,R1_resolve_owner,11,1.293914
erc735,R1_resolve_owner,12,1.211173
erc735,R1_resolve_owner,13,1.131102
erc735,R1_resolve_owner,14,1.062309
erc735,R1_resolve_owner,15,1.307359
erc735,R1_resolve_owner,16,1.315041
erc735,R1_resolve_owner,17,1.153232
erc735,R1_resolve_owner,18,1.594291
erc735,R1_resolve_owner,19,1.11073
erc735,R1_resolve_owner,20,1.192166
erc735,R1_resolve_owner,21,1.246492
erc735,R1_resolve_owner,22,1.254262
erc735,R1_resolve_owner,23,1.31342
erc735,R1_resolve_owner,24,1.517413
erc735,R1_resolve_owner,25,1.705347
erc735,R1_resolve_owner,26,2.12765
erc735,R1_resolve_owner,27,1.745135
erc735,R1_resolve_owner,28,1.750412
erc735,R1_resolve_owner,29,1.66372
erc735,R3_resolve_document,0,8.23851
erc735,R3_resolve_document,1,6.275478
erc735,R3_resolve_document,2,6.042219
erc735,R3_resolve_document,3,9.647537
erc735,R3_resolve_document,4,12.09621
erc735,R3_resolve_document,5,11.573221
erc735,R3_resolve_document,6,7.648803
erc735,R3_resolve_document,7,6.766376
erc735,R3_resolve_document,8,6.946862
erc735,R3_resolve_document,9,8.420613
erc735,R3_resolve_document,10,6.637747
erc735,R3_resolve_document,11,6.587983
erc735,R3_resolve_document,12,6.517641
erc735,R3_resolve_document,13,6.120079
erc735,R3_resolve_document,14,6.086399
erc735,R3_resolve_document,15,8.769996
erc735,R3_resolve_document,16,7.612532
erc735,R3_resolve_document,17,6.954344
erc735,R3_resolve_document,18,7.669124
erc735,R3_resolve_document,19,7.048856
erc735,R3_resolve_document,20,7.288461
erc735,R3_resolve_document,21,6.707799
erc735,R3_resolve_document,22,7.138316
erc735,R3_resolve_document,23,9.586909
erc735,R3_resolve_document,24,12.171658
erc735,R3_resolve_document,25,9.851541
erc735,R3_resolve_document,26,7.60268
erc735,R3_resolve_document,27,6.958858
erc735,R3_resolve_document,28,7.296346
erc735,R3_resolve_document,29,10.420517
erc735,U1_rotate_controller,0,17.778215
erc735,U1_rotate_controller,1,16.914841
erc735,U1_rotate_controller,2,25.515225
erc735,U1_rotate_controller,3,17.968652
erc735,U1_rotate_controller,4,21.172705
erc735,U1_rotate_controller,5,16.137257
erc735,U1_rotate_controller,6,16.2889
erc735,U1_rotate_controller,7,20.778435
erc735,U1_rotate_controller,8,24.783859
erc735,U1_rotate_controller,9,18.579004
erc735,U1_rotate_controller,10,16.716326
erc735,U1_rotate_controller,11,14.280977
erc735,U1_rotate_controller,12,15.235907
erc735,U1_rotate_controller,13,20.833233
erc735,U1_rotate_controller,14,14.249686
erc735,U1_rotate_controller,15,14.790403
erc735,U1_rotate_controller,16,14.588503
erc735,U1_rotate_controller,17,13.472507
erc735,U1_rotate_controller,18,14.898815
erc735,U1_rotate_controller,19,15.579988
erc735,U1_rotate_controller,20,13.319051
erc735,U1_rotate_controller,21,14.016731
erc735,U1_rotate_controller,22,14.149785
erc735,U1_rotate_controller,23,13.298673
erc735,U1_rotate_controller,24,13.063118
erc735,U1_rotate_controller,25,13.962233
erc735,U1_rotate_controller,26,12.985359
erc735,U1_rotate_controller,27,14.526572
erc735,U1_rotate_controller,28,16.244889
erc735,U1_rotate_controller,29,14.878472
erc735,U3_set_attribute,0,28.987136
erc735,U3_set_attribute,1,23.31111
erc735,U3_set_attribute,2,22.958405
erc735,U3_set_attribute,3,25.962819
erc735,U3_set_attribute,4,21.674795
erc735,U3_set_attribute,5,24.352633
erc735,U3_set_attribute,6,29.437918
erc735,U3_set_attribute,7,25.910266
erc735,U3_set_attribute,8,29.262057
erc735,U3_set_attribute,9,30.781976
erc735,U3_set_attribute,10,29.796773
erc735,U3_set_attribute,11,21.509031
erc735,U3_set_attribute,12,35.061052
erc735,U3_set_attribute,13,22.037047
erc735,U3_set_attribute,14,35.696767
erc735,U3_set_attribute,15,25.35768
erc735,U3_set_attribute,16,34.654238
erc735,U3_set_attribute,17,22.485648
erc735,U3_set_attribute,18,41.699838
erc735,U3_set_attribute,19,29.382749
erc735,U3_set_attribute,20,24.717054
erc735,U3_set_attribute,21,32.369873
erc735,U3_set_attribute,22,33.30934
erc735,U3_set_attribute,23,27.437413
erc735,U3_set_attribute,24,23.981404
erc735,U3_set_attribute,25,18.367533
erc735,U3_set_attribute,26,20.8597
erc735,U3_set_attribute,27,19.827444
erc735,U3_set_attribute,28,19.948654
erc735,U3_set_attribute,29,21.629798
erc735,U4_transfer_vehicle,0,15.898122
erc735,U4_transfer_vehicle,1,14.364143
erc735,U4_transfer_vehicle,2,15.044803
erc735,U4_transfer_vehicle,3,14.752967
erc735,U4_transfer_vehicle,4,14.18091
erc735,U4_transfer_vehicle,5,16.334357
erc735,U4_transfer_vehicle,6,14.407982
erc735,U4_transfer_vehicle,7,19.854627
erc735,U4_transfer_vehicle,8,21.630728
erc735,U4_transfer_vehicle,9,16.05779
erc735,U4_transfer_vehicle,10,16.514337
erc735,U4_transfer_vehicle,11,16.936931
erc735,U4_transfer_vehicle,12,17.046598
erc735,U4_transfer_vehicle,13,16.559599
erc735,U4_transfer_vehicle,14,19.059388
erc735,U4_transfer_vehicle,15,15.484926
erc735,U4_transfer_vehicle,16,17.817114
erc735,U4_transfer_vehicle,17,17.489885
erc735,U4_transfer_vehicle,18,16.363377
erc735,U4_transfer_vehicle,19,15.491676
erc735,U4_transfer_vehicle,20,16.41037
erc735,U4_transfer_vehicle,21,20.121526
erc735,U4_transfer_vehicle,22,20.461382
erc735,U4_transfer_vehicle,23,22.01124
erc735,U4_transfer_vehicle,24,19.025382
erc735,U4_transfer_vehicle,25,16.206944
erc735,U4_transfer_vehicle,26,13.745075
erc735,U4_transfer_vehicle,27,15.029404
erc735,U4_transfer_vehicle,28,15.329115
erc735,U4_transfer_vehicle,29,14.738966
erc735,D2_revoke_attribute,0,24.446556
erc735,D2_revoke_attribute,1,29.384241
erc735,D2_revoke_attribute,2,17.969761
erc735,D2_revoke_attribute,3,25.358366
erc735,D2_revoke_attribute,4,24.342131
erc735,D2_revoke_attribute,5,20.676008
erc735,D2_revoke_attribute,6,22.241818
erc735,D2_revoke_attribute,7,20.731098
erc735,D2_revoke_attribute,8,23.144089
erc735,D2_revoke_attribute,9,31.207495
erc735,D2_revoke_attribute,10,22.679164
erc735,D2_revoke_attribute,11,27.137036
erc735,D2_revoke_attribute,12,24.748418
erc735,D2_revoke_attribute,13,22.399999
erc735,D2_revoke_attribute,14,31.872264
erc735,D2_revoke_attribute,15,29.430136
erc735,D2_revoke_attribute,16,22.879512
erc735,D2_revoke_attribute,17,42.274166
erc735,D2_revoke_attribute,18,21.016557
erc735,D2_revoke_attribute,19,30.95144
erc735,D2_revoke_attribute,20,24.0474
erc735,D2_revoke_attribute,21,20.546406
erc735,D2_revoke_attribute,22,28.387244
erc735,D2_revoke_attribute,23,23.928408
erc735,D2_revoke_attribute,24,17.803193
erc735,D2_revoke_attribute,25,21.309348
erc735,D2_revoke_attribute,26,32.24256
erc735,D2_revoke_attribute,27,19.164678
erc735,D2_revoke_attribute,28,20.201271
erc735,D2_revoke_attribute,29,27.893639
erc735,D3_deactivate_identity,0,23.368596
erc735,D3_deactivate_identity,1,22.29005
erc735,D3_deactivate_identity,2,19.112487
erc735,D3_deactivate_identity,3,18.256313
erc735,D3_deactivate_identity,4,27.017368
erc735,D3_deactivate_identity,5,16.923171
erc735,D3_deactivate_identity,6,16.969457
erc735,D3_deactivate_identity,7,14.036237
erc735,D3_deactivate_identity,8,48.582252
erc735,D3_deactivate_identity,9,17.562636
erc735,D3_deactivate_identity,10,18.321314
erc735,D3_deactivate_identity,11,18.648863
erc735,D3_deactivate_identity,12,17.682908
erc735,D3_deactivate_identity,13,18.86023
erc735,D3_deactivate_identity,14,14.427317
erc735,D3_deactivate_identity,15,15.285405
erc735,D3_deactivate_identity,16,16.248548
erc735,D3_deactivate_identity,17,12.752401
erc735,D3_deactivate_identity,18,14.542718
erc735,D3_deactivate_identity,19,14.98274
erc735,D3_deactivate_identity,20,19.323025
erc735,D3_deactivate_identity,21,17.180649
erc735,D3_deactivate_identity,22,13.637079
erc735,D3_deactivate_identity,23,13.289335
erc735,D3_deactivate_identity,24,14.703031
erc735,D3_deactivate_identity,25,13.298851
erc735,D3_deactivate_identity,26,15.119682
erc735,D3_deactivate_identity,27,26.718786
erc735,D3_deactivate_identity,28,17.446052
erc735,D3_deactivate_identity,29,20.333057
erc735,V3_anchor_status,0,35.830301
erc735,V3_anchor_status,1,20.343284
erc735,V3_anchor_status,2,20.88066
erc735,V3_anchor_status,3,24.967976
erc735,V3_anchor_status,4,24.53781
erc735,V3_anchor_status,5,19.240487
erc735,V3_anchor_status,6,19.919964
erc735,V3_anchor_status,7,27.909208
erc735,V3_anchor_status,8,22.193055
erc735,V3_anchor_status,9,21.893794
erc735,V3_anchor_status,10,22.236617
erc735,V3_anchor_status,11,26.663403
erc735,V3_anchor_status,12,20.46221
erc735,V3_anchor_status,13,19.692207
erc735,V3_anchor_status,14,20.14214
erc735,V3_anchor_status,15,25.498356
erc735,V3_anchor_status,16,27.38979
erc735,V3_anchor_status,17,26.524233
erc735,V3_anchor_status,18,19.280966
erc735,V3_anchor_status,19,20.771073
erc735,V3_anchor_status,20,25.384555
erc735,V3_anchor_status,21,20.600616
erc735,V3_anchor_status,22,19.952165
erc735,V3_anchor_status,23,20.023367
erc735,V3_anchor_status,24,19.009311
erc735,V3_anchor_status,25,17.793819
erc735,V3_anchor_status,26,21.336588
erc735,V3_anchor_status,27,20.935846
erc735,V3_anchor_status,28,23.750038
erc735,V3_anchor_status,29,28.366891
erc735,V5_revoke_credential,0,25.930271
erc735,V5_revoke_credential,1,43.029478
erc735,V5_revoke_credential,2,17.601213
erc735,V5_revoke_credential,3,17.853542
erc735,V5_revoke_credential,4,16.923174
erc735,V5_revoke_credential,5,23.515606
erc735,V5_revoke_credential,6,30.974241
erc735,V5_revoke_credential,7,23.357127
erc735,V5_revoke_credential,8,21.582293
erc735,V5_revoke_credential,9,24.532311
erc735,V5_revoke_credential,10,34.062531
erc735,V5_revoke_credential,11,19.92427
erc735,V5_revoke_credential,12,23.105012
erc735,V5_revoke_credential,13,17.660723
erc735,V5_revoke_credential,14,19.626287
erc735,V5_revoke_credential,15,18.279758
erc735,V5_revoke_credential,16,21.086946
erc735,V5_revoke_credential,17,29.336202
erc735,V5_revoke_credential,18,23.032125
erc735,V5_revoke_credential,19,28.398748
erc735,V5_revoke_credential,20,27.546034
erc735,V5_revoke_credential,21,22.541208
erc735,V5_revoke_credential,22,22.799732
erc735,V5_revoke_credential,23,20.978054
erc735,V5_revoke_credential,24,35.640478
erc735,V5_revoke_credential,25,19.653975
erc735,V5_revoke_credential,26,19.846183
erc735,V5_revoke_credential,27,20.656229
erc735,V5_revoke_credential,28,20.147795
erc735,V5_revoke_credential,29,19.668197
erc735,V6_status_check,0,1.950017
erc735,V6_status_check,1,1.460545
erc735,V6_status_check,2,1.63392
erc735,V6_status_check,3,1.692151
erc735,V6_status_check,4,1.728719
erc735,V6_status_check,5,1.982179
erc735,V6_status_check,6,1.890112
erc735,V6_status_check,7,2.010259
erc735,V6_status_check,8,1.978565
erc735,V6_status_check,9,1.942965
erc735,V6_status_check,10,1.675359
erc735,V6_status_check,11,1.752327
erc735,V6_status_check,12,1.423167
erc735,V6_status_check,13,1.664733
erc735,V6_status_check,14,1.756902
erc735,V6_status_check,15,1.697454
erc735,V6_status_check,16,1.776268
erc735,V6_status_check,17,1.620031
erc735,V6_status_check,18,1.72894
erc735,V6_status_check,19,1.670626
erc735,V6_status_check,20,1.69978
erc735,V6_status_check,21,1.671099
erc735,V6_status_check,22,1.715616
erc735,V6_status_check,23,1.810551
erc735,V6_status_check,24,1.587823
erc735,V6_status_check,25,2.444021
erc735,V6_status_check,26,2.224437
erc735,V6_status_check,27,1.955667
erc735,V6_status_check,28,1.491784
erc735,V6_status_check,29,1.593424
lsp8,C1_create_identity,0,26.902096
lsp8,C1_create_identity,1,21.136163
lsp8,C1_create_identity,2,23.37392
lsp8,C1_create_identity,3,20.335571
lsp8,C1_create_identity,4,18.937614
lsp8,C1_create_identity,5,24.404658
lsp8,C1_create_identity,6,23.485323
lsp8,C1_create_identity,7,19.402702
lsp8,C1_create_identity,8,16.213794
lsp8,C1_create_identity,9,18.477654
lsp8,C1_create_identity,10,19.097233
lsp8,C1_create_identity,11,17.40429
lsp8,C1_create_identity,12,18.676359
lsp8,C1_create_identity,13,17.166093
lsp8,C1_create_identity,14,19.280244
lsp8,C1_create_identity,15,21.932196
lsp8,C1_create_identity,16,20.8277
lsp8,C1_create_identity,17,21.900539
lsp8,C1_create_identity,18,19.375864
lsp8,C1_create_identity,19,24.584983
lsp8,C1_create_identity,20,27.000305
lsp8,C1_create_identity,21,21.246281
lsp8,C1_create_identity,22,19.708963
lsp8,C1_create_identity,23,21.290479
lsp8,C1_create_identity,24,19.735311
lsp8,C1_create_identity,25,18.098241
lsp8,C1_create_identity,26,16.419805
lsp8,C1_create_identity,27,23.458689
lsp8,C1_create_identity,28,22.015229
lsp8,C1_create_identity,29,17.886661
lsp8,C2_create_with_attributes,0,66.469199
lsp8,C2_create_with_attributes,1,45.986693
lsp8,C2_create_with_attributes,2,87.277203
lsp8,C2_create_with_attributes,3,64.133023
lsp8,C2_create_with_attributes,4,54.150759
lsp8,C2_create_with_attributes,5,53.133217
lsp8,C2_create_with_attributes,6,49.633024
lsp8,C2_create_with_attributes,7,55.250032
lsp8,C2_create_with_attributes,8,40.11389
lsp8,C2_create_with_attributes,9,49.500911
lsp8,C2_create_with_attributes,10,43.213531
lsp8,C2_create_with_attributes,11,43.64942
lsp8,C2_create_with_attributes,12,49.370737
lsp8,C2_create_with_attributes,13,49.250189
lsp8,C2_create_with_attributes,14,49.871413
lsp8,C2_create_with_attributes,15,51.792468
lsp8,C2_create_with_attributes,16,50.063261
lsp8,C2_create_with_attributes,17,75.944523
lsp8,C2_create_with_attributes,18,37.939324
lsp8,C2_create_with_attributes,19,43.153202
lsp8,C2_create_with_attributes,20,41.211419
lsp8,C2_create_with_attributes,21,61.728186
lsp8,C2_create_with_attributes,22,55.48085
lsp8,C2_create_with_attributes,23,58.543307
lsp8,C2_create_with_attributes,24,49.652088
lsp8,C2_create_with_attributes,25,56.827551
lsp8,C2_create_with_attributes,26,47.585749
lsp8,C2_create_with_attributes,27,41.162647
lsp8,C2_create_with_attributes,28,49.849579
lsp8,C2_create_with_attributes,29,37.760341
lsp8,R1_resolve_owner,0,3.130777
lsp8,R1_resolve_owner,1,3.159412
lsp8,R1_resolve_owner,2,2.90259
lsp8,R1_resolve_owner,3,2.955802
lsp8,R1_resolve_owner,4,2.768964
lsp8,R1_resolve_owner,5,3.014549
lsp8,R1_resolve_owner,6,3.052214
lsp8,R1_resolve_owner,7,2.846537
lsp8,R1_resolve_owner,8,2.815958
lsp8,R1_resolve_owner,9,2.727403
lsp8,R1_resolve_owner,10,2.755773
lsp8,R1_resolve_owner,11,2.635182
lsp8,R1_resolve_owner,12,2.580686
lsp8,R1_resolve_owner,13,2.710849
lsp8,R1_resolve_owner,14,2.600613
lsp8,R1_resolve_owner,15,2.61163
lsp8,R1_resolve_owner,16,2.662736
lsp8,R1_resolve_owner,17,2.688109
lsp8,R1_resolve_owner,18,2.586957
lsp8,R1_resolve_owner,19,2.669722
lsp8,R1_resolve_owner,20,2.631056
lsp8,R1_resolve_owner,21,2.546393
lsp8,R1_resolve_owner,22,2.800567
lsp8,R1_resolve_owner,23,3.226316
lsp8,R1_resolve_owner,24,2.502638
lsp8,R1_resolve_owner,25,3.06099
lsp8,R1_resolve_owner,26,3.249949
lsp8,R1_resolve_owner,27,3.200398
lsp8,R1_resolve_owner,28,3.602617
lsp8,R1_resolve_owner,29,3.123676
lsp8,R2_resolve_by_vin,0,1.555252
lsp8,R2_resolve_by_vin,1,1.61864
lsp8,R2_resolve_by_vin,2,1.609734
lsp8,R2_resolve_by_vin,3,1.573205
lsp8,R2_resolve_by_vin,4,1.668647
lsp8,R2_resolve_by_vin,5,1.597642
lsp8,R2_resolve_by_vin,6,1.566562
lsp8,R2_resolve_by_vin,7,1.644925
lsp8,R2_resolve_by_vin,8,1.841827
lsp8,R2_resolve_by_vin,9,1.563232
lsp8,R2_resolve_by_vin,10,1.73264
lsp8,R2_resolve_by_vin,11,1.592363
lsp8,R2_resolve_by_vin,12,1.63651
lsp8,R2_resolve_by_vin,13,1.676876
lsp8,R2_resolve_by_vin,14,1.635279
lsp8,R2_resolve_by_vin,15,1.877466
lsp8,R2_resolve_by_vin,16,1.454246
lsp8,R2_resolve_by_vin,17,1.529438
lsp8,R2_resolve_by_vin,18,1.547357
lsp8,R2_resolve_by_vin,19,1.604681
lsp8,R2_resolve_by_vin,20,1.668573
lsp8,R2_resolve_by_vin,21,1.539266
lsp8,R2_resolve_by_vin,22,1.616596
lsp8,R2_resolve_by_vin,23,1.559613
lsp8,R2_resolve_by_vin,24,1.880849
lsp8,R2_resolve_by_vin,25,1.786826
lsp8,R2_resolve_by_vin,26,1.703954
lsp8,R2_resolve_by_vin,27,1.744937
lsp8,R2_resolve_by_vin,28,1.472988
lsp8,R2_resolve_by_vin,29,1.658222
lsp8,R3_resolve_document,0,5.491805
lsp8,R3_resolve_document,1,6.646586
lsp8,R3_resolve_document,2,6.291994
lsp8,R3_resolve_document,3,7.060846
lsp8,R3_resolve_document,4,6.795451
lsp8,R3_resolve_document,5,18.504719
lsp8,R3_resolve_document,6,5.30158
lsp8,R3_resolve_document,7,6.384342
lsp8,R3_resolve_document,8,7.256464
lsp8,R3_resolve_document,9,7.421015
lsp8,R3_resolve_document,10,8.066863
lsp8,R3_resolve_document,11,5.205078
lsp8,R3_resolve_document,12,7.205251
lsp8,R3_resolve_document,13,6.324637
lsp8,R3_resolve_document,14,6.856515
lsp8,R3_resolve_document,15,24.50072
lsp8,R3_resolve_document,16,7.141983
lsp8,R3_resolve_document,17,6.8991
lsp8,R3_resolve_document,18,12.472481
lsp8,R3_resolve_document,19,5.919505
lsp8,R3_resolve_document,20,6.775974
lsp8,R3_resolve_document,21,26.299103
lsp8,R3_resolve_document,22,6.91142
lsp8,R3_resolve_document,23,8.540648
lsp8,R3_resolve_document,24,23.549555
lsp8,R3_resolve_document,25,6.396655
lsp8,R3_resolve_document,26,5.657524
lsp8,R3_resolve_document,27,20.36305
lsp8,R3_resolve_document,28,22.065508
lsp8,R3_resolve_document,29,6.648981
lsp8,U1_rotate_controller,0,17.024998
lsp8,U1_rotate_controller,1,16.523181
lsp8,U1_rotate_controller,2,29.144859
lsp8,U1_rotate_controller,3,42.741933
lsp8,U1_rotate_controller,4,32.445297
lsp8,U1_rotate_controller,5,29.336725
lsp8,U1_rotate_controller,6,17.224148
lsp8,U1_rotate_controller,7,18.129826
lsp8,U1_rotate_controller,8,23.883074
lsp8,U1_rotate_controller,9,27.436619
lsp8,U1_rotate_controller,10,20.900582
lsp8,U1_rotate_controller,11,18.646969
lsp8,U1_rotate_controller,12,25.442678
lsp8,U1_rotate_controller,13,19.392937
lsp8,U1_rotate_controller,14,19.614055
lsp8,U1_rotate_controller,15,20.478959
lsp8,U1_rotate_controller,16,17.44962
lsp8,U1_rotate_controller,17,21.375524
lsp8,U1_rotate_controller,18,18.470001
lsp8,U1_rotate_controller,19,21.417674
lsp8,U1_rotate_controller,20,29.748538
lsp8,U1_rotate_controller,21,19.164656
lsp8,U1_rotate_controller,22,18.890552
lsp8,U1_rotate_controller,23,20.155694
lsp8,U1_rotate_controller,24,21.412061
lsp8,U1_rotate_controller,25,21.071913
lsp8,U1_rotate_controller,26,22.699677
lsp8,U1_rotate_controller,27,17.02762
lsp8,U1_rotate_controller,28,25.220693
lsp8,U1_rotate_controller,29,28.344466
lsp8,U3_set_attribute,0,15.576073
lsp8,U3_set_attribute,1,16.505286
lsp8,U3_set_attribute,2,19.886983
lsp8,U3_set_attribute,3,26.27759
lsp8,U3_set_attribute,4,18.692008
lsp8,U3_set_attribute,5,17.897071
lsp8,U3_set_attribute,6,19.265215
lsp8,U3_set_attribute,7,40.677397
lsp8,U3_set_attribute,8,21.284728
lsp8,U3_set_attribute,9,18.130775
lsp8,U3_set_attribute,10,23.427274
lsp8,U3_set_attribute,11,35.406104
lsp8,U3_set_attribute,12,20.530929
lsp8,U3_set_attribute,13,26.758046
lsp8,U3_set_attribute,14,24.368726
lsp8,U3_set_attribute,15,18.490055
lsp8,U3_set_attribute,16,16.600414
lsp8,U3_set_attribute,17,19.879916
lsp8,U3_set_attribute,18,17.958469
lsp8,U3_set_attribute,19,16.207938
lsp8,U3_set_attribute,20,17.982856
lsp8,U3_set_attribute,21,21.037358
lsp8,U3_set_attribute,22,22.741258
lsp8,U3_set_attribute,23,19.517873
lsp8,U3_set_attribute,24,22.977394
lsp8,U3_set_attribute,25,22.559648
lsp8,U3_set_attribute,26,20.64662
lsp8,U3_set_attribute,27,25.301364
lsp8,U3_set_attribute,28,20.014479
lsp8,U3_set_attribute,29,26.231861
lsp8,U4_transfer_vehicle,0,43.533151
lsp8,U4_transfer_vehicle,1,23.646297
lsp8,U4_transfer_vehicle,2,29.157095
lsp8,U4_transfer_vehicle,3,46.574632
lsp8,U4_transfer_vehicle,4,25.382469
lsp8,U4_transfer_vehicle,5,22.215817
lsp8,U4_transfer_vehicle,6,19.774526
lsp8,U4_transfer_vehicle,7,27.03515
lsp8,U4_transfer_vehicle,8,32.43934
lsp8,U4_transfer_vehicle,9,18.580071
lsp8,U4_transfer_vehicle,10,20.003946
lsp8,U4_transfer_vehicle,11,27.294051
lsp8,U4_transfer_vehicle,12,20.583721
lsp8,U4_transfer_vehicle,13,27.265662
lsp8,U4_transfer_vehicle,14,22.873905
lsp8,U4_transfer_vehicle,15,21.220825
lsp8,U4_transfer_vehicle,16,23.917789
lsp8,U4_transfer_vehicle,17,19.762804
lsp8,U4_transfer_vehicle,18,26.690973
lsp8,U4_transfer_vehicle,19,20.3505
lsp8,U4_transfer_vehicle,20,23.307145
lsp8,U4_transfer_vehicle,21,22.243755
lsp8,U4_transfer_vehicle,22,26.043596
lsp8,U4_transfer_vehicle,23,24.177469
lsp8,U4_transfer_vehicle,24,17.977926
lsp8,U4_transfer_vehicle,25,29.763288
lsp8,U4_transfer_vehicle,26,15.281713
lsp8,U4_transfer_vehicle,27,20.303385
lsp8,U4_transfer_vehicle,28,17.669313
lsp8,U4_transfer_vehicle,29,30.227322
lsp8,D2_revoke_attribute,0,22.355968
lsp8,D2_revoke_attribute,1,24.961267
lsp8,D2_revoke_attribute,2,27.394459
lsp8,D2_revoke_attribute,3,25.45216
lsp8,D2_revoke_attribute,4,16.524409
lsp8,D2_revoke_attribute,5,20.940135
lsp8,D2_revoke_attribute,6,26.784046
lsp8,D2_revoke_attribute,7,18.933785
lsp8,D2_revoke_attribute,8,20.993568
lsp8,D2_revoke_attribute,9,20.475045
lsp8,D2_revoke_attribute,10,32.862086
lsp8,D2_revoke_attribute,11,22.845385
lsp8,D2_revoke_attribute,12,21.637022
lsp8,D2_revoke_attribute,13,24.572927
lsp8,D2_revoke_attribute,14,17.773256
lsp8,D2_revoke_attribute,15,23.082958
lsp8,D2_revoke_attribute,16,23.061751
lsp8,D2_revoke_attribute,17,16.241915
lsp8,D2_revoke_attribute,18,14.392297
lsp8,D2_revoke_attribute,19,19.655289
lsp8,D2_revoke_attribute,20,17.275802
lsp8,D2_revoke_attribute,21,21.780869
lsp8,D2_revoke_attribute,22,17.710598
lsp8,D2_revoke_attribute,23,20.166679
lsp8,D2_revoke_attribute,24,20.146108
lsp8,D2_revoke_attribute,25,17.823141
lsp8,D2_revoke_attribute,26,17.256372
lsp8,D2_revoke_attribute,27,23.673486
lsp8,D2_revoke_attribute,28,28.288332
lsp8,D2_revoke_attribute,29,23.749924
lsp8,D3_deactivate_identity,0,17.87588
lsp8,D3_deactivate_identity,1,19.31077
lsp8,D3_deactivate_identity,2,15.570669
lsp8,D3_deactivate_identity,3,15.497563
lsp8,D3_deactivate_identity,4,17.284041
lsp8,D3_deactivate_identity,5,16.048038
lsp8,D3_deactivate_identity,6,20.831925
lsp8,D3_deactivate_identity,7,16.237787
lsp8,D3_deactivate_identity,8,21.194647
lsp8,D3_deactivate_identity,9,18.924466
lsp8,D3_deactivate_identity,10,18.800365
lsp8,D3_deactivate_identity,11,18.295241
lsp8,D3_deactivate_identity,12,19.368461
lsp8,D3_deactivate_identity,13,23.733623
lsp8,D3_deactivate_identity,14,21.653257
lsp8,D3_deactivate_identity,15,21.12641
lsp8,D3_deactivate_identity,16,16.70488
lsp8,D3_deactivate_identity,17,18.275851
lsp8,D3_deactivate_identity,18,17.219947
lsp8,D3_deactivate_identity,19,17.673308
lsp8,D3_deactivate_identity,20,27.338063
lsp8,D3_deactivate_identity,21,17.270156
lsp8,D3_deactivate_identity,22,20.569666
lsp8,D3_deactivate_identity,23,17.033537
lsp8,D3_deactivate_identity,24,22.688938
lsp8,D3_deactivate_identity,25,18.492082
lsp8,D3_deactivate_identity,26,23.516949
lsp8,D3_deactivate_identity,27,24.792092
lsp8,D3_deactivate_identity,28,26.28827
lsp8,D3_deactivate_identity,29,26.516876
lsp8,V3_anchor_status,0,15.165994
lsp8,V3_anchor_status,1,19.196119
lsp8,V3_anchor_status,2,18.395206
lsp8,V3_anchor_status,3,19.07168
lsp8,V3_anchor_status,4,17.224438
lsp8,V3_anchor_status,5,24.853105
lsp8,V3_anchor_status,6,24.169732
lsp8,V3_anchor_status,7,15.662824
lsp8,V3_anchor_status,8,18.626903
lsp8,V3_anchor_status,9,18.70544
lsp8,V3_anchor_status,10,16.356708
lsp8,V3_anchor_status,11,34.433432
lsp8,V3_anchor_status,12,23.211914
lsp8,V3_anchor_status,13,25.269959
lsp8,V3_anchor_status,14,20.146807
lsp8,V3_anchor_status,15,21.40266
lsp8,V3_anchor_status,16,20.697799
lsp8,V3_anchor_status,17,23.089173
lsp8,V3_anchor_status,18,17.093214
lsp8,V3_anchor_status,19,25.845301
lsp8,V3_anchor_status,20,34.462785
lsp8,V3_anchor_status,21,16.696807
lsp8,V3_anchor_status,22,18.137267
lsp8,V3_anchor_status,23,16.160258
lsp8,V3_anchor_status,24,16.936593
lsp8,V3_anchor_status,25,16.583226
lsp8,V3_anchor_status,26,19.404149
lsp8,V3_anchor_status,27,31.35237
lsp8,V3_anchor_status,28,28.998948
lsp8,V3_anchor_status,29,21.511455
lsp8,V5_revoke_credential,0,23.085452
lsp8,V5_revoke_credential,1,22.364233
lsp8,V5_revoke_credential,2,22.05066
lsp8,V5_revoke_credential,3,20.604182
lsp8,V5_revoke_credential,4,17.871633
lsp8,V5_revoke_credential,5,16.186385
lsp8,V5_revoke_credential,6,16.607445
lsp8,V5_revoke_credential,7,23.587706
lsp8,V5_revoke_credential,8,19.11062
lsp8,V5_revoke_credential,9,21.036485
lsp8,V5_revoke_credential,10,18.84892
lsp8,V5_revoke_credential,11,23.010309
lsp8,V5_revoke_credential,12,19.066994
lsp8,V5_revoke_credential,13,17.949415
lsp8,V5_revoke_credential,14,16.542386
lsp8,V5_revoke_credential,15,21.608617
lsp8,V5_revoke_credential,16,24.541862
lsp8,V5_revoke_credential,17,17.868781
lsp8,V5_revoke_credential,18,17.209786
lsp8,V5_revoke_credential,19,23.024825
lsp8,V5_revoke_credential,20,25.391952
lsp8,V5_revoke_credential,21,20.084493
lsp8,V5_revoke_credential,22,19.08793
lsp8,V5_revoke_credential,23,18.252041
lsp8,V5_revoke_credential,24,19.85172
lsp8,V5_revoke_credential,25,27.766629
lsp8,V5_revoke_credential,26,20.794272
lsp8,V5_revoke_credential,27,18.531754
lsp8,V5_revoke_credential,28,18.213241
lsp8,V5_revoke_credential,29,23.342938
lsp8,V6_status_check,0,1.673797
lsp8,V6_status_check,1,1.784864
lsp8,V6_status_check,2,1.926816
lsp8,V6_status_check,3,2.066541
lsp8,V6_status_check,4,2.442365
lsp8,V6_status_check,5,1.981791
lsp8,V6_status_check,6,1.958146
lsp8,V6_status_check,7,1.621547
lsp8,V6_status_check,8,1.677062
lsp8,V6_status_check,9,1.976811
lsp8,V6_status_check,10,1.718582
lsp8,V6_status_check,11,2.109882
lsp8,V6_status_check,12,2.079155
lsp8,V6_status_check,13,2.039125
lsp8,V6_status_check,14,1.835445
lsp8,V6_status_check,15,1.712186
lsp8,V6_status_check,16,1.914114
lsp8,V6_status_check,17,6.615033
lsp8,V6_status_check,18,2.924098
lsp8,V6_status_check,19,2.717173
lsp8,V6_status_check,20,2.590283
lsp8,V6_status_check,21,2.824267
lsp8,V6_status_check,22,3.142148
lsp8,V6_status_check,23,2.685296
lsp8,V6_status_check,24,2.745415
lsp8,V6_status_check,25,2.799394
lsp8,V6_status_check,26,2.893242
lsp8,V6_status_check,27,2.713504
lsp8,V6_status_check,28,2.288725
lsp8,V6_status_check,29,10.889313
